ra,dec,dist_au,zone
251.746902,-20.999649,9.040051,D
251.751197,-20.998816,9.040397,D
251.750335,-21.001393,9.039566,D
251.747542,-20.999074,9.040245,D
251.747085,-20.999228,9.040188,D
251.751959,-20.998968,9.040364,D
251.752821,-21.000714,9.039829,D
251.748625,-20.998669,9.040394,D
251.753322,-21.000294,9.039971,D
251.750841,-20.998753,9.040410,D
251.751084,-21.001380,9.039585,D
251.752799,-21.000849,9.039785,D
251.746895,-20.999386,9.040134,D
251.747394,-20.998985,9.040270,D
251.749913,-20.998597,9.040442,D
251.752947,-21.000742,9.039822,D
251.749664,-20.998598,9.040437,D
251.746700,-20.999582,9.040069,D
251.752172,-20.999111,9.040323,D
251.752240,-21.001160,9.039677,D
251.748465,-20.998772,9.040359,D
251.751171,-20.998785,9.040406,D
251.751905,-20.998950,9.040368,D
251.753148,-20.999642,9.040174,D
251.750862,-20.998762,9.040408,D
251.752029,-21.001086,9.039696,D
251.746902,-21.000142,9.039896,D
251.752333,-21.001137,9.039686,D
251.751782,-20.998976,9.040358,D
251.746804,-20.999527,9.040088,D
251.753072,-21.000274,9.039973,D
251.748553,-21.001139,9.039612,D
251.751476,-20.998805,9.040406,D
251.750964,-21.001393,9.039578,D
251.746812,-20.999424,9.040121,D
251.753177,-21.000175,9.040006,D
251.749838,-21.001339,9.039574,D
251.749421,-21.001342,9.039565,D
251.751172,-21.001266,9.039623,D
251.752768,-21.000731,9.039822,D
251.751698,-20.998944,9.040366,D
251.748521,-20.998804,9.040349,D
251.751107,-21.001330,9.039601,D
251.751856,-21.001261,9.039637,D
251.748628,-21.001155,9.039609,D
251.753237,-20.999809,9.040122,D
251.750878,-20.998705,9.040426,D
251.751531,-21.001286,9.039623,D
251.749958,-20.998695,9.040411,D
251.752650,-21.000992,9.039737,D
251.746783,-20.999942,9.039957,D
251.753231,-21.000543,9.039891,D
251.752519,-20.999195,9.040303,D
251.750627,-20.998679,9.040430,D
251.753061,-21.000635,9.039858,D
251.747822,-21.000885,9.039678,D
251.749877,-21.001391,9.039558,D
251.748067,-21.001004,9.039646,D
251.746915,-21.000289,9.039849,D
251.746732,-20.999576,9.040071,D
251.746737,-20.999750,9.040016,D
251.747865,-21.000933,9.039664,D
251.750462,-21.001418,9.039561,D
251.747341,-21.000723,9.039720,D
251.749857,-20.998644,9.040426,D
251.749468,-21.001303,9.039578,D
251.750266,-21.001391,9.039566,D
251.748949,-21.001267,9.039579,D
251.749253,-21.001338,9.039563,D
251.753080,-20.999620,9.040179,D
251.747010,-20.999255,9.040178,D
251.751172,-20.998737,9.040422,D
251.748371,-21.001135,9.039610,D
251.749413,-21.001352,9.039562,D
251.749404,-20.998616,9.040426,D
251.749518,-21.001295,9.039582,D
251.746866,-20.999612,9.040062,D
251.747421,-20.999006,9.040264,D
251.751285,-20.998869,9.040382,D
251.753324,-21.000125,9.040024,D
251.746718,-20.999613,9.040059,D
251.749581,-20.998606,9.040432,D
251.746757,-20.999966,9.039948,D
251.751920,-21.001237,9.039646,D
251.749149,-21.001239,9.039592,D
251.747109,-21.000591,9.039758,D
251.751946,-21.001085,9.039695,D
251.751788,-20.998997,9.040351,D
251.748447,-20.998757,9.040363,D
251.749057,-20.998644,9.040410,D
251.753049,-20.999649,9.040170,D
251.752912,-20.999427,9.040237,D
251.753294,-21.000002,9.040063,D
251.752629,-21.000823,9.039791,D
251.747146,-20.999183,9.040203,D
251.751428,-21.001269,9.039627,D
251.753283,-21.000185,9.040005,D
251.753048,-21.000269,9.039974,D
251.753088,-21.000467,9.039912,D
251.749969,-21.001351,9.039573,D
251.749624,-21.001334,9.039571,D
251.750338,-21.001379,9.039571,D
251.749114,-21.001189,9.039607,D
251.751540,-20.998860,9.040390,D
251.752518,-20.999255,9.040284,D
251.748086,-21.001070,9.039625,D
251.751788,-21.001203,9.039654,D
251.752542,-20.999194,9.040304,D
251.752123,-20.999110,9.040322,D
251.753361,-21.000310,9.039967,D
251.748236,-21.000951,9.039666,D
251.750271,-20.998614,9.040443,D
251.746855,-21.000168,9.039886,D
251.746725,-20.999876,9.039976,D
251.752094,-20.999050,9.040341,D
251.748169,-20.998861,9.040325,D
251.748364,-20.998716,9.040374,D
251.750939,-21.001383,9.039581,D
251.751730,-21.001295,9.039624,D
251.746922,-20.999276,9.040170,D
251.751240,-20.998791,9.040406,D
251.747000,-21.000459,9.039797,D
251.752342,-21.001039,9.039717,D
251.752483,-21.001046,9.039717,D
251.752796,-20.999413,9.040239,D
251.750968,-20.998732,9.040419,D
251.751676,-20.998890,9.040383,D
251.746893,-21.000079,9.039915,D
251.746987,-20.999429,9.040123,D
251.747923,-21.000938,9.039664,D
251.750904,-21.001380,9.039581,D
251.748090,-21.001063,9.039627,D
251.747751,-20.998857,9.040318,D
251.751879,-20.999075,9.040328,D
251.746837,-20.999502,9.040096,D
251.747048,-21.000365,9.039828,D
251.746683,-20.999952,9.039951,D
251.748151,-20.998809,9.040341,D
251.749122,-21.001220,9.039598,D
251.749559,-21.001272,9.039589,D
251.752449,-21.000972,9.039740,D
251.753099,-21.000234,9.039986,D
251.752690,-20.999499,9.040210,D
251.753055,-20.999781,9.040128,D
251.749625,-20.998641,9.040422,D
251.747025,-21.000510,9.039782,D
251.750984,-21.001285,9.039613,D
251.753274,-21.000354,9.039951,D
251.751490,-20.998839,9.040395,D
251.748026,-20.998830,9.040332,D
251.748148,-21.001037,9.039637,D
251.750695,-20.998680,9.040430,D
251.746848,-21.000347,9.039830,D
251.748448,-20.998694,9.040383,D
251.750657,-21.001338,9.039590,D
251.753345,-21.000194,9.040003,D
251.749369,-20.998634,9.040420,D
251.752294,-20.999125,9.040321,D
251.750966,-20.998734,9.040419,D
251.752164,-21.001180,9.039669,D
251.751910,-20.998969,9.040363,D
251.750705,-20.998690,9.040428,D
251.753342,-21.000052,9.040048,D
251.747459,-21.000765,9.039709,D
251.748918,-21.001231,9.039590,D
251.751111,-21.001357,9.039593,D
251.748921,-20.998644,9.040408,D
251.747296,-21.000538,9.039778,D
251.752439,-20.999301,9.040268,D
251.751966,-20.998958,9.040367,D
251.747666,-21.000903,9.039670,D
251.747345,-20.999086,9.040238,D
251.751777,-21.001218,9.039649,D
251.753213,-21.000449,9.039920,D
251.753267,-20.999902,9.040094,D
251.752340,-20.999108,9.040327,D
251.752902,-20.999537,9.040202,D
251.752217,-21.001046,9.039712,D
251.747032,-21.000482,9.039791,D
251.747604,-21.000755,9.039715,D
251.753077,-21.000625,9.039862,D
251.751161,-20.998735,9.040422,D
251.748890,-20.998705,9.040388,D
251.750927,-21.001316,9.039602,D
251.751982,-21.001174,9.039667,D
251.752581,-20.999345,9.040257,D
251.749679,-20.998607,9.040434,D
251.752797,-20.999419,9.040237,D
251.747062,-20.999212,9.040193,D
251.747178,-20.999132,9.040220,D
251.753151,-20.999702,9.040155,D
251.752996,-20.999523,9.040208,D
251.746972,-21.000369,9.039825,D
251.747516,-21.000765,9.039710,D
251.746749,-20.999913,9.039965,D
251.746895,-20.999806,9.040002,D
251.747974,-20.998782,9.040346,D
251.751808,-21.001142,9.039674,D
251.747407,-21.000741,9.039716,D
251.750754,-21.001360,9.039585,D
251.750678,-21.001350,9.039587,D
251.747111,-20.999164,9.040208,D
251.752349,-21.001097,9.039699,D
251.752350,-20.999195,9.040299,D
251.752066,-21.001142,9.039679,D
251.753348,-21.000210,9.039998,D
251.752401,-20.999314,9.040263,D
251.749705,-20.998654,9.040420,D
251.753326,-21.000066,9.040043,D
251.747664,-21.000724,9.039726,D
251.752923,-20.999527,9.040206,D
251.746759,-20.999854,9.039984,D
251.752691,-20.999342,9.040260,D
251.749393,-20.998659,9.040412,D
251.747498,-21.000808,9.039697,D
251.752434,-21.001091,9.039702,D
251.753258,-21.000370,9.039946,D
251.747094,-20.999139,9.040216,D
251.749567,-20.998627,9.040426,D
251.753034,-20.999792,9.040124,D
251.746816,-21.000259,9.039857,D
251.752338,-20.999124,9.040322,D
251.748031,-20.998798,9.040342,D
251.751793,-21.001190,9.039659,D
251.748422,-21.001107,9.039620,D
251.752493,-21.001013,9.039728,D
251.751864,-20.998990,9.040355,D
251.748618,-20.998662,9.040396,D
251.746869,-21.000103,9.039907,D
251.746883,-21.000161,9.039889,D
251.747193,-21.000610,9.039753,D
251.746842,-21.000107,9.039905,D
251.750910,-20.998755,9.040411,D
251.748347,-20.998722,9.040372,D
251.746727,-20.999993,9.039939,D
251.747029,-21.000354,9.039831,D
251.747000,-21.000348,9.039832,D
251.749388,-21.001345,9.039563,D
251.752342,-21.000946,9.039746,D
251.749742,-21.001306,9.039583,D
251.752732,-20.999427,9.040234,D
251.747184,-21.000450,9.039804,D
251.750667,-21.001411,9.039567,D
251.746786,-20.999863,9.039981,D
251.749205,-21.001261,9.039586,D
251.751494,-21.001320,9.039612,D
251.751241,-20.998817,9.040398,D
251.747263,-20.999140,9.040219,D
251.747932,-20.998800,9.040339,D
251.746849,-21.000076,9.039915,D
251.752885,-20.999539,9.040201,D
251.751327,-21.001351,9.039599,D
251.746624,-20.999774,9.040007,D
251.749311,-21.001337,9.039564,D
251.751486,-20.998899,9.040376,D
251.749578,-20.998618,9.040429,D
251.748170,-21.001019,9.039643,D
251.753247,-21.000196,9.040000,D
251.753229,-20.999801,9.040125,D
251.749668,-21.001268,9.039593,D
251.753346,-21.000317,9.039964,D
251.748309,-21.000994,9.039653,D
251.748147,-20.998789,9.040347,D
251.749198,-20.998685,9.040400,D
251.747761,-21.000911,9.039669,D
251.753258,-21.000282,9.039973,D
251.748784,-20.998685,9.040392,D
251.749968,-21.001322,9.039582,D
251.752441,-20.999167,9.040310,D
251.753258,-20.999808,9.040123,D
251.752410,-20.999323,9.040260,D
251.753048,-21.000574,9.039877,D
251.747246,-20.999159,9.040213,D
251.747794,-20.998838,9.040325,D
251.753365,-21.000098,9.040034,D
251.748551,-20.998706,9.040381,D
251.751874,-20.999050,9.040336,D
251.751485,-21.001294,9.039620,D
251.753318,-21.000128,9.040023,D
251.748876,-20.998688,9.040393,D
251.753323,-21.000133,9.040022,D
251.748661,-21.001163,9.039607,D
251.747195,-20.999204,9.040198,D
251.750287,-21.001381,9.039569,D
251.752913,-21.000728,9.039826,D
251.752880,-21.000851,9.039787,D
251.746667,-20.999600,9.040062,D
251.746898,-20.999356,9.040144,D
251.748566,-21.001210,9.039590,D
251.753267,-21.000492,9.039907,D
251.749295,-20.998627,9.040420,D
251.749195,-21.001272,9.039583,D
251.747999,-21.000964,9.039657,D
251.748046,-21.000981,9.039652,D
251.752377,-21.001074,9.039706,D
251.749487,-20.998621,9.040426,D
251.750036,-21.001358,9.039572,D
251.746778,-21.000241,9.039862,D
251.747846,-20.998854,9.040321,D
251.750371,-21.001406,9.039563,D
251.749064,-21.001224,9.039595,D
251.748793,-20.998660,9.040400,D
251.747409,-21.000691,9.039732,D
251.752546,-20.999230,9.040292,D
251.747170,-21.000527,9.039779,D
251.751786,-21.001144,9.039673,D
251.749431,-20.998658,9.040413,D
251.752974,-21.000713,9.039832,D
251.747920,-20.998796,9.040341,D
251.747586,-20.999032,9.040260,D
251.748858,-20.998743,9.040375,D
251.748276,-21.001062,9.039631,D
251.747891,-20.998965,9.040287,D
251.752205,-21.001157,9.039677,D
251.750198,-20.998603,9.040445,D
251.753129,-21.000490,9.039905,D
251.748642,-20.998710,9.040382,D
251.749817,-20.998605,9.040437,D
251.747497,-21.000688,9.039734,D
251.751187,-21.001293,9.039614,D
251.746795,-21.000226,9.039867,D
251.751888,-20.998946,9.040370,D
251.746698,-20.999781,9.040006,D
251.753168,-21.000073,9.040038,D
251.749417,-20.998593,9.040433,D
251.746684,-20.999687,9.040035,D
251.748064,-21.000958,9.039660,D
251.750073,-21.001412,9.039555,D
251.750884,-21.001406,9.039573,D
251.749307,-21.001266,9.039587,D
251.753372,-21.000211,9.039998,D
251.746966,-20.999468,9.040110,D
251.753232,-21.000309,9.039965,D
251.749946,-20.998676,9.040417,D
251.747953,-20.998931,9.040298,D
251.747154,-20.999285,9.040171,D
251.753337,-21.000285,9.039974,D
251.746802,-20.999669,9.040043,D
251.747527,-20.998999,9.040269,D
251.749940,-20.998596,9.040442,D
251.752847,-21.000877,9.039778,D
251.750528,-20.998646,9.040438,D
251.752737,-20.999307,9.040272,D
251.753075,-21.000246,9.039981,D
251.752539,-20.999287,9.040274,D
251.746928,-21.000164,9.039889,D
251.753127,-21.000328,9.039957,D
251.749659,-20.998653,9.040419,D
251.749040,-21.001252,9.039586,D
251.753298,-21.000201,9.040000,D
251.752861,-21.000760,9.039815,D
251.753180,-20.999736,9.040145,D
251.749921,-20.998630,9.040431,D
251.747467,-21.000683,9.039735,D
251.751333,-20.998816,9.040400,D
251.753188,-21.000301,9.039966,D
251.750968,-20.998765,9.040409,D
251.752354,-21.001057,9.039711,D
251.747561,-20.998947,9.040286,D
251.746732,-20.999947,9.039954,D
251.751457,-20.998839,9.040395,D
251.747126,-20.999158,9.040211,D
251.750180,-21.001403,9.039560,D
251.747838,-21.000959,9.039656,D
251.747267,-20.999079,9.040238,D
251.749854,-20.998607,9.040437,D
251.749301,-21.001336,9.039564,D
251.747145,-20.999106,9.040228,D
251.753311,-21.000286,9.039973,D
251.747588,-20.998911,9.040298,D
251.752677,-20.999377,9.040248,D
251.750652,-21.001323,9.039594,D
251.746944,-21.000415,9.039810,D
251.751014,-21.001395,9.039579,D
251.750453,-20.998672,9.040428,D
251.748228,-21.001041,9.039637,D
251.751656,-21.001312,9.039617,D
251.746681,-20.999577,9.040070,D
251.747043,-21.000510,9.039782,D
251.753358,-21.000222,9.039994,D
251.748928,-21.001239,9.039588,D
251.748276,-20.998701,9.040377,D
251.750853,-20.998759,9.040408,D
251.746751,-21.000200,9.039874,D
251.748339,-21.001109,9.039618,D
251.753038,-21.000496,9.039902,D
251.753024,-21.000625,9.039861,D
251.746886,-20.999427,9.040121,D
251.752800,-20.999454,9.040226,D
251.747247,-21.000606,9.039756,D
251.753318,-21.000316,9.039964,D
251.750290,-21.001373,9.039572,D
251.752873,-21.000846,9.039788,D
251.746724,-20.999692,9.040034,D
251.746881,-21.000073,9.039917,D
251.748798,-21.001242,9.039584,D
251.750517,-20.998684,9.040426,D
251.749424,-20.998656,9.040414,D
251.748538,-20.998683,9.040388,D
251.749924,-21.001375,9.039564,D
251.751157,-21.001280,9.039618,D
251.752611,-21.001020,9.039728,D
251.752636,-20.999324,9.040264,D
251.748341,-21.001114,9.039616,D
251.746864,-21.000373,9.039822,D
251.747831,-21.000917,9.039669,D
251.749838,-20.998585,9.040444,D
251.751458,-21.001205,9.039647,D
251.751645,-21.001262,9.039633,D
251.746749,-20.999569,9.040074,D
251.751057,-20.998769,9.040409,D
251.750830,-20.998676,9.040434,D
251.749734,-20.998638,9.040425,D
251.753233,-21.000477,9.039911,D
251.752852,-21.000870,9.039780,D
251.747398,-20.999016,9.040261,D
251.753261,-21.000434,9.039925,D
251.747993,-21.000947,9.039662,D
251.746962,-20.999369,9.040141,D
251.753273,-20.999864,9.040106,D
251.746929,-21.000362,9.039827,D
251.748940,-20.998628,9.040413,D
251.748155,-21.001034,9.039638,D
251.751077,-21.001335,9.039599,D
251.749166,-21.001322,9.039566,D
251.748670,-20.998671,9.040394,D
251.749604,-20.998638,9.040423,D
251.746861,-21.000278,9.039852,D
251.753304,-21.000221,9.039994,D
251.751577,-20.998833,9.040399,D
251.750051,-21.001397,9.039560,D
251.749329,-20.998644,9.040415,D
251.753114,-21.000145,9.040014,D
251.747097,-21.000563,9.039766,D
251.750612,-20.998663,9.040434,D
251.752588,-20.999249,9.040287,D
251.747099,-21.000423,9.039811,D
251.752146,-21.001156,9.039676,D
251.748640,-21.001122,9.039619,D
251.750047,-21.001388,9.039562,D
251.747864,-21.000971,9.039652,D
251.749229,-21.001298,9.039575,D
251.752798,-20.999442,9.040230,D
251.751432,-20.998888,9.040379,D
251.753253,-20.999883,9.040099,D
251.751664,-20.998966,9.040359,D
251.752118,-21.001172,9.039670,D
251.751184,-20.998784,9.040407,D
251.747981,-20.998838,9.040328,D
251.749614,-21.001363,9.039562,D
251.752628,-20.999373,9.040249,D
251.747243,-20.999182,9.040205,D
251.753325,-21.000095,9.040034,D
251.750442,-20.998704,9.040418,D
251.747165,-21.000627,9.039747,D
251.747845,-20.998843,9.040324,D
251.749796,-21.001302,9.039585,D
251.750818,-21.001364,9.039585,D
251.753343,-21.000153,9.040016,D
251.747040,-20.999223,9.040189,D
251.747863,-20.998860,9.040319,D
251.753069,-21.000433,9.039922,D
251.746805,-20.999627,9.040056,D
251.752063,-20.999045,9.040342,D
251.753318,-21.000015,9.040059,D
251.751104,-20.998810,9.040397,D
251.747509,-20.999074,9.040245,D
251.753267,-20.999917,9.040089,D
251.751399,-21.001283,9.039621,D
251.752277,-21.001147,9.039681,D
251.750459,-20.998652,9.040435,D
251.748840,-20.998746,9.040374,D
251.750774,-21.001405,9.039571,D
251.751845,-21.001223,9.039649,D
251.748831,-21.001196,9.039600,D
251.747063,-20.999453,9.040117,D
251.748290,-21.001023,9.039644,D
251.753066,-21.000254,9.039979,D
251.753324,-21.000060,9.040045,D
251.747982,-21.000995,9.039647,D
251.751136,-21.001357,9.039593,D
251.751575,-21.001252,9.039635,D
251.752340,-21.001005,9.039727,D
251.747807,-20.998863,9.040317,D
251.746949,-20.999349,9.040147,D
251.746761,-20.999510,9.040092,D
251.753351,-21.000310,9.039966,D
251.753158,-20.999725,9.040148,D
251.748220,-20.998726,9.040368,D
251.747004,-20.999336,9.040152,D
251.746624,-20.999750,9.040014,D
251.753122,-20.999667,9.040165,D
251.747767,-21.000933,9.039662,D
251.746648,-21.000007,9.039933,D
251.750661,-21.001325,9.039594,D
251.751586,-20.998896,9.040379,D
251.750466,-21.001349,9.039583,D
251.752523,-20.999388,9.040242,D
251.746828,-21.000051,9.039923,D
251.746841,-21.000121,9.039901,D
251.752966,-20.999466,9.040226,D
251.746801,-20.999896,9.039971,D
251.751639,-21.001280,9.039627,D
251.748975,-20.998616,9.040418,D
251.746705,-20.999678,9.040038,D
251.749697,-21.001368,9.039562,D
251.750321,-20.998651,9.040432,D
251.749240,-21.001298,9.039575,D
251.746627,-20.999760,9.040011,D
251.748829,-21.001213,9.039594,D
251.748606,-21.001100,9.039626,D
251.746836,-20.999922,9.039964,D
251.752378,-21.000953,9.039745,D
251.746734,-20.999478,9.040102,D
251.748944,-21.001253,9.039584,D
251.751496,-21.001305,9.039616,D
251.752441,-20.999201,9.040300,D
251.750434,-20.998699,9.040420,D
251.747277,-21.000522,9.039783,D
251.752581,-21.001024,9.039726,D
251.753010,-21.000668,9.039847,D
251.749075,-21.001293,9.039574,D
251.752018,-21.001197,9.039661,D
251.751579,-20.998895,9.040379,D
251.747099,-21.000554,9.039769,D
251.752181,-21.001116,9.039689,D
251.751327,-21.001359,9.039596,D
251.753153,-21.000549,9.039887,D
251.750567,-21.001405,9.039567,D
251.750641,-21.001306,9.039600,D
251.748859,-20.998740,9.040376,D
251.746711,-20.999677,9.040039,D
251.748973,-20.998666,9.040402,D
251.748047,-20.998811,9.040338,D
251.753334,-21.000143,9.040019,D
251.748630,-20.998698,9.040385,D
251.752004,-21.001116,9.039686,D
251.752119,-21.001178,9.039669,D
251.746882,-20.999598,9.040067,D
251.746944,-21.000299,9.039847,D
251.747169,-20.999274,9.040175,D
251.751759,-21.001253,9.039638,D
251.746754,-20.999957,9.039951,D
251.748524,-21.001155,9.039607,D
251.752919,-21.000709,9.039832,D
251.746775,-21.000176,9.039882,D
251.748644,-21.001127,9.039618,D
251.747079,-21.000380,9.039824,D
251.748589,-21.001214,9.039589,D
251.753028,-21.000594,9.039871,D
251.748545,-21.001181,9.039599,D
251.752779,-21.000716,9.039827,D
251.748711,-20.998663,9.040398,D
251.750702,-21.001401,9.039571,D
251.752713,-21.000873,9.039776,D
251.752160,-20.999073,9.040334,D
251.752387,-20.999180,9.040305,D
251.748333,-20.998754,9.040362,D
251.753158,-21.000471,9.039912,D
251.747692,-21.000791,9.039706,D
251.747157,-21.000601,9.039755,D
251.748520,-20.998691,9.040385,D
251.751320,-20.998884,9.040378,D
251.750289,-21.001366,9.039574,D
251.753164,-21.000206,9.039996,D
251.752423,-21.001082,9.039705,D
251.750608,-20.998732,9.040412,D
251.748762,-21.001218,9.039591,D
251.746728,-20.999520,9.040089,D
251.752764,-21.000936,9.039757,D
251.747024,-21.000516,9.039780,D
251.751646,-20.998849,9.040395,D
251.750849,-20.998700,9.040427,D
251.747414,-21.000743,9.039715,D
251.748954,-20.998613,9.040418,D
251.748828,-20.998627,9.040411,D
251.749204,-20.998698,9.040396,D
251.752413,-20.999312,9.040264,D
251.747181,-20.999329,9.040158,D
251.749300,-20.998613,9.040425,D
251.747043,-21.000363,9.039828,D
251.748741,-21.001200,9.039597,D
251.753161,-20.999716,9.040151,D
251.753176,-20.999937,9.040081,D
251.748213,-20.998728,9.040368,D
251.750234,-21.001387,9.039566,D
251.747450,-20.998988,9.040271,D
251.753130,-21.000649,9.039855,D
251.746924,-21.000182,9.039883,D
251.753075,-20.999593,9.040188,D
251.746769,-20.999706,9.040031,D
251.750077,-20.998632,9.040434,D
251.752149,-20.999090,9.040329,D
251.751468,-20.998869,9.040386,D
251.747007,-21.000386,9.039820,D
251.752080,-21.001039,9.039712,D
251.747116,-21.000594,9.039757,D
251.747882,-21.000842,9.039693,D
251.749457,-20.998671,9.040409,D
251.747855,-20.998853,9.040321,D
251.753151,-20.999944,9.040078,D
251.747292,-20.999053,9.040247,D
251.749874,-21.001364,9.039567,D
251.750661,-20.998670,9.040433,D
251.747596,-20.998974,9.040278,D
251.749801,-21.001379,9.039560,D
251.747784,-20.998887,9.040309,D
251.747268,-20.999214,9.040196,D
251.750577,-21.001373,9.039577,D
251.748710,-21.001231,9.039586,D
251.749250,-21.001330,9.039565,D
251.748148,-20.998774,9.040352,D
251.750248,-20.998640,9.040435,D
251.750553,-20.998767,9.040400,D
251.752373,-20.999141,9.040317,D
251.746745,-20.999995,9.039939,D
251.747769,-20.998869,9.040315,D
251.750479,-21.001410,9.039564,D
251.750906,-20.998704,9.040427,D
251.746826,-21.000021,9.039932,D
251.750771,-21.001388,9.039576,D
251.749558,-20.998578,9.040441,D
251.751774,-21.001285,9.039628,D
251.749888,-20.998618,9.040434,D
251.747990,-21.000903,9.039676,D
251.747060,-20.999232,9.040186,D
251.752967,-20.999607,9.040181,D
251.748946,-21.001190,9.039604,D
251.751997,-21.001177,9.039666,D
251.750464,-20.998672,9.040429,D
251.752435,-20.999159,9.040313,D
251.753267,-21.000360,9.039949,D
251.751699,-21.001246,9.039639,D
251.750694,-20.998664,9.040435,D
251.751205,-20.998824,9.040395,D
251.752817,-20.999533,9.040202,D
251.748392,-21.001090,9.039625,D
251.749162,-20.998650,9.040411,D
251.751716,-21.001294,9.039624,D
251.749364,-21.001248,9.039594,D
251.752492,-20.999205,9.040299,D
251.746840,-20.999784,9.040008,D
251.750634,-20.998670,9.040432,D
251.751197,-21.001310,9.039609,D
251.752927,-20.999711,9.040148,D
251.750381,-21.001297,9.039598,D
251.751220,-21.001340,9.039600,D
251.747489,-21.000792,9.039702,D
251.749978,-21.001389,9.039561,D
251.748573,-20.998776,9.040359,D
251.753082,-21.000007,9.040057,D
251.750510,-20.998658,9.040434,D
251.748012,-21.000961,9.039658,D
251.753160,-21.000395,9.039936,D
251.746843,-20.999761,9.040015,D
251.753082,-20.999803,9.040121,D
251.753237,-20.999864,9.040105,D
251.750811,-21.001360,9.039586,D
251.751915,-20.999081,9.040327,D
251.747135,-20.999186,9.040202,D
251.748926,-20.998699,9.040391,D
251.748876,-20.998695,9.040391,D
251.752799,-21.000805,9.039800,D
251.748151,-21.001077,9.039624,D
251.752012,-21.001191,9.039662,D
251.751645,-21.001207,9.039650,D
251.748395,-20.998700,9.040380,D
251.750880,-21.001391,9.039577,D
251.748361,-21.001148,9.039606,D
251.752781,-21.000708,9.039830,D
251.753231,-21.000250,9.039983,D
251.749971,-21.001333,9.039578,D
251.752312,-20.999130,9.040319,D
251.746628,-20.999756,9.040012,D
251.746788,-20.999536,9.040085,D
251.750997,-20.998750,9.040414,D
251.753337,-20.999968,9.040074,D
251.748924,-20.998713,9.040386,D
251.747560,-20.998921,9.040294,D
251.747574,-20.998920,9.040295,D
251.746805,-20.999936,9.039959,D
251.753195,-20.999698,9.040157,D
251.750120,-20.998666,9.040424,D
251.752574,-21.000963,9.039745,D
251.747547,-21.000769,9.039710,D
251.751617,-20.998885,9.040384,D
251.749624,-20.998584,9.040440,D
251.746924,-21.000432,9.039804,D
251.749174,-20.998661,9.040407,D
251.748904,-20.998653,9.040405,D
251.752562,-21.001013,9.039729,D
251.746691,-20.999853,9.039983,D
251.752951,-20.999482,9.040220,D
251.753078,-21.000687,9.039842,D
251.749723,-21.001372,9.039561,D
251.752698,-20.999327,9.040265,D
251.748370,-20.998699,9.040380,D
251.748880,-21.001225,9.039592,D
251.752488,-20.999192,9.040303,D
251.752452,-21.000960,9.039744,D
251.747381,-20.999012,9.040262,D
251.748646,-20.998670,9.040394,D
251.747660,-20.999014,9.040266,D
251.753350,-21.000041,9.040051,D
251.750828,-21.001389,9.039577,D
251.752940,-20.999525,9.040207,D
251.749347,-20.998602,9.040429,D
251.751369,-21.001294,9.039617,D
251.746751,-20.999572,9.040073,D
251.752531,-20.999218,9.040296,D
251.749682,-20.998607,9.040434,D
251.750054,-21.001318,9.039585,D
251.748547,-21.001191,9.039596,D
251.747813,-21.000960,9.039654,D
251.753348,-21.000348,9.039954,D
251.749698,-21.001318,9.039578,D
251.746809,-21.000035,9.039928,D
251.750649,-20.998684,9.040428,D
251.752090,-21.001138,9.039681,D
251.746839,-20.999738,9.040022,D
251.747182,-21.000642,9.039743,D
251.753254,-21.000149,9.040015,D
251.747740,-21.000831,9.039694,D
251.747208,-21.000610,9.039754,D
251.751965,-20.998958,9.040367,D
251.751166,-20.998818,9.040396,D
251.750303,-20.998615,9.040443,D
251.751624,-20.998948,9.040364,D
251.751400,-21.001278,9.039623,D
251.752783,-21.000890,9.039772,D
251.753164,-20.999727,9.040147,D
251.747816,-20.998880,9.040312,D
251.746809,-21.000296,9.039845,D
251.746650,-20.999775,9.040007,D
251.749820,-21.001284,9.039591,D
251.752604,-20.999245,9.040289,D
251.753222,-20.999744,9.040143,D
251.751091,-20.998739,9.040419,D
251.746690,-20.999654,9.040046,D
251.746818,-21.000097,9.039908,D
251.751697,-21.001183,9.039659,D
251.746840,-20.999449,9.040113,D
251.752764,-21.000919,9.039763,D
251.747646,-20.998873,9.040311,D
251.751084,-21.001388,9.039582,D
251.752627,-20.999242,9.040290,D
251.750148,-20.998605,9.040444,D
251.752046,-20.999064,9.040335,D
251.749185,-20.998712,9.040391,D
251.747057,-21.000342,9.039835,D
251.748960,-21.001256,9.039583,D
251.750637,-20.998697,9.040424,D
251.747177,-20.999092,9.040233,D
251.752471,-21.000989,9.039735,D
251.751503,-21.001260,9.039631,D
251.753183,-21.000628,9.039863,D
251.752237,-20.999171,9.040305,D
251.747376,-21.000598,9.039761,D
251.752760,-21.000863,9.039780,D
251.748923,-21.001236,9.039589,D
251.747079,-21.000279,9.039856,D
251.753027,-20.999757,9.040135,D
251.751904,-21.001133,9.039679,D
251.752893,-20.999410,9.040242,D
251.751074,-21.001382,9.039584,D
251.747307,-20.999111,9.040229,D
251.753033,-20.999681,9.040159,D
251.751710,-20.998917,9.040375,D
251.750215,-21.001385,9.039567,D
251.752738,-21.000812,9.039796,D
251.752928,-20.999487,9.040218,D
251.746663,-20.999846,9.039985,D
251.746904,-20.999312,9.040158,D
251.753115,-21.000588,9.039874,D
251.747299,-20.999113,9.040228,D
251.747785,-20.998897,9.040306,D
251.748974,-20.998607,9.040421,D
251.749731,-20.998651,9.040421,D
251.748388,-21.001158,9.039603,D
251.753202,-21.000447,9.039920,D
251.747936,-20.998789,9.040343,D
251.748221,-20.998837,9.040333,D
251.747327,-20.999006,9.040263,D
251.748546,-20.998772,9.040360,D
251.747021,-20.999307,9.040162,D
251.752855,-20.999507,9.040211,D
251.747971,-20.998792,9.040343,D
251.748052,-21.001022,9.039640,D
251.753129,-21.000506,9.039900,D
251.752232,-20.999119,9.040321,D
251.750217,-20.998635,9.040436,D
251.748865,-20.998628,9.040412,D
251.747318,-20.999132,9.040223,D
251.749453,-20.998670,9.040410,D
251.749136,-21.001314,9.039568,D
251.747488,-20.999077,9.040243,D
251.747653,-20.998903,9.040302,D
251.750627,-20.998735,9.040412,D
251.747053,-21.000524,9.039778,D
251.746889,-20.999708,9.040032,D
251.748007,-20.998871,9.040318,D
251.748919,-21.001275,9.039576,D
251.753216,-21.000288,9.039971,D
251.752109,-20.999069,9.040335,D
251.746837,-21.000185,9.039881,D
251.752433,-20.999183,9.040305,D
251.753310,-21.000413,9.039933,D
251.748853,-20.998635,9.040409,D
251.752295,-20.999169,9.040307,D
251.751644,-20.998854,9.040394,D
251.746673,-20.999723,9.040023,D
251.752005,-20.999080,9.040329,D
251.748062,-21.001023,9.039639,D
251.746835,-20.999439,9.040116,D
251.748030,-20.998916,9.040305,D
251.750824,-20.998749,9.040411,D
251.746673,-20.999769,9.040009,D
251.749597,-20.998620,9.040428,D
251.746798,-20.999860,9.039983,D
251.749114,-20.998623,9.040418,D
251.748142,-20.998842,9.040330,D
251.748415,-21.001104,9.039621,D
251.751826,-20.999016,9.040346,D
251.749194,-21.001314,9.039569,D
251.753227,-21.000384,9.039941,D
251.746854,-21.000339,9.039832,D
251.749046,-20.998712,9.040389,D
251.746760,-21.000107,9.039904,D
251.753034,-20.999649,9.040169,D
251.750862,-20.998746,9.040413,D
251.752955,-20.999621,9.040176,D
251.748541,-20.998686,9.040387,D
251.746983,-20.999288,9.040167,D
251.748044,-20.998770,9.040351,D
251.747296,-20.999156,9.040215,D
251.751532,-21.001209,9.039647,D
251.747085,-20.999219,9.040191,D
251.752760,-21.000899,9.039769,D
251.753061,-21.000743,9.039824,D
251.751352,-21.001292,9.039618,D
251.749772,-21.001392,9.039556,D
251.752121,-21.001171,9.039671,D
251.750881,-20.998688,9.040432,D
251.748587,-21.001190,9.039597,D
251.747029,-21.000419,9.039810,D
251.752997,-20.999621,9.040177,D
251.751909,-21.001234,9.039647,D
251.753166,-21.000612,9.039868,D
251.752710,-20.999368,9.040252,D
251.749789,-21.001331,9.039575,D
251.748282,-21.001095,9.039621,D
251.748461,-20.998776,9.040357,D
251.750528,-21.001401,9.039567,D
251.750907,-20.998769,9.040406,D
251.746782,-20.999953,9.039953,D
251.753034,-20.999772,9.040130,D
251.752420,-21.000988,9.039734,D
251.747089,-20.999343,9.040152,D
251.753270,-21.000389,9.039940,D
251.750288,-21.001380,9.039569,D
251.747180,-20.999278,9.040174,D
251.748116,-21.001067,9.039627,D
251.753308,-21.000071,9.040041,D
251.749095,-21.001251,9.039587,D
251.750727,-20.998683,9.040430,D
251.751029,-20.998781,9.040405,D
251.753349,-21.000013,9.040060,D
251.746950,-20.999880,9.039979,D
251.752327,-20.999184,9.040303,D
251.750043,-21.001365,9.039569,D
251.752823,-21.000866,9.039781,D
251.746828,-21.000205,9.039874,D
251.750135,-20.998683,9.040419,D
251.749096,-21.001305,9.039570,D
251.747097,-21.000500,9.039786,D
251.746785,-21.000028,9.039929,D
251.749723,-21.001374,9.039560,D
251.746925,-20.999307,9.040160,D
251.747792,-20.998828,9.040328,D
251.750375,-21.001317,9.039591,D
251.747387,-20.999101,9.040234,D
251.748644,-21.001206,9.039593,D
251.748998,-20.998685,9.040396,D
251.748038,-20.998869,9.040320,D
251.746746,-21.000149,9.039890,D
251.751773,-21.001226,9.039647,D
251.748185,-20.998842,9.040331,D
251.747745,-21.000864,9.039684,D
251.749483,-20.998636,9.040421,D
251.747354,-21.000588,9.039763,D
251.746860,-21.000022,9.039933,D
251.747692,-20.998907,9.040301,D
251.751792,-20.998966,9.040361,D
251.751327,-21.001312,9.039611,D
251.753101,-21.000593,9.039872,D
251.748673,-20.998761,9.040366,D
251.751706,-21.001273,9.039631,D
251.753330,-21.000048,9.040049,D
251.753198,-20.999732,9.040146,D
251.750009,-21.001405,9.039556,D
251.746708,-21.000050,9.039921,D
251.747115,-20.999295,9.040167,D
251.747813,-21.000870,9.039683,D
251.752807,-20.999361,9.040256,D
251.748940,-21.001278,9.039576,D
251.747350,-21.000671,9.039737,D
251.752758,-21.000915,9.039764,D
251.748335,-20.998751,9.040363,D
251.753134,-20.999888,9.040096,D
251.751551,-21.001329,9.039610,D
251.750280,-21.001370,9.039573,D
251.753248,-21.000418,9.039930,D
251.748017,-21.000942,9.039664,D
251.749003,-20.998621,9.040417,D
251.751531,-20.998848,9.040394,D
251.753356,-21.000168,9.040012,D
251.752022,-21.001219,9.039654,D
251.751639,-20.998874,9.040387,D
251.746687,-20.999709,9.040028,D
251.750266,-20.998702,9.040415,D
251.751116,-20.998781,9.040407,D
251.751226,-20.998753,9.040418,D
251.747489,-20.999033,9.040257,D
251.748125,-21.001065,9.039627,D
251.749176,-20.998641,9.040414,D
251.753339,-21.000109,9.040030,D
251.746869,-21.000184,9.039882,D
251.751988,-20.999057,9.040336,D
251.753172,-20.999755,9.040138,D
251.750211,-20.998660,9.040428,D
251.748097,-21.001059,9.039629,D
251.747063,-20.999293,9.040167,D
251.751484,-20.998831,9.040398,D
251.747660,-20.998939,9.040290,D
251.750729,-20.998678,9.040432,D
251.753244,-21.000053,9.040046,D
251.748633,-21.001152,9.039610,D
251.753172,-21.000572,9.039880,D
251.752973,-21.000708,9.039834,D
251.749239,-21.001275,9.039582,D
251.748883,-20.998723,9.040382,D
251.749334,-20.998723,9.040391,D
251.746778,-20.999473,9.040105,D
251.750451,-21.001366,9.039577,D
251.747606,-20.999016,9.040265,D
251.752676,-21.000777,9.039806,D
251.753263,-21.000384,9.039941,D
251.751048,-21.001385,9.039582,D
251.752336,-21.001111,9.039694,D
251.748279,-20.998773,9.040354,D
251.747432,-20.999124,9.040227,D
251.749694,-20.998660,9.040417,D
251.751574,-20.998830,9.040400,D
251.750203,-20.998673,9.040423,D
251.747419,-21.000734,9.039718,D
251.753271,-20.999865,9.040105,D
251.753279,-20.999846,9.040112,D
251.752663,-21.000987,9.039739,D
251.752401,-21.001062,9.039710,D
251.748222,-20.998715,9.040372,D
251.752905,-21.000724,9.039827,D
251.751728,-20.999000,9.040349,D
251.751816,-20.998981,9.040357,D
251.746735,-21.000011,9.039934,D
251.749120,-21.001321,9.039566,D
251.746686,-21.000108,9.039902,D
251.747887,-21.000840,9.039694,D
251.752778,-20.999488,9.040215,D
251.748151,-21.001075,9.039625,D
251.747350,-20.999038,9.040253,D
251.753179,-21.000510,9.039900,D
251.750282,-20.998624,9.040440,D
251.751318,-21.001317,9.039609,D
251.748082,-20.998883,9.040316,D
251.752298,-20.999245,9.040283,D
251.748796,-21.001230,9.039588,D
251.752347,-20.999106,9.040328,D
251.748205,-20.998847,9.040330,D
251.748198,-21.001052,9.039633,D
251.752077,-20.999128,9.040315,D
251.747761,-21.000854,9.039687,D
251.752010,-21.001227,9.039651,D
251.749776,-20.998624,9.040431,D
251.750537,-21.001366,9.039579,D
251.747548,-21.000850,9.039684,D
251.747035,-21.000464,9.039796,D
251.751733,-20.998943,9.040367,D
251.748560,-21.001181,9.039599,D
251.749582,-21.001288,9.039585,D
251.753114,-21.000208,9.039994,D
251.746794,-20.999889,9.039973,D
251.751672,-21.001244,9.039639,D
251.746817,-20.999727,9.040025,D
251.748708,-20.998666,9.040397,D
251.753183,-20.999927,9.040084,D
251.747079,-20.999422,9.040126,D
251.751898,-20.998952,9.040368,D
251.753219,-21.000250,9.039983,D
251.748218,-20.998753,9.040360,D
251.746858,-20.999353,9.040144,D
251.752378,-21.000996,9.039731,D
251.753310,-21.000383,9.039943,D
251.749572,-20.998672,9.040412,D
251.749702,-21.001296,9.039585,D
251.753235,-21.000526,9.039896,D
251.748695,-20.998638,9.040405,D
251.750099,-20.998687,9.040417,D
251.746721,-20.999501,9.040094,D
251.749570,-21.001315,9.039576,D
251.752427,-21.000999,9.039731,D
251.751518,-20.998819,9.040402,D
251.753097,-21.000366,9.039944,D
251.751905,-20.998964,9.040364,D
251.752663,-21.000958,9.039748,D
251.752982,-20.999534,9.040205,D
251.747134,-21.000501,9.039787,D
251.752942,-20.999622,9.040176,D
251.749930,-21.001309,9.039585,D
251.752374,-20.999192,9.040301,D
251.752133,-21.001145,9.039679,D
251.747792,-21.000897,9.039674,D
251.749216,-21.001313,9.039570,D
251.747783,-21.000795,9.039706,D
251.753099,-21.000209,9.039994,D
251.751786,-20.998900,9.040382,D
251.752663,-20.999277,9.040280,D
251.752752,-20.999425,9.040235,D
251.751295,-21.001299,9.039614,D
251.747820,-21.000924,9.039666,D
251.752121,-20.999009,9.040354,D
251.753107,-21.000459,9.039915,D
251.747141,-21.000433,9.039808,D
251.753167,-21.000322,9.039959,D
251.753233,-21.000119,9.040025,D
251.751087,-20.998798,9.040401,D
251.752544,-21.000903,9.039764,D
251.753277,-21.000338,9.039956,D
251.752818,-20.999526,9.040204,D
251.753023,-20.999765,9.040132,D
251.753029,-20.999789,9.040125,D
251.747158,-21.000611,9.039752,D
251.748653,-21.001204,9.039594,D
251.747590,-20.998978,9.040277,D
251.752819,-21.000866,9.039781,D
251.752974,-21.000806,9.039802,D
251.747429,-21.000776,9.039705,D
251.749574,-21.001302,9.039581,D
251.747579,-21.000853,9.039684,D
251.748321,-21.001080,9.039626,D
251.751182,-21.001308,9.039609,D
251.748482,-21.001150,9.039608,D
251.746743,-21.000127,9.039897,D
251.749409,-20.998680,9.040406,D
251.749062,-21.001247,9.039588,D
251.751233,-21.001338,9.039601,D
251.752703,-20.999469,9.040220,D
251.753329,-21.000383,9.039943,D
251.749850,-21.001295,9.039588,D
251.752233,-21.001149,9.039680,D
251.752037,-20.999047,9.040340,D
251.748492,-20.998726,9.040373,D
251.753343,-21.000000,9.040064,D
251.752850,-21.000758,9.039815,D
251.749171,-21.001224,9.039597,D
251.747379,-21.000684,9.039733,D
251.747177,-20.999130,9.040221,D
251.753214,-21.000270,9.039977,D
251.752980,-21.000798,9.039805,D
251.753332,-21.000042,9.040051,D
251.753262,-20.999954,9.040077,D
251.746864,-20.999558,9.040079,D
251.752577,-21.001019,9.039727,D
251.753212,-21.000125,9.040022,D
251.750051,-20.998593,9.040445,D
251.747248,-21.000643,9.039744,D
251.748096,-20.998831,9.040333,D
251.748355,-21.000997,9.039653,D
251.749837,-21.001310,9.039583,D
251.753024,-20.999768,9.040131,D
251.747016,-21.000501,9.039784,D
251.749050,-20.998666,9.040403,D
251.749534,-20.998582,9.040439,D
251.750260,-20.998694,9.040418,D
251.752529,-20.999316,9.040265,D
251.746727,-20.999575,9.040071,D
251.752932,-20.999667,9.040162,D
251.751813,-21.001247,9.039641,D
251.752088,-20.999127,9.040316,D
251.751009,-20.998778,9.040406,D
251.750971,-20.998751,9.040413,D
251.752601,-21.000965,9.039745,D
251.752643,-21.000791,9.039801,D
251.749645,-20.998628,9.040427,D
251.752672,-20.999369,9.040251,D
251.752952,-20.999473,9.040223,D
251.752799,-21.000874,9.039778,D
251.749814,-20.998677,9.040415,D
251.747646,-20.998898,9.040303,D
251.746656,-20.999705,9.040029,D
251.749900,-20.998628,9.040432,D
251.752693,-21.000780,9.039805,D
251.747946,-20.998888,9.040312,D
251.748465,-21.001116,9.039618,D
251.753154,-21.000559,9.039884,D
251.752182,-21.001067,9.039705,D
251.751211,-20.998748,9.040419,D
251.752866,-21.000756,9.039816,D
251.746674,-20.999712,9.040027,D
251.752446,-21.001048,9.039716,D
251.753216,-21.000412,9.039932,D
251.753219,-20.999773,9.040134,D
251.746633,-20.999822,9.039992,D
251.746893,-20.999411,9.040126,D
251.747791,-20.998832,9.040327,D
251.751911,-20.998992,9.040355,D
251.751040,-20.998709,9.040428,D
251.752781,-21.000814,9.039796,D
251.748466,-21.001066,9.039634,D
251.749769,-21.001313,9.039581,D
251.750367,-20.998665,9.040429,D
251.753084,-21.000519,9.039895,D
251.751561,-20.998915,9.040373,D
251.751229,-20.998761,9.040415,D
251.753250,-20.999981,9.040069,D
251.750301,-20.998636,9.040437,D
251.746919,-20.999403,9.040129,D
251.752278,-21.001104,9.039695,D
251.751436,-20.998866,9.040386,D
251.750963,-21.001392,9.039579,D
251.751395,-20.998785,9.040411,D
251.750138,-21.001379,9.039567,D
251.748086,-21.001036,9.039636,D
251.750660,-21.001388,9.039574,D
251.748038,-21.001054,9.039629,D
251.753261,-21.000374,9.039945,D
251.752919,-21.000768,9.039813,D
251.748523,-20.998700,9.040382,D
251.753161,-20.999762,9.040136,D
251.746776,-21.000036,9.039927,D
251.749688,-21.001328,9.039575,D
251.746784,-20.999890,9.039973,D
251.747252,-20.999236,9.040189,D
251.747600,-21.000864,9.039681,D
251.747065,-20.999298,9.040165,D
251.752793,-20.999357,9.040257,D
251.747595,-20.999032,9.040259,D
251.753128,-20.999748,9.040140,D
251.752064,-20.999076,9.040332,D
251.751037,-21.001367,9.039588,D
251.753310,-21.000110,9.040029,D
251.752450,-20.999343,9.040255,D
251.749938,-21.001395,9.039558,D
251.746838,-21.000016,9.039934,D
251.747408,-21.000732,9.039719,D
251.753276,-20.999936,9.040083,D
251.750880,-20.998782,9.040402,D
251.751860,-21.001257,9.039639,D
251.747393,-21.000664,9.039740,D
251.747520,-21.000801,9.039699,D
251.746771,-20.999851,9.039985,D
251.752867,-21.000811,9.039799,D
251.747206,-21.000551,9.039772,D
251.749392,-20.998609,9.040428,D
251.753018,-20.999747,9.040138,D
251.748078,-20.998756,9.040356,D
251.752975,-21.000742,9.039823,D
251.749384,-21.001257,9.039591,D
251.747935,-20.998867,9.040318,D
251.747627,-21.000863,9.039682,D
251.753134,-21.000667,9.039850,D
251.752099,-21.001096,9.039694,D
251.748760,-21.001158,9.039610,D
251.746854,-21.000289,9.039848,D
251.746943,-21.000264,9.039858,D
251.752626,-21.000969,9.039744,D
251.747090,-21.000431,9.039808,D
251.750493,-20.998742,9.040407,D
251.750460,-21.001362,9.039579,D
251.749220,-21.001223,9.039599,D
251.749026,-20.998692,9.040395,D
251.749561,-20.998649,9.040419,D
251.746824,-21.000326,9.039836,D
251.746816,-21.000212,9.039872,D
251.747943,-20.998904,9.040307,D
251.747710,-21.000878,9.039678,D
251.747099,-20.999253,9.040180,D
251.753091,-20.999601,9.040185,D
251.747395,-20.999157,9.040216,D
251.752156,-21.001161,9.039675,D
251.747105,-21.000431,9.039808,D
251.753251,-20.999863,9.040106,D
251.750738,-20.998736,9.040414,D
251.752336,-20.999179,9.040304,D
251.747068,-21.000551,9.039770,D
251.748542,-20.998656,9.040397,D
251.751807,-20.998994,9.040353,D
251.747654,-20.998937,9.040291,D
251.748609,-21.001198,9.039595,D
251.749049,-21.001179,9.039609,D
251.750907,-20.998697,9.040429,D
251.749714,-21.001387,9.039556,D
251.753167,-21.000479,9.039909,D
251.749391,-20.998606,9.040429,D
251.749194,-21.001309,9.039571,D
251.752770,-20.999444,9.040229,D
251.750923,-21.001378,9.039582,D
251.752627,-21.000793,9.039800,D
251.753093,-21.000437,9.039922,D
251.753203,-21.000269,9.039977,D
251.746818,-20.999516,9.040092,D
251.748539,-20.998711,9.040379,D
251.752925,-20.999769,9.040129,D
251.748529,-21.001193,9.039595,D
251.749312,-21.001321,9.039569,D
251.749439,-21.001312,9.039575,D
251.752946,-21.000698,9.039836,D
251.749663,-21.001291,9.039586,D
251.750080,-20.998597,9.040445,D
251.747439,-20.999001,9.040267,D
251.748299,-20.998718,9.040372,D
251.750617,-20.998653,9.040438,D
251.751141,-20.998780,9.040407,D
251.752287,-21.001101,9.039696,D
251.747490,-21.000798,9.039700,D
251.753036,-21.000691,9.039840,D
251.746980,-21.000311,9.039844,D
251.753290,-21.000387,9.039941,D
251.747457,-20.998952,9.040282,D
251.751799,-20.998985,9.040355,D
251.746773,-21.000234,9.039864,D
251.750165,-20.998698,9.040415,D
251.746932,-20.999532,9.040089,D
251.751227,-20.998833,9.040392,D
251.753057,-21.000480,9.039907,D
251.748227,-20.998750,9.040361,D
251.750583,-20.998672,9.040431,D
251.746812,-20.999809,9.039999,D
251.747179,-20.999210,9.040195,D
251.751855,-21.001184,9.039662,D
251.748984,-20.998701,9.040391,D
251.749220,-20.998597,9.040428,D
251.753194,-21.000454,9.039918,D
251.750271,-21.001328,9.039586,D
251.752250,-21.001133,9.039685,D
251.746639,-20.999894,9.039969,D
251.749805,-21.001356,9.039568,D
251.747464,-21.000650,9.039746,D
251.752987,-21.000724,9.039829,D
251.751221,-20.998821,9.040396,D
251.749424,-21.001342,9.039565,D
251.746671,-20.999892,9.039970,D
251.748687,-20.998684,9.040391,D
251.749255,-20.998620,9.040422,D
251.748434,-20.998677,9.040388,D
251.747383,-20.998985,9.040270,D
251.752845,-21.000901,9.039770,D
251.753084,-21.000638,9.039858,D
251.748986,-21.001274,9.039578,D
251.752289,-20.999128,9.040320,D
251.750070,-20.998597,9.040445,D
251.747378,-20.999143,9.040220,D
251.748529,-20.998736,9.040371,D
251.753226,-21.000354,9.039950,D
251.746996,-20.999240,9.040182,D
251.751333,-20.998789,9.040408,D
251.753229,-20.999790,9.040128,D
251.751422,-20.998853,9.040390,D
251.753142,-21.000618,9.039865,D
251.751931,-20.998937,9.040373,D
251.752133,-20.999008,9.040354,D
251.752875,-20.999476,9.040221,D
251.753126,-21.000546,9.039888,D
251.752773,-21.000902,9.039768,D
251.746825,-20.999367,9.040139,D
251.750071,-20.998659,9.040425,D
251.750484,-21.001303,9.039598,D
251.751919,-21.001163,9.039669,D
251.753046,-20.999816,9.040117,D
251.750969,-20.998770,9.040407,D
251.749147,-21.001295,9.039575,D
251.753100,-21.000428,9.039924,D
251.752870,-20.999408,9.040242,D
251.750818,-21.001405,9.039572,D
251.751157,-20.998774,9.040410,D
251.747468,-20.999148,9.040221,D
251.752703,-20.999290,9.040276,D
251.750083,-21.001396,9.039560,D
251.751544,-21.001263,9.039631,D
251.749357,-20.998674,9.040407,D
251.746756,-20.999864,9.039980,D
251.749215,-21.001283,9.039579,D
251.750673,-20.998704,9.040422,D
251.751644,-21.001275,9.039629,D
251.752809,-20.999406,9.040242,D
251.752160,-20.999118,9.040320,D
251.753024,-20.999934,9.040079,D
251.753054,-20.999564,9.040197,D
251.752671,-21.000931,9.039757,D
251.753016,-21.000478,9.039907,D
251.751702,-20.998949,9.040365,D
251.748381,-21.001131,9.039611,D
251.749721,-20.998581,9.040443,D
251.750030,-20.998657,9.040425,D
251.748315,-21.001143,9.039607,D
251.747460,-21.000798,9.039699,D
251.747496,-21.000813,9.039695,D
251.747620,-20.998952,9.040285,D
251.752759,-21.000845,9.039786,D
251.753209,-21.000389,9.039939,D
251.746674,-20.999671,9.040040,D
251.748100,-21.001035,9.039637,D
251.747127,-20.999121,9.040222,D
251.749095,-20.998691,9.040396,D
251.752846,-21.000876,9.039778,D
251.747735,-20.998966,9.040283,D
251.750023,-20.998642,9.040430,D
251.749070,-20.998700,9.040393,D
251.753166,-21.000177,9.040005,D
251.747098,-21.000359,9.039831,D
251.753190,-21.000117,9.040024,D
251.752798,-20.999401,9.040243,D
251.750985,-20.998771,9.040407,D
251.748980,-21.001295,9.039571,D
251.753168,-21.000076,9.040037,D
251.747145,-21.000594,9.039757,D
251.747279,-20.999202,9.040200,D
251.752283,-21.000980,9.039734,D
251.747208,-21.000658,9.039739,D
251.751089,-21.001311,9.039607,D
251.752703,-21.000849,9.039784,D
251.753351,-21.000076,9.040040,D
251.747245,-21.000683,9.039731,D
251.753073,-20.999803,9.040121,D
251.752368,-21.001094,9.039700,D
251.746727,-20.999485,9.040100,D
251.747025,-21.000404,9.039815,D
251.747831,-21.000951,9.039658,D
251.753129,-21.000471,9.039911,D
251.753321,-21.000117,9.040027,D
251.752496,-21.001069,9.039710,D
251.751740,-20.998908,9.040379,D
251.748646,-20.998730,9.040375,D
251.752433,-20.999153,9.040315,D
251.751487,-20.998884,9.040381,D
251.746656,-20.999978,9.039943,D
251.752715,-21.000952,9.039751,D
251.752430,-21.001071,9.039708,D
251.746815,-20.999701,9.040033,D
251.752239,-20.999106,9.040326,D
251.748532,-20.998723,9.040375,D
251.752584,-21.000900,9.039765,D
251.747135,-21.000574,9.039763,D
251.747787,-21.000847,9.039690,D
251.746664,-21.000065,9.039915,D
251.748126,-20.998864,9.040323,D
251.746752,-21.000051,9.039921,D
251.749089,-20.998596,9.040426,D
251.746795,-21.000193,9.039877,D
251.752516,-21.000850,9.039780,D
251.752880,-21.000788,9.039807,D
251.748363,-21.001063,9.039633,D
251.746640,-20.999756,9.040012,D
251.748073,-20.998812,9.040338,D
251.746707,-20.999694,9.040033,D
251.746671,-20.999701,9.040031,D
251.752297,-21.001131,9.039687,D
251.749897,-20.998620,9.040434,D
251.752648,-21.000975,9.039743,D
251.753043,-21.000528,9.039892,D
251.748342,-20.998791,9.040350,D
251.749167,-21.001294,9.039575,D
251.746841,-20.999379,9.040136,D
251.746711,-20.999975,9.039945,D
251.748823,-20.998665,9.040399,D
251.747329,-20.999055,9.040247,D
251.746766,-20.999482,9.040101,D
251.747359,-20.999024,9.040258,D
251.747677,-20.998860,9.040315,D
251.751836,-21.001162,9.039668,D
251.752918,-20.999470,9.040224,D
251.752361,-20.999224,9.040291,D
251.753023,-21.000551,9.039884,D
251.750265,-20.998637,9.040436,D
251.750355,-21.001404,9.039563,D
251.750446,-20.998747,9.040405,D
251.751182,-20.998746,9.040419,D
251.751757,-21.001194,9.039657,D
251.753073,-20.999621,9.040179,D
251.747542,-20.998926,9.040292,D
251.746629,-20.999883,9.039972,D
251.749616,-20.998644,9.040421,D
251.747776,-20.998900,9.040305,D
251.752876,-20.999424,9.040237,D
251.753033,-20.999790,9.040125,D
251.753272,-21.000060,9.040044,D
251.750822,-21.001299,9.039605,D
251.750755,-20.998717,9.040420,D
251.751327,-20.998796,9.040406,D
251.746710,-21.000069,9.039915,D
251.752090,-20.999004,9.040355,D
251.750003,-20.998606,9.040441,D
251.752603,-21.000871,9.039775,D
251.746718,-21.000077,9.039913,D
251.747022,-21.000451,9.039800,D
251.752595,-21.000939,9.039753,D
251.750278,-21.001386,9.039567,D
251.750583,-20.998745,9.040408,D
251.752746,-20.999517,9.040206,D
251.748044,-21.001046,9.039632,D
251.750689,-20.998651,9.040440,D
251.750618,-21.001402,9.039569,D
251.752572,-21.001018,9.039728,D
251.751941,-21.001175,9.039666,D
251.752362,-20.999144,9.040316,D
251.746673,-20.999744,9.040017,D
251.748442,-21.001165,9.039602,D
251.750165,-20.998663,9.040426,D
251.746956,-21.000459,9.039796,D
251.752506,-21.000957,9.039746,D
251.751299,-20.998829,9.040395,D
251.753294,-21.000025,9.040056,D
251.751941,-21.001148,9.039675,D
251.747750,-21.000838,9.039692,D
251.751407,-20.998804,9.040405,D
251.749367,-21.001245,9.039594,D
251.748693,-20.998650,9.040401,D
251.751296,-21.001325,9.039606,D
251.753233,-20.999989,9.040066,D
251.750985,-21.001325,9.039600,D
251.747030,-21.000310,9.039845,D
251.751085,-21.001371,9.039588,D
251.750652,-20.998663,9.040435,D
251.747061,-21.000369,9.039827,D
251.748919,-21.001213,9.039596,D
251.752769,-20.999397,9.040244,D
251.746817,-20.999923,9.039963,D
251.751901,-20.999010,9.040349,D
251.747115,-21.000561,9.039767,D
251.746861,-21.000357,9.039827,D
251.747248,-21.000650,9.039742,D
251.748203,-21.001106,9.039616,D
251.747282,-21.000636,9.039747,D
251.747040,-21.000371,9.039826,D
251.753055,-20.999546,9.040202,D
251.748146,-20.998806,9.040342,D
251.753223,-21.000493,9.039906,D
251.750829,-20.998681,9.040433,D
251.753154,-21.000175,9.040005,D
251.750958,-21.001392,9.039579,D
251.747343,-20.999044,9.040251,D
251.746898,-21.000404,9.039813,D
251.753266,-20.999825,9.040118,D
251.753308,-21.000070,9.040041,D
251.747977,-21.000991,9.039648,D
251.753213,-20.999822,9.040118,D
251.752651,-21.000913,9.039762,D
251.750963,-21.001302,9.039607,D
251.751602,-21.001255,9.039634,D
251.753049,-20.999590,9.040188,D
251.751352,-21.001296,9.039616,D
251.752095,-20.999007,9.040354,D
251.747277,-21.000646,9.039744,D
251.750302,-20.998637,9.040437,D
251.746955,-21.000179,9.039885,D
251.751774,-21.001254,9.039638,D
251.748808,-20.998725,9.040380,D
251.746804,-20.999397,9.040129,D
251.749799,-21.001347,9.039570,D
251.752316,-20.999173,9.040306,D
251.752633,-20.999400,9.040240,D
251.752409,-21.001108,9.039696,D
251.748771,-20.998733,9.040377,D
251.748943,-20.998626,9.040414,D
251.750048,-20.998624,9.040436,D
251.752867,-21.000787,9.039806,D
251.751564,-20.998856,9.040391,D
251.748151,-20.998807,9.040342,D
251.748746,-21.001225,9.039589,D
251.751749,-21.001203,9.039654,D
251.752965,-21.000666,9.039847,D
251.747119,-20.999433,9.040124,D
251.749832,-20.998592,9.040442,D
251.751299,-20.998765,9.040415,D
251.753010,-20.999532,9.040206,D
251.748542,-21.001189,9.039596,D
251.752265,-20.999064,9.040339,D
251.749990,-20.998621,9.040436,D
251.746805,-20.999868,9.039980,D
251.749134,-20.998657,9.040408,D
251.752577,-21.000989,9.039737,D
251.751706,-21.001205,9.039652,D
251.751440,-20.998847,9.040392,D
251.751172,-20.998807,9.040400,D
251.746928,-20.999646,9.040053,D
251.747539,-21.000743,9.039718,D
251.751720,-21.001290,9.039625,D
251.749248,-20.998668,9.040407,D
251.752501,-20.999248,9.040286,D
251.752913,-20.999644,9.040169,D
251.749756,-21.001390,9.039556,D
251.749330,-21.001349,9.039561,D
251.748146,-21.001031,9.039639,D
251.752815,-21.000849,9.039786,D
251.753301,-20.999949,9.040080,D
251.748355,-21.001089,9.039624,D
251.752819,-20.999481,9.040218,D
251.753225,-21.000523,9.039897,D
251.748809,-21.001199,9.039598,D
251.747777,-21.000923,9.039666,D
251.746726,-20.999931,9.039959,D
251.748223,-20.998758,9.040358,D
251.747122,-21.000516,9.039782,D
251.747165,-21.000533,9.039777,D
251.753229,-20.999890,9.040097,D
251.747687,-20.998944,9.040289,D
251.751476,-21.001299,9.039618,D
251.748263,-21.001096,9.039620,D
251.749797,-21.001398,9.039555,D
251.751098,-20.998802,9.040400,D
251.752884,-20.999616,9.040177,D
251.746919,-20.999275,9.040170,D
251.752177,-20.999083,9.040332,D
251.749012,-21.001265,9.039581,D
251.747655,-21.000839,9.039690,D
251.749971,-20.998697,9.040411,D
251.748326,-21.001141,9.039607,D
251.747101,-21.000568,9.039765,D
251.753090,-20.999604,9.040185,D
251.753334,-20.999968,9.040074,D
251.747016,-21.000481,9.039791,D
251.750102,-20.998600,9.040444,D
251.746821,-20.999438,9.040117,D
251.748565,-20.998651,9.040399,D
251.747898,-21.001004,9.039642,D
251.747991,-20.998879,9.040316,D
251.748127,-21.001051,9.039632,D
251.749612,-20.998592,9.040437,D
251.746966,-21.000212,9.039875,D
251.752845,-21.000881,9.039776,D
251.751662,-21.001279,9.039628,D
251.747260,-21.000684,9.039731,D
251.751879,-21.001237,9.039645,D
251.747902,-21.000964,9.039655,D
251.752636,-20.999386,9.040245,D
251.750168,-20.998603,9.040445,D
251.748960,-20.998644,9.040408,D
251.753162,-20.999988,9.040064,D
251.750231,-21.001386,9.039567,D
251.752348,-20.999156,9.040312,D
251.748265,-20.998805,9.040344,D
251.748227,-20.998726,9.040368,D
251.748163,-20.998741,9.040362,D
251.751415,-21.001306,9.039614,D
251.750730,-21.001385,9.039576,D
251.746656,-20.999932,9.039957,D
251.746690,-20.999694,9.040033,D
251.746620,-20.999796,9.039999,D
251.750511,-20.998628,9.040443,D
251.747016,-20.999396,9.040134,D
251.748052,-21.000915,9.039673,D
251.750308,-21.001382,9.039569,D
251.747362,-20.999080,9.040240,D
251.750081,-20.998623,9.040437,D
251.752217,-21.001170,9.039673,D
251.750492,-21.001368,9.039577,D
251.749104,-21.001279,9.039578,D
251.751869,-21.001205,9.039655,D
251.752234,-20.999069,9.040337,D
251.751929,-21.001247,9.039643,D
251.748151,-21.001055,9.039631,D
251.747013,-20.999309,9.040161,D
251.749253,-21.001341,9.039562,D
251.751558,-20.998826,9.040401,D
251.753039,-21.000722,9.039830,D
251.752158,-20.999143,9.040312,D
251.752518,-20.999187,9.040305,D
251.747294,-21.000697,9.039728,D
251.748387,-20.998752,9.040363,D
251.747203,-20.999096,9.040232,D
251.750748,-21.001350,9.039588,D
251.746739,-21.000110,9.039902,D
251.752948,-21.000822,9.039797,D
251.747223,-21.000564,9.039768,D
251.748957,-20.998712,9.040387,D
251.749020,-20.998626,9.040415,D
251.747776,-21.000932,9.039663,D
251.747165,-21.000549,9.039772,D
251.747878,-21.000958,9.039657,D
251.746871,-20.999316,9.040156,D
251.752957,-20.999572,9.040192,D
251.750919,-20.998828,9.040388,D
251.753241,-20.999960,9.040075,D
251.747175,-20.999119,9.040224,D
251.748921,-20.998713,9.040386,D
251.746719,-20.999902,9.039968,D
251.747455,-21.000736,9.039719,D
251.753049,-20.999793,9.040124,D
251.751477,-21.001338,9.039606,D
251.753202,-20.999797,9.040126,D
251.750412,-21.001369,9.039576,D
251.752209,-20.999059,9.040340,D
251.753197,-21.000537,9.039892,D
251.747917,-21.000956,9.039658,D
251.751188,-21.001368,9.039591,D
251.748761,-20.998716,9.040382,D
251.746780,-21.000169,9.039885,D
251.752524,-20.999381,9.040244,D
251.748746,-20.998657,9.040400,D
251.747355,-20.999024,9.040257,D
251.753008,-21.000745,9.039823,D
251.751264,-20.998757,9.040417,D
251.752130,-21.001070,9.039703,D
251.749141,-20.998633,9.040415,D
251.753218,-20.999726,9.040149,D
251.748841,-21.001233,9.039588,D
251.752024,-20.998990,9.040358,D
251.749612,-20.998660,9.040416,D
251.747278,-21.000660,9.039739,D
251.753238,-21.000414,9.039932,D
251.747549,-20.998938,9.040288,D
251.751507,-20.998850,9.040393,D
251.748670,-20.998682,9.040391,D
251.746783,-20.999570,9.040074,D
251.746643,-20.999782,9.040004,D
251.746731,-20.999735,9.040021,D
251.752818,-20.999459,9.040225,D
251.748125,-21.001061,9.039629,D
251.750246,-21.001374,9.039571,D
251.752706,-20.999387,9.040246,D
251.749202,-21.001319,9.039568,D
251.746692,-20.999887,9.039972,D
251.750162,-20.998599,9.040446,D
251.753190,-21.000522,9.039897,D
251.747570,-20.998920,9.040295,D
251.746792,-21.000083,9.039912,D
251.749809,-20.998638,9.040427,D
251.746953,-21.000277,9.039854,D
251.746881,-20.999540,9.040086,D
251.753217,-20.999752,9.040140,D
251.748345,-20.998788,9.040351,D
251.747019,-21.000274,9.039856,D
251.747968,-21.000988,9.039649,D
251.747177,-20.999166,9.040209,D
251.750471,-21.001421,9.039560,D
251.748590,-20.998710,9.040380,D
251.753267,-20.999932,9.040084,D
251.751435,-20.998804,9.040405,D
251.752931,-21.000650,9.039851,D
251.746884,-20.999494,9.040100,D
251.749957,-20.998663,9.040422,D
251.746824,-20.999585,9.040070,D
251.746713,-20.999570,9.040073,D
251.747262,-20.999260,9.040181,D
251.748762,-20.998629,9.040410,D
251.752682,-21.000893,9.039770,D
251.748657,-20.998716,9.040380,D
251.752995,-21.000717,9.039831,D
251.748654,-21.001191,9.039598,D
251.748750,-20.998720,9.040380,D
251.752528,-21.001050,9.039717,D
251.753220,-21.000525,9.039896,D
251.748935,-21.001159,9.039613,D
251.748450,-20.998672,9.040390,D
251.752839,-21.000728,9.039825,D
251.747603,-21.000821,9.039694,D
251.752733,-21.000948,9.039753,D
251.746961,-20.999287,9.040167,D
251.747174,-20.999197,9.040199,D
251.747399,-20.998972,9.040275,D
251.752534,-21.001011,9.039729,D
251.753098,-21.000581,9.039876,D
251.749606,-21.001380,9.039556,D
251.747912,-21.000833,9.039697,D
251.746740,-21.000038,9.039925,D
251.753070,-20.999718,9.040148,D
251.753030,-20.999578,9.040192,D
251.751914,-21.001175,9.039666,D
251.752093,-20.999064,9.040336,D
251.747257,-21.000688,9.039730,D
251.750938,-20.998713,9.040425,D
251.747423,-21.000754,9.039712,D
251.746790,-21.000237,9.039863,D
251.753124,-21.000548,9.039887,D
251.752921,-21.000730,9.039826,D
251.747261,-20.999130,9.040222,D
251.752552,-21.001022,9.039726,D
251.747113,-21.000548,9.039771,D
251.753066,-20.999887,9.040095,D
251.749302,-20.998602,9.040428,D
251.751503,-21.001325,9.039610,D
251.749923,-20.998693,9.040411,D
251.746839,-20.999592,9.040068,D
251.747592,-21.000863,9.039681,D
251.747790,-21.000944,9.039659,D
251.746744,-21.000120,9.039899,D
251.747627,-20.998947,9.040287,D
251.747019,-21.000368,9.039826,D
251.750552,-20.998664,9.040433,D
251.751481,-20.998847,9.040393,D
251.747330,-21.000708,9.039725,D
251.747189,-21.000583,9.039762,D
251.753254,-21.000237,9.039988,D
251.751764,-21.001232,9.039645,D
251.748274,-20.998765,9.040357,D
251.746719,-20.999879,9.039975,D
251.751842,-21.001223,9.039649,D
251.747662,-21.000868,9.039681,D
251.751610,-21.001237,9.039640,D
251.751231,-21.001322,9.039606,D
251.747018,-20.999220,9.040189,D
251.752951,-21.000719,9.039829,D
251.746975,-21.000362,9.039828,D
251.752894,-20.999485,9.040218,D
251.750237,-20.998603,9.040446,D
251.751670,-21.001283,9.039627,D
251.748589,-20.998757,9.040366,D
251.748362,-20.998813,9.040344,D
251.747668,-20.998865,9.040314,D
251.751834,-20.999026,9.040343,D
251.750772,-21.001408,9.039570,D
251.747534,-21.000828,9.039691,D
251.748138,-21.001012,9.039644,D
251.747990,-20.998806,9.040339,D
251.746697,-20.999957,9.039950,D
251.746955,-21.000414,9.039811,D
251.748189,-21.001090,9.039621,D
251.747476,-21.000696,9.039732,D
251.746750,-21.000035,9.039926,D
251.751023,-21.001394,9.039579,D
251.751541,-21.001296,9.039620,D
251.750904,-20.998800,9.040397,D
251.750329,-21.001360,9.039577,D
251.752865,-21.000803,9.039801,D
251.748330,-20.998732,9.040369,D
251.753088,-20.999777,9.040130,D
251.751162,-21.001345,9.039597,D
251.752783,-21.000778,9.039808,D
251.752619,-20.999285,9.040276,D
251.749279,-20.998626,9.040420,D
251.752775,-21.000899,9.039769,D
251.752064,-21.001205,9.039659,D
251.746631,-20.999785,9.040003,D
251.753128,-20.999787,9.040128,D
251.751626,-20.998949,9.040363,D
251.746635,-20.999825,9.039991,D
251.753085,-21.000661,9.039850,D
251.753202,-20.999840,9.040112,D
251.748290,-21.001110,9.039617,D
251.750090,-21.001322,9.039584,D
251.749356,-21.001280,9.039583,D
251.751869,-20.998920,9.040377,D
251.752959,-20.999549,9.040200,D
251.747197,-21.000516,9.039783,D
251.751787,-21.001244,9.039641,D
251.752981,-20.999832,9.040111,D
251.753124,-21.000622,9.039863,D
251.753065,-20.999580,9.040192,D
251.749042,-21.001231,9.039593,D
251.749489,-20.998600,9.040433,D
251.752747,-20.999435,9.040231,D
251.746807,-20.999677,9.040041,D
251.753219,-21.000000,9.040062,D
251.753234,-20.999794,9.040127,D
251.747273,-20.999073,9.040240,D
251.752036,-20.999009,9.040352,D
251.746938,-21.000343,9.039833,D
251.751812,-20.998991,9.040354,D
251.750838,-20.998678,9.040434,D
251.752528,-20.999293,9.040272,D
251.747034,-20.999230,9.040186,D
251.751882,-20.998993,9.040354,D
251.749904,-20.998650,9.040425,D
251.747200,-20.999217,9.040193,D
251.752685,-21.000914,9.039763,D
251.748224,-20.998717,9.040371,D
251.748699,-21.001241,9.039583,D
251.753327,-21.000094,9.040034,D
251.749999,-20.998706,9.040409,D
251.749460,-20.998644,9.040418,D
251.752882,-20.999414,9.040241,D
251.749953,-21.001305,9.039587,D
251.752971,-21.000740,9.039823,D
251.746933,-21.000431,9.039805,D
251.747645,-20.998999,9.040271,D
251.751531,-21.001290,9.039622,D
251.753354,-21.000273,9.039978,D
251.753136,-20.999755,9.040138,D
251.746696,-20.999771,9.040009,D
251.747950,-21.000993,9.039647,D
251.750160,-21.001379,9.039567,D
251.747040,-21.000269,9.039858,D
251.748535,-20.998676,9.040390,D
251.747835,-21.000873,9.039683,D
251.752297,-21.001049,9.039713,D
251.747081,-21.000448,9.039802,D
251.750670,-21.001392,9.039573,D
251.750538,-21.001285,9.039604,D
251.750811,-20.998709,9.040424,D
251.748751,-21.001244,9.039583,D
251.753095,-20.999680,9.040161,D
251.753278,-21.000438,9.039925,D
251.748129,-20.998820,9.040337,D
251.750658,-21.001387,9.039575,D
251.748131,-21.001021,9.039641,D
251.748250,-21.001017,9.039645,D
251.753235,-21.000201,9.039999,D
251.747503,-21.000714,9.039726,D
251.747565,-21.000766,9.039711,D
251.746824,-20.999639,9.040053,D
251.748285,-20.998767,9.040357,D
251.747674,-21.000793,9.039705,D
251.746820,-21.000268,9.039854,D
251.750560,-20.998668,9.040432,D
251.746857,-20.999510,9.040094,D
251.750665,-20.998703,9.040423,D
251.752050,-20.999041,9.040342,D
251.750324,-21.001319,9.039589,D
251.749208,-21.001272,9.039583,D
251.747460,-20.998989,9.040271,D
251.748512,-20.998734,9.040371,D
251.746837,-20.999455,9.040111,D
251.749693,-21.001329,9.039574,D
251.747121,-21.000537,9.039775,D
251.750261,-20.998630,9.040438,D
251.748717,-21.001212,9.039592,D
251.748014,-21.000935,9.039666,D
251.751869,-20.998918,9.040378,D
251.749557,-20.998655,9.040416,D
251.752925,-21.000696,9.039836,D
251.752188,-21.001152,9.039678,D
251.746710,-21.000060,9.039918,D
251.747784,-21.000857,9.039687,D
251.753210,-20.999932,9.040083,D
251.749272,-21.001320,9.039569,D
251.753056,-21.000552,9.039884,D
251.753227,-20.999837,9.040114,D
251.749767,-21.001329,9.039576,D
251.746836,-21.000026,9.039931,D
251.750430,-21.001366,9.039577,D
251.753329,-21.000041,9.040051,D
251.749623,-20.998610,9.040432,D
251.746758,-20.999645,9.040050,D
251.752957,-21.000656,9.039850,D
251.753337,-21.000363,9.039949,D
251.748090,-21.000925,9.039671,D
251.752675,-20.999277,9.040280,D
251.751123,-21.001379,9.039586,D
251.753201,-21.000611,9.039869,D
251.748151,-20.998771,9.040353,D
251.753114,-21.000532,9.039892,D
251.747021,-21.000401,9.039816,D
251.752330,-20.999113,9.040325,D
251.752337,-20.999225,9.040290,D
251.753315,-21.000013,9.040060,D
251.753084,-21.000674,9.039846,D
251.746908,-20.999487,9.040103,D
251.746968,-21.000447,9.039801,D
251.752711,-21.000819,9.039793,D
251.747642,-21.000701,9.039733,D
251.751918,-20.998935,9.040373,D
251.752176,-20.999121,9.040320,D
251.753291,-21.000018,9.040058,D
251.748075,-21.000985,9.039652,D
251.753168,-21.000077,9.040036,D
251.753158,-21.000450,9.039919,D
251.748153,-20.998855,9.040326,D
251.753314,-21.000303,9.039968,D
251.752448,-20.999191,9.040303,D
251.746991,-20.999558,9.040082,D
251.753188,-21.000299,9.039967,D
251.748352,-20.998750,9.040363,D
251.752791,-21.000788,9.039805,D
251.753322,-21.000032,9.040054,D
251.753285,-20.999836,9.040115,D
251.751606,-21.001297,9.039621,D
251.746929,-21.000165,9.039889,D
251.750031,-20.998623,9.040436,D
251.753162,-21.000039,9.040048,D
251.753273,-21.000362,9.039949,D
251.753110,-20.999827,9.040114,D
251.752270,-20.999189,9.040300,D
251.746981,-20.999331,9.040153,D
251.753066,-20.999792,9.040125,D
251.746822,-21.000220,9.039869,D
251.748785,-21.001127,9.039621,D
251.753018,-21.000684,9.039842,D
251.746767,-20.999546,9.040081,D
251.750070,-20.998627,9.040435,D
251.752213,-20.999107,9.040325,D
251.747725,-21.000865,9.039683,D
251.750815,-20.998694,9.040428,D
251.747708,-21.000870,9.039681,D
251.747003,-21.000329,9.039838,D
251.751712,-21.001200,9.039654,D
251.747393,-21.000735,9.039717,D
251.748881,-21.001216,9.039594,D
251.746939,-20.999539,9.040087,D
251.749187,-21.001291,9.039576,D
251.752989,-20.999630,9.040175,D
251.753317,-21.000330,9.039959,D
251.747366,-21.000725,9.039720,D
251.750149,-20.998616,9.040440,D
251.750874,-20.998693,9.040430,D
251.747542,-20.998998,9.040269,D
251.752918,-20.999662,9.040163,D
251.749695,-20.998582,9.040442,D
251.753346,-21.000254,9.039984,D
251.746949,-20.999403,9.040130,D
251.747006,-20.999237,9.040183,D
251.749340,-20.998682,9.040404,D
251.751182,-20.998739,9.040421,D
251.747677,-21.000869,9.039681,D
251.752881,-20.999461,9.040226,D
251.747105,-20.999134,9.040218,D
251.750143,-20.998611,9.040442,D
251.751201,-21.001379,9.039587,D
251.746917,-20.999836,9.039992,D
251.753186,-21.000339,9.039954,D
251.748485,-21.001179,9.039598,D
251.746790,-20.999891,9.039973,D
251.749876,-21.001350,9.039571,D
251.747754,-20.998931,9.040295,D
251.753341,-21.000335,9.039958,D
251.751050,-20.998758,9.040413,D
251.751627,-21.001267,9.039631,D
251.748458,-21.001126,9.039615,D
251.753297,-21.000041,9.040050,D
251.751340,-21.001302,9.039614,D
251.748323,-21.001134,9.039609,D
251.753013,-20.999606,9.040183,D
251.749967,-20.998678,9.040417,D
251.753301,-21.000253,9.039984,D
251.750095,-20.998609,9.040441,D
251.749827,-21.001362,9.039566,D
251.747479,-21.000813,9.039695,D
251.752086,-20.999109,9.040322,D
251.751616,-21.001224,9.039644,D
251.753207,-20.999788,9.040129,D
251.753026,-21.000671,9.039846,D
251.752709,-21.000901,9.039767,D
251.747285,-20.999284,9.040174,D
251.753257,-21.000447,9.039921,D
251.752846,-20.999644,9.040167,D
251.747045,-21.000368,9.039827,D
251.746998,-21.000424,9.039808,D
251.752747,-20.999358,9.040256,D
251.750482,-20.998696,9.040421,D
251.749820,-20.998640,9.040426,D
251.749109,-20.998621,9.040419,D
251.748208,-21.001068,9.039628,D
251.749211,-20.998634,9.040416,D
251.752828,-21.000911,9.039767,D
251.747655,-21.000769,9.039712,D
251.746782,-20.999477,9.040103,D
251.752072,-21.001149,9.039677,D
251.746983,-21.000280,9.039854,D
251.746979,-20.999712,9.040033,D
251.751003,-21.001372,9.039586,D
251.747560,-21.000690,9.039735,D
251.751449,-20.998870,9.040385,D
251.748591,-21.001197,9.039595,D
251.749444,-20.998678,9.040407,D
251.752299,-20.999117,9.040323,D
251.751077,-20.998738,9.040420,D
251.746861,-21.000283,9.039850,D
251.749095,-20.998675,9.040401,D
251.748960,-20.998644,9.040409,D
251.750212,-20.998654,9.040429,D
251.747183,-21.000401,9.039819,D
251.747013,-21.000309,9.039845,D
251.753160,-20.999792,9.040127,D
251.748699,-20.998769,9.040364,D
251.753133,-21.000457,9.039916,D
251.752754,-21.000803,9.039799,D
251.750953,-20.998810,9.040394,D
251.749334,-21.001304,9.039575,D
251.749930,-20.998674,9.040418,D
251.752911,-21.000551,9.039882,D
251.751454,-20.998866,9.040386,D
251.747797,-21.000933,9.039663,D
251.750264,-21.001385,9.039568,D
251.752132,-21.001199,9.039662,D
251.752597,-20.999237,9.040291,D
251.753377,-21.000130,9.040024,D
251.752817,-21.000847,9.039787,D
251.753117,-21.000315,9.039960,D
251.747769,-20.998980,9.040279,D
251.747532,-21.000771,9.039709,D
251.750035,-21.001292,9.039592,D
251.751493,-20.998824,9.040400,D
251.753060,-20.999669,9.040163,D
251.747624,-20.998945,9.040288,D
251.753137,-21.000164,9.040009,D
251.753312,-21.000201,9.040000,D
251.749043,-20.998641,9.040411,D
251.752065,-20.999115,9.040319,D
251.748013,-21.001015,9.039641,D
251.752988,-20.999565,9.040195,D
251.753222,-20.999942,9.040080,D
251.747326,-21.000627,9.039751,D
251.746266,-20.999953,9.039943,C
251.753114,-20.999150,9.040328,C
251.746755,-21.000651,9.039732,C
251.750820,-21.001696,9.039480,C
251.753589,-20.999430,9.040249,C
251.747790,-21.001097,9.039611,C
251.752517,-21.001223,9.039662,C
251.753409,-21.000789,9.039816,C
251.752954,-20.999048,9.040358,C
251.745969,-20.999611,9.040045,C
251.750199,-21.001494,9.039532,C
251.746334,-20.999058,9.040227,C
251.753726,-21.000711,9.039847,C
251.746036,-20.999351,9.040129,C
251.746789,-20.998734,9.040338,C
251.746418,-20.999889,9.039966,C
251.748028,-21.001428,9.039511,C
251.745917,-20.999936,9.039942,C
251.747406,-21.001158,9.039584,C
251.747143,-21.001064,9.039609,C
251.752863,-21.001231,9.039666,C
251.751772,-20.998797,9.040414,C
251.746032,-21.000295,9.039830,C
251.752350,-21.001417,9.039598,C
251.746521,-20.999218,9.040180,C
251.747256,-21.001163,9.039580,C
251.751377,-21.001694,9.039491,C
251.747342,-20.998649,9.040376,C
251.746353,-20.999936,9.039950,C
251.748456,-21.001493,9.039499,C
251.752619,-20.998855,9.040412,C
251.752589,-21.001441,9.039595,C
251.747876,-21.001199,9.039580,C
251.747629,-21.001262,9.039556,C
251.747535,-20.998538,9.040414,C
251.746387,-20.999507,9.040086,C
251.746173,-20.999262,9.040160,C
251.746428,-20.999499,9.040090,C
251.750511,-20.998301,9.040547,C
251.753482,-20.999257,9.040302,C
251.754144,-21.000247,9.040002,C
251.747505,-21.001133,9.039594,C
251.748544,-20.998349,9.040494,C
251.752336,-21.001538,9.039559,C
251.748454,-21.001424,9.039520,C
251.751478,-20.998634,9.040460,C
251.751365,-21.001672,9.039498,C
251.750435,-21.001730,9.039462,C
251.753790,-20.999524,9.040223,C
251.753477,-20.999509,9.040222,C
251.753180,-21.001135,9.039703,C
251.749906,-21.001492,9.039527,C
251.754066,-21.000301,9.039983,C
251.754024,-21.000291,9.039985,C
251.750027,-20.998294,9.040539,C
251.752882,-21.001266,9.039656,C
251.751635,-20.998727,9.040434,C
251.746321,-21.000176,9.039874,C
251.749289,-20.998404,9.040491,C
251.750781,-21.001742,9.039465,C
251.750098,-20.998507,9.040474,C
251.747065,-21.001064,9.039607,C
251.753306,-21.001115,9.039711,C
251.748491,-21.001393,9.039531,C
251.748693,-21.001413,9.039528,C
251.749883,-21.001468,9.039534,C
251.748277,-20.998507,9.040439,C
251.753733,-20.999939,9.040091,C
251.746592,-20.999764,9.040009,C
251.749316,-21.001647,9.039466,C
251.747095,-21.001076,9.039604,C
251.746476,-21.000528,9.039765,C
251.747312,-21.000950,9.039648,C
251.749624,-21.001621,9.039481,C
251.749962,-21.001516,9.039520,C
251.749396,-21.001589,9.039486,C
251.751529,-20.998543,9.040490,C
251.748978,-20.998293,9.040520,C
251.748966,-21.001607,9.039472,C
251.753488,-20.999367,9.040267,C
251.747437,-20.998924,9.040291,C
251.748435,-20.998432,9.040465,C
251.746205,-20.999973,9.039935,C
251.752280,-20.998791,9.040426,C
251.752989,-20.999247,9.040296,C
251.749783,-20.998345,9.040519,C
251.747232,-21.000959,9.039644,C
251.753678,-21.000757,9.039832,C
251.747072,-20.998709,9.040352,C
251.753494,-20.999257,9.040302,C
251.752262,-21.001514,9.039565,C
251.753070,-20.999229,9.040303,C
251.746058,-20.999611,9.040047,C
251.753549,-21.000968,9.039762,C
251.747950,-21.001282,9.039556,C
251.752303,-20.998895,9.040393,C
251.750833,-21.001535,9.039531,C
251.746435,-20.999177,9.040191,C
251.753718,-20.999954,9.040086,C
251.748956,-20.998345,9.040503,C
251.753940,-21.000469,9.039928,C
251.746648,-21.000662,9.039726,C
251.746593,-20.998970,9.040260,C
251.751700,-21.001419,9.039584,C
251.746091,-20.999848,9.039973,C
251.747932,-21.001399,9.039518,C
251.754048,-21.000586,9.039893,C
251.753647,-21.000647,9.039866,C
251.746275,-20.999434,9.040107,C
251.751632,-21.001554,9.039540,C
251.753524,-21.001042,9.039739,C
251.751311,-20.998519,9.040493,C
251.746291,-21.000399,9.039803,C
251.749397,-21.001475,9.039522,C
251.752313,-20.998674,9.040464,C
251.746585,-20.998955,9.040264,C
251.751405,-20.998528,9.040492,C
251.745976,-20.999698,9.040018,C
251.747014,-20.998709,9.040351,C
251.748415,-20.998405,9.040474,C
251.747970,-21.001309,9.039547,C
251.751504,-20.998568,9.040481,C
251.752771,-21.001214,9.039670,C
251.750686,-20.998526,9.040479,C
251.748868,-21.001546,9.039490,C
251.753957,-21.000558,9.039900,C
251.753835,-20.999704,9.040167,C
251.747167,-21.000907,9.039659,C
251.752375,-20.998746,9.040442,C
251.750474,-20.998338,9.040534,C
251.747443,-21.001114,9.039599,C
251.747500,-21.001049,9.039620,C
251.746626,-20.998908,9.040280,C
251.749639,-21.001700,9.039456,C
251.751122,-20.998535,9.040485,C
251.748462,-20.998323,9.040500,C
251.746166,-21.000452,9.039784,C
251.752525,-21.001299,9.039638,C
251.746194,-21.000415,9.039796,C
251.752500,-21.001311,9.039634,C
251.745968,-20.999914,9.039950,C
251.750412,-20.998475,9.040490,C
251.747673,-20.998520,9.040423,C
251.748739,-21.001404,9.039532,C
251.750477,-20.998373,9.040523,C
251.745895,-20.999791,9.039987,C
251.749357,-20.998370,9.040503,C
251.746084,-20.999692,9.040022,C
251.752002,-20.998868,9.040396,C
251.746467,-21.000377,9.039813,C
251.746537,-21.000046,9.039919,C
251.751304,-21.001614,9.039515,C
251.746061,-20.999256,9.040159,C
251.746322,-20.999525,9.040079,C
251.753945,-20.999803,9.040138,C
251.753860,-21.000784,9.039827,C
251.751727,-20.998754,9.040427,C
251.751972,-20.998587,9.040484,C
251.751920,-20.998632,9.040469,C
251.751281,-21.001613,9.039515,C
251.746719,-20.999149,9.040206,C
251.750102,-21.001706,9.039463,C
251.753728,-21.000763,9.039831,C
251.754119,-21.000320,9.039978,C
251.749781,-20.998501,9.040469,C
251.746700,-20.998848,9.040301,C
251.753790,-20.999708,9.040165,C
251.753594,-21.000440,9.039930,C
251.749605,-21.001524,9.039511,C
251.752001,-20.998615,9.040476,C
251.753355,-21.001190,9.039688,C
251.754128,-20.999988,9.040083,C
251.752600,-20.999022,9.040359,C
251.747575,-21.001270,9.039552,C
251.752725,-21.001394,9.039612,C
251.747685,-20.998593,9.040400,C
251.750897,-20.998455,9.040505,C
251.747743,-20.998541,9.040418,C
251.747615,-20.998676,9.040373,C
251.748826,-21.001420,9.039529,C
251.746085,-21.000140,9.039881,C
251.746786,-20.998836,9.040306,C
251.746335,-20.999080,9.040220,C
251.746035,-20.999975,9.039932,C
251.752317,-20.998835,9.040413,C
251.749419,-21.001584,9.039488,C
251.753763,-21.000688,9.039855,C
251.751477,-20.998556,9.040485,C
251.752922,-20.998951,9.040388,C
251.746330,-20.999188,9.040186,C
251.747771,-20.998504,9.040430,C
251.750516,-20.998367,9.040526,C
251.753745,-21.000555,9.039897,C
251.752063,-20.998779,9.040426,C
251.750565,-21.001632,9.039495,C
251.747949,-21.001376,9.039526,C
251.753479,-21.001125,9.039712,C
251.753591,-20.999923,9.040094,C
251.753367,-20.999205,9.040316,C
251.753932,-20.999694,9.040172,C
251.746261,-20.999297,9.040150,C
251.754012,-21.000574,9.039896,C
251.754014,-21.000366,9.039962,C
251.753186,-20.999388,9.040255,C
251.749303,-20.998388,9.040496,C
251.750260,-21.001730,9.039458,C
251.748740,-21.001596,9.039472,C
251.746674,-20.998789,9.040319,C
251.751326,-21.001489,9.039555,C
251.752747,-21.001327,9.039633,C
251.751919,-21.001548,9.039548,C
251.746642,-20.998916,9.040278,C
251.749739,-21.001509,9.039518,C
251.753787,-21.000806,9.039818,C
251.750393,-21.001708,9.039468,C
251.752215,-20.998713,9.040449,C
251.753640,-21.000017,9.040065,C
251.753560,-20.999647,9.040180,C
251.753891,-21.000166,9.040022,C
251.753355,-21.000897,9.039781,C
251.750177,-20.998362,9.040521,C
251.748366,-21.001517,9.039489,C
251.752521,-21.001234,9.039659,C
251.753750,-21.000044,9.040058,C
251.746264,-20.999492,9.040089,C
251.749898,-20.998279,9.040542,C
251.747220,-20.998815,9.040321,C
251.746209,-20.999458,9.040099,C
251.753100,-21.001250,9.039665,C
251.746223,-21.000455,9.039784,C
251.753019,-20.999412,9.040244,C
251.753878,-20.999562,9.040213,C
251.750834,-21.001715,9.039474,C
251.748457,-21.001403,9.039527,C
251.753290,-20.999602,9.040189,C
251.753089,-21.000915,9.039770,C
251.748518,-20.998523,9.040438,C
251.752765,-21.001375,9.039619,C
251.753595,-20.999593,9.040198,C
251.748628,-21.001573,9.039477,C
251.748814,-21.001368,9.039545,C
251.753680,-21.000772,9.039827,C
251.753631,-21.000218,9.040001,C
251.752397,-21.001521,9.039565,C
251.752880,-20.999176,9.040316,C
251.751424,-20.998602,9.040469,C
251.747577,-20.998636,9.040384,C
251.746659,-21.000454,9.039792,C
251.746507,-21.000759,9.039693,C
251.747379,-20.998811,9.040325,C
251.752251,-20.998925,9.040383,C
251.749507,-21.001608,9.039482,C
251.748566,-21.001370,9.039540,C
251.747972,-21.001268,9.039560,C
251.753950,-21.000329,9.039972,C
251.748616,-21.001462,9.039511,C
251.746087,-20.999833,9.039978,C
251.746684,-21.000622,9.039740,C
251.748311,-20.998636,9.040399,C
251.752579,-21.001399,9.039608,C
251.753836,-21.000641,9.039871,C
251.751466,-21.001630,9.039513,C
251.748864,-21.001541,9.039491,C
251.746910,-21.000962,9.039637,C
251.751938,-20.998618,9.040474,C
251.745933,-20.999899,9.039954,C
251.751739,-20.998626,9.040468,C
251.747595,-20.998474,9.040436,C
251.746155,-20.999274,9.040155,C
251.750024,-21.001674,9.039471,C
251.751864,-21.001373,9.039602,C
251.747153,-21.000943,9.039647,C
251.750148,-20.998566,9.040456,C
251.747383,-21.001034,9.039623,C
251.746009,-20.999647,9.040035,C
251.747640,-21.001226,9.039567,C
251.752698,-21.001380,9.039616,C
251.747637,-21.000991,9.039641,C
251.747353,-20.998586,9.040396,C
251.753923,-20.999882,9.040113,C
251.752435,-21.001424,9.039597,C
251.753168,-20.999351,9.040266,C
251.753021,-21.001133,9.039700,C
251.748218,-21.001199,9.039587,C
251.749820,-20.998449,9.040487,C
251.754075,-21.000405,9.039950,C
251.752918,-21.001313,9.039641,C
251.745958,-20.999572,9.040058,C
251.750136,-21.001624,9.039490,C
251.750177,-21.001665,9.039477,C
251.748187,-21.001407,9.039521,C
251.745915,-20.999804,9.039984,C
251.748625,-20.998420,9.040473,C
251.753898,-21.000583,9.039891,C
251.750910,-21.001658,9.039494,C
251.746421,-21.000572,9.039751,C
251.753143,-20.999250,9.040298,C
251.748031,-21.001170,9.039592,C
251.753229,-20.999354,9.040266,C
251.753067,-21.001039,9.039731,C
251.746758,-21.000895,9.039655,C
251.746666,-21.000461,9.039790,C
251.753425,-21.000593,9.039879,C
251.746947,-20.998820,9.040314,C
251.748774,-21.001374,9.039542,C
251.748614,-21.001543,9.039486,C
251.749787,-20.998262,9.040545,C
251.749452,-20.998494,9.040465,C
251.751822,-20.998774,9.040423,C
251.748415,-20.998566,9.040423,C
251.751814,-21.001548,9.039546,C
251.747660,-20.998531,9.040419,C
251.748098,-20.998491,9.040440,C
251.753802,-20.999580,9.040206,C
251.747109,-21.001064,9.039608,C
251.748523,-20.998348,9.040494,C
251.754099,-20.999967,9.040089,C
251.753191,-20.999210,9.040311,C
251.746915,-20.998765,9.040331,C
251.747059,-21.001087,9.039600,C
251.753330,-21.001035,9.039737,C
251.753988,-21.000545,9.039905,C
251.751600,-21.001675,9.039502,C
251.748749,-20.998378,9.040489,C
251.746459,-20.998932,9.040269,C
251.753736,-21.000729,9.039841,C
251.748516,-20.998364,9.040489,C
251.751554,-20.998492,9.040506,C
251.746790,-21.000767,9.039696,C
251.746436,-20.999005,9.040246,C
251.752976,-20.999156,9.040324,C
251.746355,-20.999082,9.040220,C
251.753474,-21.000989,9.039754,C
251.752554,-20.998752,9.040444,C
251.746739,-21.000702,9.039715,C
251.746352,-20.999169,9.040192,C
251.753694,-21.000970,9.039765,C
251.745935,-20.999442,9.040098,C
251.746232,-20.999979,9.039934,C
251.746858,-20.999253,9.040176,C
251.751648,-21.001526,9.039549,C
251.752099,-21.001326,9.039621,C
251.745986,-20.999874,9.039963,C
251.753634,-21.000986,9.039758,C
251.752798,-21.001323,9.039636,C
251.746388,-21.000601,9.039741,C
251.754126,-21.000109,9.040045,C
251.751060,-20.998451,9.040510,C
251.754155,-21.000087,9.040053,C
251.753393,-20.999449,9.040239,C
251.751147,-20.998447,9.040513,C
251.753787,-20.999508,9.040228,C
251.745873,-20.999714,9.040011,C
251.748568,-20.998361,9.040490,C
251.751680,-20.998539,9.040494,C
251.752276,-20.999002,9.040359,C
251.746576,-21.000607,9.039742,C
251.750024,-21.001535,9.039515,C
251.753791,-21.000882,9.039794,C
251.749076,-21.001507,9.039506,C
251.746117,-21.000406,9.039797,C
251.748454,-20.998414,9.040471,C
251.749334,-21.001652,9.039465,C
251.754096,-21.000251,9.040000,C
251.751478,-21.001503,9.039554,C
251.748379,-21.001392,9.039529,C
251.746046,-20.999327,9.040137,C
251.746632,-21.000811,9.039679,C
251.753768,-20.999671,9.040177,C
251.750000,-20.998419,9.040500,C
251.747617,-20.998626,9.040388,C
251.752902,-20.999222,9.040302,C
251.748379,-21.001510,9.039492,C
251.753158,-20.999314,9.040277,C
251.746030,-20.999357,9.040127,C
251.746479,-21.000503,9.039773,C
251.752237,-20.998719,9.040448,C
251.753111,-20.999102,9.040344,C
251.746471,-20.998956,9.040262,C
251.753352,-20.999712,9.040155,C
251.747547,-20.998694,9.040365,C
251.746042,-21.000171,9.039870,C
251.752018,-21.001606,9.039531,C
251.749198,-21.001527,9.039502,C
251.747087,-20.998656,9.040369,C
251.747559,-20.998535,9.040416,C
251.748371,-21.001443,9.039513,C
251.749874,-21.001626,9.039484,C
251.753115,-20.999215,9.040308,C
251.746431,-20.999368,9.040131,C
251.746295,-20.999791,9.039995,C
251.747806,-20.998680,9.040375,C
251.751424,-21.001447,9.039570,C
251.752713,-20.998930,9.040390,C
251.746916,-21.000938,9.039644,C
251.753071,-20.999106,9.040342,C
251.749178,-20.998254,9.040536,C
251.753074,-21.000937,9.039763,C
251.752343,-20.998872,9.040401,C
251.746291,-21.000459,9.039784,C
251.750394,-20.998289,9.040548,C
251.753056,-21.001099,9.039711,C
251.753141,-21.001235,9.039670,C
251.753854,-20.999871,9.040115,C
251.752025,-21.001464,9.039576,C
251.752617,-21.001176,9.039679,C
251.749819,-20.998292,9.040536,C
251.746670,-21.000600,9.039746,C
251.750373,-20.998371,9.040522,C
251.748726,-21.001541,9.039489,C
251.748175,-20.998487,9.040443,C
251.750602,-20.998536,9.040474,C
251.746104,-21.000089,9.039897,C
251.747614,-20.998687,9.040369,C
251.746765,-20.999184,9.040196,C
251.753253,-20.999109,9.040344,C
251.752836,-20.999028,9.040362,C
251.753243,-20.999132,9.040337,C
251.752873,-21.001046,9.039725,C
251.753174,-21.001276,9.039658,C
251.750258,-20.998460,9.040492,C
251.752358,-21.001507,9.039569,C
251.748151,-20.998461,9.040451,C
251.754103,-21.000193,9.040018,C
251.753374,-21.000647,9.039860,C
251.752986,-21.001042,9.039728,C
251.746087,-20.999880,9.039963,C
251.751907,-21.001572,9.039540,C
251.751335,-20.998598,9.040469,C
251.753327,-20.999615,9.040186,C
251.752799,-21.001365,9.039623,C
251.748380,-20.998501,9.040443,C
251.747601,-21.001036,9.039626,C
251.749703,-21.001470,9.039530,C
251.750820,-20.998515,9.040485,C
251.746803,-21.000760,9.039698,C
251.752094,-21.001282,9.039635,C
251.748507,-20.998399,9.040477,C
251.749062,-20.998333,9.040509,C
251.754024,-21.000511,9.039916,C
251.746164,-20.999329,9.040138,C
251.748979,-20.998502,9.040454,C
251.749194,-21.001547,9.039496,C
251.753586,-20.999516,9.040222,C
251.753859,-20.999769,9.040147,C
251.751223,-20.998602,9.040465,C
251.752922,-20.999198,9.040310,C
251.753371,-21.001107,9.039715,C
251.748025,-20.998514,9.040432,C
251.752622,-21.001411,9.039605,C
251.752957,-21.001342,9.039633,C
251.747447,-21.001119,9.039597,C
251.753709,-20.999550,9.040213,C
251.746706,-20.999024,9.040245,C
251.749349,-21.001681,9.039456,C
251.748353,-20.998501,9.040442,C
251.745918,-20.999941,9.039940,C
251.746372,-20.999129,9.040205,C
251.753817,-21.000852,9.039804,C
251.750821,-21.001701,9.039478,C
251.748578,-20.998530,9.040437,C
251.752557,-21.001359,9.039620,C
251.750268,-20.998410,9.040508,C
251.751802,-20.998681,9.040452,C
251.751423,-20.998491,9.040504,C
251.747217,-21.000833,9.039683,C
251.746776,-21.000656,9.039731,C
251.748673,-20.998321,9.040505,C
251.746362,-21.000284,9.039840,C
251.753317,-21.000809,9.039808,C
251.747570,-20.998728,9.040355,C
251.751234,-20.998449,9.040514,C
251.746320,-21.000597,9.039740,C
251.752463,-20.999088,9.040336,C
251.753708,-21.000076,9.040047,C
251.753805,-21.000627,9.039875,C
251.746827,-20.998797,9.040319,C
251.752835,-21.001365,9.039623,C
251.746925,-20.998712,9.040348,C
251.753647,-21.000233,9.039996,C
251.753641,-20.999646,9.040182,C
251.750565,-20.998393,9.040519,C
251.745897,-20.999573,9.040056,C
251.749659,-20.998330,9.040521,C
251.748377,-21.001444,9.039513,C
251.750724,-21.001517,9.039534,C
251.752280,-20.998871,9.040401,C
251.747713,-21.001017,9.039635,C
251.749397,-21.001401,9.039546,C
251.746788,-20.998839,9.040305,C
251.753309,-20.999272,9.040294,C
251.748468,-21.001408,9.039526,C
251.752558,-21.001405,9.039605,C
251.752687,-21.001364,9.039621,C
251.746650,-20.999126,9.040212,C
251.753980,-21.000183,9.040019,C
251.748254,-20.998396,9.040473,C
251.746791,-20.999178,9.040198,C
251.753619,-21.000504,9.039910,C
251.753341,-21.001085,9.039721,C
251.753725,-21.000807,9.039817,C
251.746604,-20.999207,9.040185,C
251.748474,-21.001526,9.039488,C
251.748511,-21.001491,9.039500,C
251.746678,-20.999196,9.040190,C
251.753867,-20.999728,9.040160,C
251.747944,-20.998559,9.040416,C
251.746314,-20.999392,9.040121,C
251.749471,-21.001570,9.039494,C
251.752322,-21.001491,9.039573,C
251.747744,-20.998693,9.040370,C
251.747157,-20.998688,9.040360,C
251.747070,-21.001056,9.039610,C
251.746269,-21.000367,9.039812,C
251.753806,-21.000581,9.039890,C
251.748851,-20.998352,9.040499,C
251.751685,-20.998602,9.040474,C
251.746140,-21.000386,9.039804,C
251.746071,-21.000073,9.039901,C
251.748477,-21.001239,9.039579,C
251.746975,-21.001010,9.039623,C
251.746352,-20.999714,9.040020,C
251.750699,-21.001706,9.039474,C
251.749189,-21.001551,9.039494,C
251.753964,-20.999724,9.040163,C
251.753599,-20.999789,9.040136,C
251.751423,-20.998607,9.040468,C
251.753712,-20.999391,9.040264,C
251.753115,-20.999125,9.040336,C
251.752149,-20.998632,9.040474,C
251.748219,-20.998362,9.040483,C
251.749772,-21.001690,9.039462,C
251.750957,-20.998422,9.040517,C
251.748208,-20.998556,9.040422,C
251.753544,-21.000880,9.039790,C
251.749651,-21.001609,9.039485,C
251.748216,-21.001410,9.039520,C
251.746129,-20.999736,9.040009,C
251.748029,-20.998549,9.040421,C
251.747941,-20.998519,9.040428,C
251.752756,-21.001380,9.039617,C
251.746388,-21.000428,9.039795,C
251.753842,-21.000276,9.039987,C
251.753784,-21.000629,9.039874,C
251.745998,-20.999546,9.040066,C
251.751286,-21.001623,9.039512,C
251.746209,-21.000365,9.039812,C
251.750029,-21.001674,9.039472,C
251.753094,-21.001152,9.039695,C
251.753654,-21.000452,9.039927,C
251.747884,-21.001392,9.039520,C
251.746226,-21.000527,9.039761,C
251.753363,-21.001064,9.039728,C
251.753235,-20.999475,9.040228,C
251.750224,-21.001732,9.039457,C
251.753412,-21.000802,9.039812,C
251.751705,-20.998654,9.040458,C
251.746541,-20.999438,9.040111,C
251.747705,-20.998459,9.040443,C
251.746500,-21.000614,9.039739,C
251.745940,-20.999699,9.040017,C
251.754110,-21.000367,9.039963,C
251.749604,-20.998260,9.040542,C
251.751524,-20.998570,9.040481,C
251.746703,-21.000902,9.039652,C
251.752124,-21.001441,9.039586,C
251.750609,-20.998524,9.040478,C
251.750592,-20.998320,9.040542,C
251.752071,-20.998879,9.040394,C
251.746773,-21.000668,9.039727,C
251.752400,-21.001388,9.039608,C
251.746377,-20.999223,9.040176,C
251.748978,-20.998531,9.040444,C
251.753384,-20.999396,9.040256,C
251.750483,-20.998436,9.040503,C
251.746504,-21.000663,9.039723,C
251.752853,-20.998986,9.040375,C
251.749776,-20.998258,9.040546,C
251.750755,-21.001681,9.039483,C
251.753453,-20.999472,9.040233,C
251.747401,-21.001122,9.039595,C
251.752365,-21.001185,9.039671,C
251.746371,-21.000456,9.039786,C
251.748187,-20.998383,9.040476,C
251.748128,-20.998447,9.040455,C
251.748944,-21.001553,9.039489,C
251.752318,-20.998975,9.040368,C
251.751790,-20.998553,9.040492,C
251.752275,-21.001328,9.039624,C
251.746050,-20.999481,9.040088,C
251.748268,-20.998526,9.040433,C
251.746292,-20.999243,9.040168,C
251.746122,-21.000117,9.039888,C
251.750209,-21.001727,9.039458,C
251.753669,-21.000902,9.039785,C
251.752993,-21.001231,9.039669,C
251.747465,-21.000899,9.039667,C
251.747802,-20.998598,9.040401,C
251.752923,-21.001092,9.039711,C
251.751138,-21.001495,9.039549,C
251.746255,-20.999352,9.040133,C
251.746524,-20.999365,9.040134,C
251.753416,-21.000911,9.039778,C
251.747842,-20.998712,9.040365,C
251.752935,-20.998999,9.040373,C
251.746907,-21.000672,9.039728,C
251.751339,-20.998492,9.040502,C
251.750892,-21.001694,9.039482,C
251.746532,-21.000595,9.039745,C
251.753918,-21.000638,9.039874,C
251.746438,-20.999506,9.040088,C
251.750860,-20.998366,9.040533,C
251.746162,-21.000304,9.039830,C
251.753600,-20.999828,9.040124,C
251.750041,-21.001565,9.039506,C
251.752638,-20.998826,9.040422,C
251.746015,-20.999485,9.040086,C
251.749163,-20.998379,9.040496,C
251.746277,-20.999774,9.040000,C
251.752478,-21.001395,9.039607,C
251.752275,-21.001420,9.039595,C
251.752217,-20.998726,9.040445,C
251.746132,-21.000348,9.039816,C
251.753836,-21.000018,9.040068,C
251.752563,-21.001410,9.039604,C
251.747446,-21.001148,9.039588,C
251.754008,-21.000065,9.040057,C
251.752018,-21.001373,9.039605,C
251.751776,-20.998676,9.040453,C
251.753581,-20.999827,9.040124,C
251.746910,-21.000880,9.039663,C
251.747041,-20.998665,9.040365,C
251.746909,-21.000693,9.039722,C
251.747013,-20.998711,9.040350,C
251.750841,-21.001522,9.039535,C
251.753481,-21.000772,9.039823,C
251.751298,-20.998498,9.040500,C
251.753407,-21.000859,9.039794,C
251.753449,-21.001092,9.039721,C
251.749459,-20.998321,9.040520,C
251.746353,-20.999609,9.040053,C
251.749957,-21.001709,9.039459,C
251.746952,-20.998883,9.040294,C
251.745919,-20.999493,9.040082,C
251.753544,-20.999653,9.040178,C
251.749460,-21.001660,9.039465,C
251.750374,-21.001517,9.039528,C
251.749910,-20.998286,9.040540,C
251.745979,-20.999968,9.039933,C
251.753796,-20.999777,9.040143,C
251.749010,-21.001566,9.039486,C
251.750634,-21.001525,9.039530,C
251.746189,-20.999709,9.040019,C
251.746414,-21.000252,9.039851,C
251.752742,-21.001098,9.039706,C
251.752699,-21.001334,9.039630,C
251.750876,-21.001705,9.039478,C
251.746232,-20.999720,9.040016,C
251.750341,-20.998458,9.040494,C
251.747149,-20.998702,9.040355,C
251.751299,-20.998711,9.040432,C
251.748068,-21.001286,9.039556,C
251.753917,-20.999827,9.040130,C
251.746921,-21.000993,9.039627,C
251.753746,-20.999874,9.040112,C
251.747897,-20.998462,9.040445,C
251.746651,-20.999005,9.040250,C
251.746557,-20.999527,9.040083,C
251.753507,-21.000753,9.039830,C
251.750185,-21.001554,9.039512,C
251.753765,-21.000230,9.040000,C
251.750022,-21.001610,9.039492,C
251.753842,-21.000071,9.040051,C
251.749616,-21.001525,9.039511,C
251.752337,-21.001202,9.039665,C
251.746615,-21.000502,9.039776,C
251.749963,-21.001646,9.039479,C
251.746185,-21.000431,9.039791,C
251.747728,-20.998593,9.040401,C
251.747655,-21.001023,9.039632,C
251.753855,-20.999650,9.040185,C
251.749469,-20.998298,9.040528,C
251.749558,-20.998487,9.040470,C
251.753131,-21.000995,9.039746,C
251.748057,-21.001430,9.039511,C
251.751844,-21.001514,9.039557,C
251.746625,-21.000482,9.039783,C
251.745963,-20.999649,9.040033,C
251.753920,-21.000252,9.039996,C
251.750751,-21.001673,9.039486,C
251.747002,-21.000864,9.039669,C
251.748112,-21.001271,9.039562,C
251.752598,-21.001179,9.039677,C
251.753325,-20.999366,9.040264,C
251.749689,-20.998427,9.040491,C
251.747173,-20.998760,9.040337,C
251.746088,-20.999964,9.039936,C
251.753949,-21.000225,9.040005,C
251.748554,-20.998381,9.040484,C
251.753724,-21.000401,9.039945,C
251.747180,-21.000854,9.039676,C
251.746507,-21.000509,9.039772,C
251.747524,-21.001204,9.039572,C
251.746120,-21.000039,9.039913,C
251.749400,-20.998278,9.040533,C
251.750027,-21.001478,9.039533,C
251.746417,-20.999171,9.040193,C
251.748999,-20.998279,9.040524,C
251.745938,-20.999757,9.039999,C
251.751878,-21.001628,9.039522,C
251.752461,-21.001168,9.039678,C
251.750966,-21.001700,9.039481,C
251.753921,-21.000151,9.040028,C
251.746296,-20.999048,9.040230,C
251.746865,-20.999230,9.040183,C
251.746876,-21.000984,9.039629,C
251.753625,-21.000689,9.039852,C
251.753432,-21.000681,9.039851,C
251.753654,-21.000121,9.040032,C
251.754012,-20.999923,9.040101,C
251.750951,-20.998361,9.040536,C
251.752352,-20.998731,9.040446,C
251.746320,-20.999530,9.040078,C
251.753417,-21.000795,9.039814,C
251.751688,-21.001399,9.039590,C
251.747397,-20.998735,9.040350,C
251.747936,-20.998445,9.040452,C
251.751995,-20.998615,9.040476,C
251.746227,-20.999409,9.040114,C
251.745957,-20.999883,9.039959,C
251.752299,-21.001502,9.039570,C
251.754162,-21.000208,9.040014,C
251.747330,-20.998676,9.040367,C
251.751642,-21.001661,9.039507,C
251.746241,-20.999620,9.040048,C
251.753163,-20.999179,9.040320,C
251.747647,-20.998589,9.040401,C
251.753860,-21.000693,9.039855,C
251.753938,-21.000337,9.039969,C
251.748153,-21.001325,9.039546,C
251.752036,-20.998850,9.040402,C
251.753832,-20.999547,9.040217,C
251.746058,-20.999753,9.040002,C
251.750296,-20.998551,9.040464,C
251.753593,-21.000369,9.039952,C
251.752537,-21.001364,9.039618,C
251.752805,-21.001388,9.039615,C
251.752312,-20.998848,9.040409,C
251.753779,-21.000500,9.039915,C
251.753838,-20.999713,9.040165,C
251.753146,-21.001047,9.039730,C
251.748185,-20.998449,9.040455,C
251.753570,-21.000934,9.039774,C
251.748620,-21.001514,9.039495,C
251.748991,-20.998315,9.040513,C
251.751143,-20.998393,9.040530,C
251.746205,-20.999542,9.040072,C
251.750969,-21.001684,9.039486,C
251.748624,-20.998474,9.040456,C
251.746379,-20.998985,9.040251,C
251.749282,-21.001470,9.039522,C
251.752989,-20.999388,9.040251,C
251.746041,-21.000297,9.039830,C
251.748067,-21.001446,9.039506,C
251.750235,-21.001692,9.039470,C
251.751848,-21.001363,9.039605,C
251.753813,-21.000171,9.040019,C
251.751115,-21.001665,9.039496,C
251.753437,-20.999250,9.040303,C
251.747382,-20.998783,9.040334,C
251.754008,-21.000015,9.040072,C
251.753469,-21.000320,9.039966,C
251.748897,-20.998322,9.040509,C
251.747022,-21.000988,9.039631,C
251.748218,-20.998648,9.040393,C
251.750923,-20.998433,9.040513,C
251.753793,-21.000635,9.039872,C
251.753570,-21.000869,9.039794,C
251.749905,-20.998439,9.040492,C
251.746274,-21.000273,9.039842,C
251.750690,-20.998582,9.040461,C
251.745920,-20.999509,9.040077,C
251.753850,-21.000155,9.040025,C
251.746308,-21.000167,9.039876,C
251.750378,-21.001727,9.039462,C
251.750024,-20.998546,9.040460,C
251.751310,-21.001697,9.039489,C
251.746174,-20.999441,9.040103,C
251.752605,-21.001143,9.039689,C
251.749889,-20.998310,9.040532,C
251.745874,-20.999702,9.040015,C
251.747490,-21.001213,9.039568,C
251.750981,-21.001737,9.039470,C
251.748865,-21.001577,9.039480,C
251.752586,-21.001371,9.039617,C
251.748304,-21.001375,9.039533,C
251.752472,-20.998957,9.040377,C
251.746391,-20.999533,9.040078,C
251.746704,-20.998970,9.040262,C
251.751406,-21.001692,9.039492,C
251.747956,-20.998427,9.040458,C
251.746139,-20.999443,9.040102,C
251.750517,-21.001721,9.039466,C
251.753527,-21.001052,9.039736,C
251.753262,-21.000999,9.039747,C
251.753701,-21.000534,9.039902,C
251.746569,-20.999430,9.040114,C
251.746113,-21.000253,9.039845,C
251.753038,-20.999061,9.040355,C
251.751260,-21.001712,9.039483,C
251.746985,-20.998692,9.040355,C
251.753117,-21.001054,9.039727,C
251.747602,-20.998669,9.040375,C
251.746176,-21.000319,9.039826,C
251.752219,-21.001504,9.039568,C
251.746485,-21.000553,9.039758,C
251.748050,-20.998462,9.040449,C
251.746515,-21.000374,9.039815,C
251.753463,-20.999348,9.040273,C
251.751083,-20.998415,9.040522,C
251.751487,-20.998600,9.040471,C
251.751723,-21.001573,9.039536,C
251.750326,-21.001752,9.039453,C
251.746004,-20.999490,9.040084,C
251.752691,-21.001225,9.039665,C
251.750422,-20.998315,9.040541,C
251.753008,-20.999167,9.040321,C
251.752643,-20.998926,9.040390,C
251.751952,-21.001484,9.039568,C
251.752766,-21.001163,9.039686,C
251.749760,-20.998269,9.040542,C
251.751978,-21.001546,9.039550,C
251.746023,-20.999359,9.040126,C
251.749658,-21.001661,9.039469,C
251.747547,-20.998538,9.040415,C
251.754063,-21.000137,9.040035,C
251.750592,-21.001531,9.039528,C
251.751021,-21.001673,9.039491,C
251.751840,-20.998759,9.040428,C
251.746486,-21.000735,9.039700,C
251.752011,-20.998722,9.040442,C
251.751150,-20.998528,9.040487,C
251.748786,-21.001301,9.039565,C
251.746633,-21.000553,9.039761,C
251.746992,-21.001047,9.039611,C
251.752512,-21.001191,9.039672,C
251.753473,-20.999491,9.040228,C
251.746282,-21.000481,9.039776,C
251.748428,-21.001506,9.039494,C
251.746311,-21.000468,9.039781,C
251.751062,-20.998569,9.040473,C
251.753704,-21.000269,9.039986,C
251.749632,-21.001699,9.039456,C
251.751505,-21.001556,9.039537,C
251.751543,-20.998639,9.040460,C
251.753843,-21.000814,9.039817,C
251.753070,-21.001217,9.039674,C
251.751448,-20.998516,9.040497,C
251.753629,-20.999654,9.040179,C
251.753480,-21.000666,9.039856,C
251.749368,-21.001636,9.039471,C
251.746758,-21.000856,9.039667,C
251.746966,-21.000875,9.039665,C
251.753515,-21.000833,9.039805,C
251.746360,-21.000598,9.039741,C
251.746343,-20.999000,9.040246,C
251.746344,-20.999357,9.040133,C
251.748850,-20.998338,9.040503,C
251.753266,-20.999125,9.040339,C
251.745922,-20.999778,9.039992,C
251.746724,-20.998832,9.040306,C
251.746087,-21.000374,9.039806,C
251.747646,-20.998502,9.040428,C
251.753508,-21.000639,9.039866,C
251.753671,-20.999587,9.040201,C
251.745963,-20.999532,9.040070,C
251.752326,-21.001292,9.039636,C
251.749961,-21.001721,9.039455,C
251.745992,-21.000124,9.039884,C
251.753689,-21.000467,9.039923,C
251.751143,-21.001724,9.039477,C
251.747236,-20.998999,9.040263,C
251.750540,-20.998436,9.040505,C
251.750659,-21.001740,9.039463,C
251.753705,-20.999502,9.040229,C
251.752444,-21.001371,9.039614,C
251.753160,-20.999310,9.040279,C
251.746141,-21.000436,9.039788,C
251.748324,-21.001502,9.039493,C
251.749259,-20.998275,9.040531,C
251.753442,-20.999292,9.040290,C
251.749426,-21.001668,9.039462,C
251.746281,-20.999211,9.040178,C
251.753815,-20.999513,9.040227,C
251.753696,-21.000169,9.040018,C
251.746272,-20.999320,9.040143,C
251.747190,-21.001138,9.039586,C
251.746391,-20.999313,9.040148,C
251.749916,-20.998407,9.040502,C
251.745838,-20.999802,9.039983,C
251.752784,-20.998961,9.040382,C
251.746201,-21.000529,9.039760,C
251.752774,-20.999107,9.040336,C
251.750163,-21.001656,9.039480,C
251.746290,-21.000131,9.039887,C
251.746054,-20.999875,9.039964,C
251.752705,-20.998835,9.040420,C
251.747063,-20.998699,9.040355,C
251.752651,-21.001368,9.039619,C
251.753915,-20.999809,9.040136,C
251.746575,-20.999073,9.040227,C
251.748429,-20.998468,9.040454,C
251.753771,-20.999717,9.040162,C
251.753819,-20.999879,9.040112,C
251.750319,-20.998441,9.040499,C
251.750360,-20.998335,9.040533,C
251.751319,-21.001621,9.039513,C
251.750509,-21.001741,9.039460,C
251.746606,-21.000366,9.039819,C
251.746144,-21.000156,9.039877,C
251.747207,-20.998633,9.040378,C
251.753597,-21.001028,9.039744,C
251.753939,-21.000466,9.039928,C
251.753092,-21.001099,9.039712,C
251.751462,-21.001417,9.039580,C
251.753576,-21.000780,9.039822,C
251.747827,-21.001297,9.039548,C
251.751271,-21.001651,9.039503,C
251.747352,-20.998761,9.040341,C
251.746697,-20.998939,9.040272,C
251.749572,-20.998287,9.040533,C
251.746941,-20.998798,9.040321,C
251.752638,-20.998801,9.040430,C
251.751199,-21.001634,9.039507,C
251.746305,-21.000583,9.039745,C
251.748371,-20.998392,9.040477,C
251.751504,-20.998456,9.040517,C
251.752925,-21.001324,9.039638,C
251.752134,-21.001282,9.039636,C
251.750244,-21.001580,9.039506,C
251.750206,-21.001737,9.039455,C
251.753451,-20.999326,9.040279,C
251.753238,-21.001191,9.039686,C
251.753587,-20.999824,9.040125,C
251.751631,-20.998635,9.040463,C
251.753828,-21.000499,9.039916,C
251.748357,-20.998440,9.040461,C
251.750367,-20.998317,9.040539,C
251.753952,-20.999888,9.040111,C
251.751500,-21.001677,9.039499,C
251.752398,-20.998755,9.040440,C
251.747187,-21.000926,9.039653,C
251.749279,-21.001613,9.039476,C
251.746950,-21.000703,9.039719,C
251.748425,-21.001190,9.039594,C
251.749710,-21.001677,9.039464,C
251.751100,-21.001576,9.039523,C
251.749168,-20.998395,9.040491,C
251.753489,-20.999890,9.040102,C
251.749115,-20.998303,9.040519,C
251.746372,-20.999227,9.040174,C
251.748541,-21.001363,9.039541,C
251.746216,-21.000253,9.039847,C
251.750902,-21.001672,9.039489,C
251.751861,-21.001556,9.039544,C
251.753870,-20.999694,9.040171,C
251.753942,-21.000051,9.040060,C
251.753708,-20.999409,9.040258,C
251.746253,-20.999293,9.040151,C
251.746247,-20.999555,9.040068,C
251.746125,-21.000157,9.039876,C
251.753222,-21.001217,9.039677,C
251.751926,-21.001345,9.039612,C
251.754094,-20.999993,9.040081,C
251.745938,-20.999528,9.040071,C
251.745971,-20.999395,9.040114,C
251.750322,-20.998390,9.040515,C
251.753213,-21.000758,9.039822,C
251.746770,-21.000847,9.039670,C
251.748501,-20.998370,9.040486,C
251.752251,-20.998836,9.040411,C
251.753776,-20.999600,9.040199,C
251.746102,-21.000061,9.039906,C
251.747550,-20.998595,9.040397,C
251.747308,-21.000830,9.039686,C
251.750450,-21.001577,9.039510,C
251.751394,-21.001588,9.039525,C
251.747296,-20.998563,9.040402,C
251.749262,-20.998286,9.040528,C
251.751384,-21.001563,9.039533,C
251.748470,-21.001517,9.039491,C
251.746493,-20.999452,9.040106,C
251.753516,-21.000720,9.039840,C
251.746333,-20.999801,9.039992,C
251.753197,-21.001211,9.039679,C
251.753960,-21.000448,9.039935,C
251.753605,-21.000726,9.039840,C
251.747837,-21.001087,9.039615,C
251.748324,-20.998552,9.040425,C
251.750531,-20.998435,9.040505,C
251.753527,-20.999345,9.040275,C
251.746343,-21.000381,9.039809,C
251.746940,-21.001023,9.039618,C
251.747058,-20.998859,9.040304,C
251.748181,-21.001447,9.039508,C
251.753351,-20.999329,9.040277,C
251.748025,-20.998394,9.040470,C
251.752768,-20.999193,9.040308,C
251.750021,-20.998473,9.040483,C
251.751262,-20.998531,9.040488,C
251.746290,-20.999664,9.040035,C
251.750690,-21.001620,9.039501,C
251.750492,-21.001642,9.039491,C
251.751150,-20.998443,9.040514,C
251.753961,-21.000073,9.040053,C
251.753619,-21.000967,9.039764,C
251.746061,-20.999978,9.039931,C
251.753645,-20.999765,9.040144,C
251.749130,-20.998340,9.040508,C
251.750591,-21.001649,9.039490,C
251.746781,-20.998963,9.040266,C
251.747570,-21.001190,9.039577,C
251.747537,-20.998666,9.040374,C
251.748772,-21.001581,9.039477,C
251.746616,-21.000560,9.039758,C
251.747013,-20.998847,9.040307,C
251.746104,-20.999756,9.040002,C
251.752026,-20.998686,9.040454,C
251.750704,-21.001484,9.039545,C
251.747534,-20.998526,9.040418,C
251.746445,-21.000725,9.039703,C
251.746995,-20.998756,9.040335,C
251.753187,-21.001128,9.039705,C
251.750491,-20.998381,9.040521,C
251.748611,-20.998418,9.040473,C
251.752045,-20.998615,9.040477,C
251.754025,-20.999840,9.040128,C
251.748727,-21.001559,9.039483,C
251.749199,-21.001560,9.039492,C
251.751002,-21.001492,9.039548,C
251.748607,-21.001375,9.039539,C
251.753303,-20.999306,9.040283,C
251.754075,-21.000527,9.039912,C
251.752627,-21.001264,9.039651,C
251.748142,-21.001375,9.039530,C
251.753667,-21.000043,9.040057,C
251.750835,-20.998602,9.040458,C
251.747540,-20.998827,9.040324,C
251.748527,-20.998407,9.040475,C
251.752051,-20.998743,9.040437,C
251.752721,-20.999050,9.040353,C
251.745986,-20.999993,9.039925,C
251.746845,-21.000736,9.039707,C
251.749662,-20.998388,9.040503,C
251.747654,-20.998676,9.040373,C
251.748971,-20.998417,9.040481,C
251.748726,-21.001547,9.039487,C
251.752456,-21.001509,9.039571,C
251.752944,-21.001216,9.039672,C
251.750313,-21.001696,9.039470,C
251.752080,-21.001569,9.039544,C
251.746192,-21.000303,9.039831,C
251.747705,-20.998487,9.040434,C
251.753242,-21.001129,9.039706,C
251.753245,-20.999269,9.040293,C
251.750172,-21.001564,9.039509,C
251.752410,-21.001442,9.039591,C
251.748592,-20.998338,9.040498,C
251.752685,-21.001387,9.039613,C
251.746811,-21.000909,9.039652,C
251.749753,-21.001629,9.039481,C
251.748087,-21.001442,9.039508,C
251.753212,-20.999257,9.040296,C
251.753951,-20.999823,9.040132,C
251.747314,-20.998650,9.040375,C
251.751666,-21.001603,9.039525,C
251.746470,-20.999161,9.040197,C
251.746866,-21.000938,9.039643,C
251.753950,-20.999908,9.040105,C
251.751365,-20.998434,9.040521,C
251.746088,-20.999437,9.040103,C
251.748740,-20.998305,9.040512,C
251.752823,-20.998977,9.040378,C
251.754123,-21.000339,9.039972,C
251.750859,-21.001696,9.039481,C
251.752358,-20.998934,9.040382,C
251.753453,-21.000611,9.039873,C
251.746722,-21.000579,9.039754,C
251.749313,-20.998485,9.040466,C
251.753831,-20.999724,9.040161,C
251.754029,-21.000251,9.039998,C
251.748390,-21.001414,9.039522,C
251.748091,-20.998676,9.040382,C
251.750572,-21.001675,9.039482,C
251.751596,-21.001647,9.039510,C
251.753116,-20.999264,9.040292,C
251.747863,-20.998466,9.040444,C
251.751939,-21.001352,9.039610,C
251.753249,-21.000776,9.039817,C
251.752943,-20.999054,9.040356,C
251.751406,-21.001477,9.039560,C
251.750977,-21.001653,9.039496,C
251.747115,-20.998786,9.040328,C
251.746901,-21.000651,9.039735,C
251.753151,-20.999261,9.040294,C
251.751554,-21.001647,9.039510,C
251.746795,-21.000839,9.039673,C
251.753815,-20.999607,9.040197,C
251.749990,-21.001719,9.039457,C
251.746614,-21.000755,9.039696,C
251.753949,-21.000267,9.039992,C
251.751679,-21.001331,9.039612,C
251.746566,-21.000779,9.039688,C
251.754004,-20.999722,9.040165,C
251.750457,-20.998458,9.040496,C
251.752055,-21.001492,9.039568,C
251.748923,-20.998391,9.040488,C
251.752865,-21.001157,9.039689,C
251.748187,-20.998546,9.040425,C
251.752214,-21.001410,9.039597,C
251.747718,-21.001277,9.039553,C
251.750318,-20.998397,9.040513,C
251.748099,-21.001294,9.039555,C
251.753810,-20.999560,9.040212,C
251.748414,-20.998502,9.040443,C
251.753870,-21.000129,9.040034,C
251.753277,-20.999256,9.040298,C
251.746567,-20.998976,9.040258,C
251.753252,-20.999216,9.040310,C
251.753004,-21.001037,9.039730,C
251.746355,-21.000198,9.039867,C
251.748414,-21.001416,9.039522,C
251.747302,-20.998583,9.040396,C
251.750889,-21.001503,9.039542,C
251.747579,-20.998690,9.040367,C
251.753987,-21.000259,9.039995,C
251.746683,-20.999084,9.040226,C
251.749195,-20.998383,9.040496,C
251.746340,-20.999156,9.040196,C
251.748932,-21.001461,9.039518,C
251.752605,-20.998792,9.040432,C
251.750924,-20.998501,9.040491,C
251.747482,-21.001089,9.039607,C
251.748110,-20.998427,9.040461,C
251.747131,-20.998599,9.040388,C
251.747245,-20.998861,9.040307,C
251.753427,-21.000956,9.039764,C
251.750334,-20.998362,9.040524,C
251.749123,-20.998483,9.040463,C
251.747589,-20.998613,9.040392,C
251.751040,-20.998380,9.040532,C
251.747368,-21.001052,9.039617,C
251.749436,-20.998336,9.040515,C
251.751461,-20.998523,9.040495,C
251.745958,-20.999899,9.039954,C
251.747358,-21.000826,9.039688,C
251.753933,-21.000537,9.039906,C
251.751659,-21.001440,9.039577,C
251.749504,-21.001537,9.039505,C
251.752516,-21.001496,9.039576,C
251.749562,-20.998377,9.040504,C
251.754111,-20.999938,9.040099,C
251.748340,-20.998493,9.040444,C
251.750970,-20.998475,9.040501,C
251.746092,-21.000143,9.039880,C
251.754069,-21.000349,9.039968,C
251.751412,-21.001524,9.039546,C
251.753391,-20.999168,9.040328,C
251.748917,-21.001583,9.039479,C
251.746188,-20.999796,9.039991,C
251.753190,-21.000994,9.039747,C
251.752332,-21.001322,9.039627,C
251.745929,-20.999703,9.040015,C
251.747998,-20.998630,9.040394,C
251.746068,-21.000153,9.039876,C
251.747199,-21.001106,9.039597,C
251.749366,-21.001413,9.039541,C
251.751828,-21.001581,9.039535,C
251.749570,-20.998310,9.040526,C
251.745966,-20.999408,9.040109,C
251.746534,-20.999009,9.040247,C
251.746712,-20.998846,9.040301,C
251.746163,-20.999325,9.040140,C
251.752201,-20.998773,9.040430,C
251.750223,-21.001745,9.039453,C
251.751633,-21.001515,9.039553,C
251.749906,-21.001705,9.039459,C
251.751675,-21.001627,9.039518,C
251.752589,-20.998763,9.040441,C
251.750958,-20.998353,9.040539,C
251.753677,-20.999431,9.040250,C
251.748374,-20.998459,9.040456,C
251.748360,-20.998416,9.040469,C
251.748055,-20.998453,9.040451,C
251.748733,-20.998417,9.040476,C
251.753177,-20.999148,9.040330,C
251.752269,-21.001337,9.039621,C
251.753195,-21.001064,9.039725,C
251.749816,-20.998379,9.040509,C
251.747873,-20.998616,9.040396,C
251.753427,-20.999472,9.040233,C
251.747869,-21.001319,9.039542,C
251.750549,-21.001600,9.039505,C
251.746011,-20.999470,9.040091,C
251.752797,-21.001416,9.039607,C
251.754006,-20.999877,9.040116,C
251.749827,-21.001713,9.039456,C
251.753549,-20.999342,9.040276,C
251.747045,-21.001030,9.039618,C
251.750059,-21.001625,9.039488,C
251.752045,-20.998648,9.040467,C
251.753861,-20.999743,9.040156,C
251.746880,-20.998823,9.040312,C
251.752972,-21.001290,9.039650,C
251.746107,-20.999285,9.040151,C
251.753777,-21.000275,9.039986,C
251.753056,-20.999048,9.040360,C
251.750153,-20.998353,9.040523,C
251.748570,-20.998373,9.040487,C
251.749592,-21.001506,9.039516,C
251.753478,-20.999242,9.040306,C
251.752583,-21.001349,9.039623,C
251.746550,-20.998870,9.040291,C
251.748863,-20.998417,9.040478,C
251.749126,-21.001551,9.039493,C
251.753755,-21.000517,9.039909,C
251.752723,-20.999126,9.040329,C
251.750135,-21.001584,9.039502,C
251.746313,-21.000017,9.039924,C
251.750420,-21.001545,9.039520,C
251.748742,-21.001417,9.039528,C
251.746363,-20.999943,9.039948,C
251.752579,-20.998825,9.040421,C
251.752859,-21.001223,9.039669,C
251.754167,-21.000197,9.040018,C
251.747605,-20.998610,9.040393,C
251.753924,-20.999607,9.040200,C
251.753450,-21.000802,9.039813,C
251.750415,-21.001640,9.039490,C
251.746029,-21.000166,9.039871,C
251.753525,-20.999363,9.040269,C
251.746280,-20.999056,9.040227,C
251.747030,-20.998778,9.040329,C
251.752438,-20.998953,9.040378,C
251.750629,-21.001744,9.039461,C
251.746949,-21.000867,9.039667,C
251.747178,-20.998795,9.040326,C
251.751977,-21.001554,9.039547,C
251.746586,-20.999113,9.040215,C
251.747628,-21.001109,9.039604,C
251.753918,-20.999951,9.040091,C
251.748378,-20.998411,9.040471,C
251.753593,-21.000943,9.039771,C
251.748052,-21.001317,9.039546,C
251.748505,-21.001419,9.039523,C
251.750738,-21.001709,9.039474,C
251.752914,-21.001320,9.039639,C
251.750833,-21.001675,9.039487,C
251.752541,-20.998935,9.040386,C
251.749089,-20.998462,9.040469,C
251.750448,-21.001675,9.039479,C
251.753571,-20.999514,9.040222,C
251.753976,-21.000343,9.039968,C
251.746233,-20.999568,9.040064,C
251.747633,-20.998472,9.040437,C
251.752154,-21.001516,9.039562,C
251.749384,-21.001642,9.039469,C
251.748472,-20.998529,9.040435,C
251.753433,-20.999446,9.040241,C
251.750612,-21.001666,9.039485,C
251.754029,-21.000195,9.040016,C
251.746340,-20.999579,9.040063,C
251.749215,-20.998428,9.040482,C
251.749573,-20.998469,9.040476,C
251.747150,-20.998649,9.040372,C
251.752829,-21.001397,9.039613,C
251.753514,-21.000894,9.039785,C
251.753184,-21.000949,9.039761,C
251.752185,-21.001301,9.039631,C
251.752583,-21.001413,9.039603,C
251.746654,-21.000664,9.039726,C
251.753307,-20.999295,9.040286,C
251.750970,-21.001521,9.039538,C
251.751594,-21.001371,9.039597,C
251.752846,-20.998939,9.040390,C
251.753604,-20.999995,9.040071,C
251.746331,-20.999934,9.039950,C
251.746155,-20.999678,9.040028,C
251.752041,-21.001468,9.039575,C
251.749301,-20.998293,9.040526,C
251.753523,-20.999292,9.040292,C
251.751347,-20.998509,9.040497,C
251.748997,-20.998417,9.040481,C
251.753763,-20.999562,9.040211,C
251.750236,-21.001494,9.039532,C
251.752999,-21.001076,9.039718,C
251.748207,-20.998360,9.040484,C
251.751468,-21.001618,9.039517,C
251.751943,-20.998743,9.040435,C
251.754090,-21.000142,9.040034,C
251.748905,-20.998466,9.040464,C
251.751597,-21.001592,9.039528,C
251.751526,-21.001577,9.039531,C
251.746459,-20.999984,9.039937,C
251.747429,-21.001115,9.039598,C
251.754017,-21.000484,9.039924,C
251.748826,-20.998308,9.040512,C
251.747389,-20.998726,9.040352,C
251.753587,-21.000310,9.039971,C
251.752177,-20.998643,9.040471,C
251.746176,-20.999618,9.040047,C
251.753374,-20.999439,9.040242,C
251.750019,-21.001666,9.039474,C
251.752601,-20.998841,9.040416,C
251.754120,-21.000355,9.039967,C
251.747850,-21.001064,9.039623,C
251.753851,-20.999883,9.040111,C
251.749029,-21.001591,9.039479,C
251.752789,-20.998917,9.040396,C
251.747767,-20.998553,9.040414,C
251.749472,-21.001516,9.039511,C
251.749467,-20.998297,9.040528,C
251.747067,-20.998896,9.040292,C
251.750306,-21.001500,9.039532,C
251.747765,-21.001130,9.039600,C
251.753189,-21.001262,9.039662,C
251.746690,-21.000756,9.039697,C
251.746481,-21.000546,9.039760,C
251.748725,-20.998511,9.040446,C
251.746994,-20.998919,9.040284,C
251.753239,-20.999205,9.040313,C
251.753034,-20.999240,9.040298,C
251.746290,-20.999195,9.040183,C
251.753719,-20.999885,9.040108,C
251.751361,-20.998557,9.040482,C
251.746804,-20.998838,9.040306,C
251.752526,-20.998833,9.040417,C
251.745893,-20.999841,9.039971,C
251.749654,-20.998539,9.040455,C
251.753699,-20.999486,9.040234,C
251.750728,-20.998442,9.040506,C
251.745859,-20.999669,9.040025,C
251.746148,-20.999191,9.040182,C
251.751807,-21.001469,9.039571,C
251.747172,-20.998982,9.040267,C
251.747170,-20.998916,9.040288,C
251.749551,-21.001529,9.039508,C
251.747633,-20.998514,9.040424,C
251.746181,-21.000360,9.039813,C
251.748954,-20.998299,9.040517,C
251.751166,-21.001715,9.039480,C
251.752073,-20.998756,9.040433,C
251.753903,-20.999970,9.040085,C
251.746514,-21.000369,9.039816,C
251.745983,-20.999422,9.040105,C
251.746758,-21.000925,9.039646,C
251.747331,-20.998606,9.040389,C
251.750957,-20.998389,9.040528,C
251.752347,-20.998916,9.040388,C
251.752968,-21.001298,9.039647,C
251.749987,-21.001571,9.039503,C
251.749710,-20.998250,9.040547,C
251.746796,-20.999094,9.040225,C
251.752932,-20.999013,9.040368,C
251.752594,-20.999175,9.040311,C
251.746288,-20.999176,9.040189,C
251.750020,-21.001462,9.039539,C
251.753485,-20.999261,9.040301,C
251.751203,-21.001715,9.039481,C
251.753324,-20.999146,9.040334,C
251.750960,-21.001726,9.039473,C
251.746368,-20.999906,9.039960,C
251.754026,-21.000258,9.039996,C
251.747718,-20.998682,9.040372,C
251.748598,-20.998416,9.040474,C
251.749987,-21.001709,9.039460,C
251.751792,-21.001595,9.039530,C
251.753973,-21.000009,9.040074,C
251.753907,-21.000795,9.039824,C
251.747402,-21.001219,9.039565,C
251.746798,-21.000703,9.039716,C
251.750881,-20.998344,9.040540,C
251.752130,-21.001326,9.039622,C
251.749110,-21.001548,9.039494,C
251.746028,-20.999448,9.040098,C
251.747062,-21.000966,9.039638,C
251.750654,-21.001744,9.039462,C
251.752275,-20.998768,9.040433,C
251.751357,-21.001641,9.039507,C
251.752680,-21.001413,9.039605,C
251.754022,-20.999868,9.040119,C
251.753564,-21.000994,9.039755,C
251.749076,-20.998284,9.040524,C
251.753211,-20.999158,9.040328,C
251.747026,-21.000725,9.039714,C
251.753812,-21.000217,9.040005,C
251.748167,-21.001395,9.039524,C
251.752835,-21.001031,9.039729,C
251.746837,-21.000485,9.039786,C
251.745972,-20.999681,9.040023,C
251.753679,-21.000772,9.039827,C
251.753152,-21.000764,9.039819,C
251.753770,-20.999510,9.040227,C
251.753526,-21.000541,9.039897,C
251.753349,-21.000934,9.039769,C
251.753655,-21.000987,9.039758,C
251.750647,-21.001598,9.039508,C
251.753455,-21.001031,9.039741,C
251.747707,-20.998691,9.040370,C
251.753606,-21.000745,9.039834,C
251.753417,-21.000761,9.039825,C
251.750332,-20.998329,9.040534,C
251.751921,-20.998606,9.040477,C
251.751200,-20.998503,9.040496,C
251.750916,-21.001573,9.039521,C
251.748107,-21.001423,9.039514,C
251.749963,-21.001702,9.039462,C
251.753518,-21.000958,9.039765,C
251.748472,-21.001393,9.039530,C
251.751948,-20.998679,9.040455,C
251.752541,-20.998998,9.040365,C
251.752127,-21.001393,9.039601,C
251.748715,-20.998393,9.040483,C
251.752566,-20.999019,9.040359,C
251.749785,-21.001495,9.039524,C
251.748058,-20.998597,9.040406,C
251.752658,-20.998930,9.040389,C
251.747996,-20.998695,9.040374,C
251.749921,-20.998474,9.040481,C
251.754012,-21.000562,9.039899,C
251.746544,-20.999973,9.039942,C
251.752849,-21.001274,9.039652,C
251.749484,-20.998437,9.040484,C
251.751752,-20.998670,9.040454,C
251.753585,-21.000865,9.039796,C
251.747116,-21.000707,9.039721,C
251.746789,-21.000741,9.039704,C
251.746359,-21.000341,9.039822,C
251.746034,-20.999983,9.039929,C
251.751371,-20.998437,9.040520,C
251.753725,-21.000051,9.040055,C
251.749475,-21.001636,9.039473,C
251.748386,-21.001409,9.039524,C
251.751699,-21.001614,9.039523,C
251.752533,-21.001195,9.039671,C
251.745875,-20.999958,9.039934,C
251.753727,-20.999622,9.040191,C
251.753750,-21.000881,9.039794,C
251.751646,-21.001661,9.039507,C
251.746893,-20.998905,9.040286,C
251.753572,-21.001035,9.039742,C
251.745978,-20.999639,9.040037,C
251.749306,-20.998354,9.040507,C
251.747059,-20.998656,9.040368,C
251.748282,-20.998559,9.040422,C
251.750845,-20.998372,9.040531,C
251.746213,-20.999751,9.040006,C
251.747717,-21.001289,9.039549,C
251.746344,-20.999597,9.040057,C
251.747010,-20.999049,9.040243,C
251.746774,-21.000921,9.039647,C
251.752198,-20.998644,9.040471,C
251.746668,-20.998795,9.040317,C
251.748482,-20.998331,9.040498,C
251.750386,-21.001746,9.039456,C
251.748881,-20.998321,9.040509,C
251.749795,-21.001634,9.039480,C
251.753429,-20.999439,9.040243,C
251.748559,-21.001334,9.039551,C
251.752196,-21.001558,9.039550,C
251.754078,-20.999996,9.040080,C
251.746589,-20.998840,9.040301,C
251.745924,-20.999698,9.040017,C
251.751924,-21.001562,9.039543,C
251.749143,-20.998353,9.040504,C
251.747083,-21.000811,9.039688,C
251.753258,-21.000840,9.039797,C
251.751106,-20.998568,9.040474,C
251.746668,-21.000325,9.039833,C
251.753873,-20.999729,9.040160,C
251.746798,-20.998857,9.040300,C
251.746484,-21.000724,9.039704,C
251.746280,-20.999056,9.040227,C
251.748317,-21.001499,9.039494,C
251.749180,-21.001628,9.039470,C
251.751397,-21.001449,9.039569,C
251.752927,-21.001325,9.039638,C
251.748829,-21.001563,9.039483,C
251.751704,-20.998643,9.040461,C
251.745907,-21.000117,9.039884,C
251.748761,-20.998387,9.040486,C
251.754063,-21.000446,9.039937,C
251.753559,-21.001012,9.039749,C
251.754014,-20.999792,9.040143,C
251.752408,-21.001295,9.039637,C
251.750477,-21.001687,9.039476,C
251.751710,-20.998715,9.040439,C
251.748714,-20.998409,9.040478,C
251.746616,-21.000556,9.039759,C
251.749559,-21.001581,9.039492,C
251.751014,-20.998384,9.040530,C
251.749177,-21.001539,9.039498,C
251.746864,-21.000906,9.039653,C
251.746562,-20.999444,9.040110,C
251.753969,-21.000047,9.040061,C
251.746413,-21.000687,9.039714,C
251.750144,-20.998435,9.040497,C
251.753799,-21.000650,9.039868,C
251.746461,-21.000486,9.039778,C
251.753477,-20.999901,9.040098,C
251.751805,-21.001657,9.039511,C
251.752523,-20.998900,9.040396,C
251.746560,-20.998948,9.040266,C
251.751558,-20.998756,9.040423,C
251.746265,-20.999726,9.040015,C
251.746631,-21.000855,9.039665,C
251.746372,-20.999063,9.040226,C
251.747686,-21.001236,9.039565,C
251.746330,-21.000581,9.039746,C
251.748629,-21.001487,9.039504,C
251.748387,-20.998419,9.040469,C
251.749746,-20.998464,9.040481,C
251.752490,-20.998947,9.040381,C
251.750165,-20.998478,9.040484,C
251.752439,-21.001324,9.039629,C
251.747439,-21.000954,9.039649,C
251.747647,-20.998494,9.040431,C
251.753614,-20.999489,9.040231,C
251.748786,-20.998359,9.040495,C
251.747350,-21.001079,9.039608,C
251.753810,-21.000356,9.039961,C
251.751162,-21.001669,9.039495,C
251.746195,-20.999667,9.040032,C
251.745948,-20.999702,9.040016,C
251.747651,-21.001192,9.039578,C
251.753199,-20.999169,9.040324,C
251.751636,-20.998715,9.040438,C
251.746847,-21.000524,9.039774,C
251.752682,-21.001328,9.039632,C
251.752793,-21.001308,9.039640,C
251.750512,-20.998570,9.040462,C
251.753216,-20.999354,9.040266,C
251.751354,-20.998487,9.040504,C
251.751649,-21.001480,9.039564,C
251.749786,-21.001705,9.039457,C
251.746021,-21.000113,9.039888,C
251.747502,-21.001186,9.039577,C
251.749764,-21.001417,9.039548,C
251.746663,-20.998949,9.040268,C
251.746138,-20.999233,9.040168,C
251.750685,-21.001695,9.039478,C
251.748474,-21.001375,9.039536,C
251.748286,-21.001313,9.039552,C
251.745961,-20.999558,9.040062,C
251.746169,-21.000427,9.039792,C
251.751842,-21.001605,9.039528,C
251.751896,-21.001635,9.039520,C
251.751226,-21.001587,9.039522,C
251.749613,-21.001491,9.039521,C
251.751397,-20.998664,9.040449,C
251.749861,-21.001663,9.039472,C
251.752954,-20.998975,9.040381,C
251.746723,-20.999243,9.040176,C
251.747469,-21.001203,9.039571,C
251.746618,-21.000605,9.039744,C
251.750985,-21.001549,9.039529,C
251.752838,-20.998882,9.040408,C
251.753519,-20.999269,9.040299,C
251.749003,-20.998441,9.040474,C
251.747344,-21.001118,9.039596,C
251.747750,-20.998470,9.040440,C
251.746510,-20.999225,9.040178,C
251.745844,-20.999686,9.040019,C
251.748651,-21.001494,9.039502,C
251.749000,-20.998545,9.040440,C
251.746267,-21.000057,9.039910,C
251.750013,-20.998357,9.040519,C
251.751279,-21.001607,9.039517,C
251.746037,-21.000146,9.039878,C
251.747891,-21.001165,9.039591,C
251.748136,-21.001406,9.039520,C
251.746406,-21.000360,9.039817,C
251.752992,-21.001226,9.039670,C
251.747120,-21.000954,9.039643,C
251.752011,-20.998600,9.040481,C
251.749524,-20.998393,9.040499,C
251.747053,-20.999058,9.040241,C
251.746882,-21.000826,9.039679,C
251.752222,-21.001424,9.039593,C
251.748695,-20.998499,9.040449,C
251.746862,-21.000867,9.039666,C
251.747746,-20.998590,9.040402,C
251.753021,-21.001098,9.039711,C
251.749645,-21.001581,9.039494,C
251.748147,-20.998451,9.040454,C
251.750748,-21.001650,9.039493,C
251.746112,-21.000149,9.039878,C
251.746165,-21.000209,9.039860,C
251.752995,-20.999005,9.040372,C
251.753780,-21.000105,9.040039,C
251.753530,-20.999814,9.040127,C
251.746238,-21.000419,9.039795,C
251.752228,-21.001408,9.039598,C
251.749383,-21.001593,9.039485,C
251.747417,-20.998934,9.040287,C
251.753526,-20.999734,9.040152,C
251.747807,-20.998512,9.040428,C
251.752165,-21.001570,9.039545,C
251.749297,-21.001449,9.039529,C
251.747799,-20.998709,9.040366,C
251.753095,-21.000845,9.039793,C
251.748175,-21.001185,9.039591,C
251.748660,-20.998550,9.040432,C
251.751993,-20.998886,9.040390,C
251.753026,-20.999042,9.040361,C
251.746387,-20.999688,9.040029,C
251.751587,-21.001581,9.039531,C
251.751167,-20.998389,9.040531,C
251.748522,-21.001427,9.039521,C
251.753604,-21.000789,9.039820,C
251.753845,-21.000637,9.039873,C
251.753886,-20.999930,9.040097,C
251.746070,-21.000159,9.039874,C
251.750385,-20.998499,9.040482,C
251.746278,-20.999976,9.039936,C
251.747022,-20.998920,9.040284,C
251.746673,-20.999094,9.040222,C
251.748541,-20.998326,9.040501,C
251.746379,-20.999324,9.040144,C
251.753636,-20.999555,9.040210,C
251.752721,-20.998891,9.040403,C
251.747113,-20.998694,9.040357,C
251.752657,-20.998920,9.040392,C
251.750005,-21.001639,9.039482,C
251.749466,-20.998396,9.040497,C
251.753864,-20.999883,9.040111,C
251.752830,-20.999041,9.040357,C
251.750800,-21.001618,9.039504,C
251.746528,-20.999265,9.040166,C
251.745978,-20.999545,9.040067,C
251.752576,-21.001231,9.039660,C
251.753833,-21.000477,9.039923,C
251.753687,-21.000527,9.039904,C
251.751879,-20.998670,9.040456,C
251.751606,-20.998481,9.040511,C
251.752274,-20.998847,9.040408,C
251.753545,-21.000642,9.039865,C
251.749111,-21.001645,9.039463,C
251.750229,-20.998328,9.040533,C
251.746470,-21.000292,9.039840,C
251.753217,-20.999380,9.040258,C
251.749315,-20.998394,9.040494,C
251.753248,-20.999228,9.040307,C
251.753306,-21.001199,9.039685,C
251.753900,-20.999921,9.040100,C
251.751417,-20.998463,9.040513,C
251.746615,-20.999066,9.040230,C
251.747583,-21.001016,9.039632,C
251.747094,-21.001013,9.039624,C
251.747841,-21.001171,9.039589,C
251.746725,-20.998790,9.040319,C
251.753709,-20.999502,9.040229,C
251.752997,-20.999194,9.040312,C
251.751347,-21.001530,9.039542,C
251.752745,-21.001264,9.039653,C
251.747320,-21.001083,9.039606,C
251.747661,-20.998577,9.040405,C
251.752147,-21.001432,9.039589,C
251.750632,-21.001682,9.039481,C
251.747601,-21.001063,9.039618,C
251.753904,-21.000356,9.039963,C
251.754064,-21.000123,9.040039,C
251.754116,-21.000192,9.040019,C
251.753995,-21.000676,9.039863,C
251.746976,-21.000884,9.039663,C
251.749335,-20.998452,9.040476,C
251.752097,-20.998684,9.040456,C
251.746557,-20.998878,9.040288,C
251.753981,-21.000133,9.040035,C
251.753570,-21.000865,9.039795,C
251.752097,-20.998644,9.040469,C
251.747502,-21.001222,9.039566,C
251.753075,-20.999391,9.040251,C
251.750454,-21.001743,9.039458,C
251.746922,-20.998853,9.040303,C
251.748333,-20.998462,9.040454,C
251.747109,-21.000856,9.039674,C
251.752376,-21.001424,9.039596,C
251.753294,-20.999593,9.040192,C
251.752692,-21.001399,9.039610,C
251.748947,-21.001385,9.039542,C
251.747323,-20.998696,9.040361,C
251.749147,-21.001637,9.039466,C
251.746555,-20.999239,9.040174,C
251.749849,-21.001653,9.039475,C
251.748091,-21.001352,9.039536,C
251.746262,-21.000275,9.039841,C
251.746428,-20.999021,9.040241,C
251.750749,-20.998329,9.040542,C
251.746092,-21.000296,9.039831,C
251.750839,-20.998406,9.040520,C
251.753787,-21.000394,9.039948,C
251.747052,-21.001015,9.039623,C
251.753461,-20.999872,9.040107,C
251.746512,-20.998985,9.040254,C
251.750957,-20.998531,9.040482,C
251.745998,-21.000207,9.039858,C
251.751551,-20.998552,9.040487,C
251.746589,-21.000811,9.039678,C
251.746687,-21.000656,9.039729,C
251.753829,-20.999782,9.040143,C
251.751108,-21.001670,9.039494,C
251.746828,-20.999156,9.040206,C
251.746228,-20.999511,9.040082,C
251.747516,-21.000943,9.039654,C
251.753356,-20.999359,9.040267,C
251.753853,-21.000813,9.039817,C
251.751528,-20.998569,9.040481,C
251.746834,-20.998863,9.040298,C
251.753975,-21.000272,9.039990,C
251.750533,-20.998562,9.040465,C
251.750196,-20.998397,9.040510,C
251.753393,-21.000768,9.039823,C
251.751037,-21.001539,9.039534,C
251.754022,-21.000467,9.039930,C
251.746004,-21.000271,9.039838,C
251.751621,-21.001531,9.039547,C
251.753905,-21.000798,9.039823,C
251.746008,-20.999768,9.039996,C
251.749769,-20.998374,9.040509,C
251.749736,-20.998424,9.040493,C
251.746874,-21.000809,9.039684,C
251.752796,-20.998974,9.040378,C
251.746470,-21.000624,9.039735,C
251.749843,-21.001631,9.039482,C
251.746270,-20.999411,9.040115,C
251.745949,-20.999689,9.040020,C
251.754159,-21.000237,9.040005,C
251.752465,-20.999054,9.040346,C
251.752571,-20.998928,9.040388,C
251.752948,-20.998945,9.040390,C
251.750758,-21.001499,9.039541,C
251.747232,-21.001024,9.039623,C
251.751893,-20.998595,9.040480,C
251.753497,-20.999364,9.040268,C
251.746264,-20.999092,9.040215,C
251.754084,-21.000037,9.040067,C
251.747921,-20.998419,9.040460,C
251.748950,-21.001622,9.039467,C
251.753555,-21.000276,9.039981,C
251.749826,-20.998298,9.040534,C
251.747891,-20.998751,9.040354,C
251.752615,-21.001370,9.039617,C
251.753632,-21.000588,9.039884,C
251.751836,-20.998832,9.040404,C
251.747552,-20.998480,9.040433,C
251.750296,-21.001599,9.039500,C
251.752855,-20.999074,9.040347,C
251.753898,-20.999755,9.040152,C
251.746546,-20.999067,9.040228,C
251.751957,-20.998767,9.040427,C
251.750954,-20.998399,9.040524,C
251.746271,-21.000046,9.039914,C
251.750852,-20.998355,9.040536,C
251.752474,-21.001178,9.039675,C
251.753589,-20.999992,9.040072,C
251.751940,-20.998594,9.040482,C
251.751421,-20.998563,9.040481,C
251.749073,-21.001554,9.039491,C
251.750595,-20.998503,9.040484,C
251.746338,-20.999346,9.040136,C
251.750099,-21.001627,9.039488,C
251.747907,-21.001315,9.039544,C
251.753279,-21.000770,9.039820,C
251.753079,-20.999148,9.040328,C
251.746268,-21.000299,9.039834,C
251.752575,-20.999079,9.040341,C
251.753776,-21.000120,9.040035,C
251.749366,-21.001617,9.039477,C
251.746081,-20.999836,9.039976,C
251.747120,-21.001021,9.039622,C
251.748641,-20.998468,9.040458,C
251.749584,-20.998552,9.040450,C
251.752553,-20.998797,9.040429,C
251.751190,-20.998502,9.040496,C
251.746409,-21.000028,9.039922,C
251.748169,-21.001389,9.039526,C
251.752574,-21.001448,9.039592,C
251.748114,-21.001227,9.039576,C
251.754088,-21.000311,9.039980,C
251.746452,-21.000577,9.039750,C
251.748201,-20.998585,9.040413,C
251.753836,-20.999708,9.040166,C
251.752482,-20.998777,9.040434,C
251.751680,-20.998700,9.040443,C
251.753646,-21.000818,9.039812,C
251.753739,-20.999715,9.040162,C
251.746132,-21.000332,9.039821,C
251.753799,-21.000001,9.040073,C
251.746597,-20.998878,9.040289,C
251.745889,-20.999620,9.040041,C
251.753925,-20.999809,9.040136,C
251.751444,-21.001661,9.039503,C
251.750438,-20.998340,9.040533,C
251.746203,-20.999404,9.040115,C
251.750163,-20.998406,9.040507,C
251.746986,-20.998884,9.040295,C
251.746520,-20.999214,9.040182,C
251.745982,-20.999508,9.040078,C
251.748859,-21.001509,9.039501,C
251.748717,-21.001466,9.039512,C
251.753373,-20.999196,9.040319,C
251.751159,-20.998518,9.040491,C
251.749760,-20.998420,9.040495,C
251.753044,-20.999042,9.040361,C
251.746415,-20.999438,9.040108,C
251.753831,-21.000844,9.039807,C
251.746816,-21.000660,9.039730,C
251.753146,-21.001074,9.039721,C
251.750785,-21.001628,9.039501,C
251.749618,-21.001594,9.039489,C
251.752266,-20.998949,9.040376,C
251.753959,-20.999935,9.040097,C
251.753735,-21.000779,9.039826,C
251.751836,-21.001616,9.039525,C
251.752444,-21.001249,9.039652,C
251.750949,-20.998610,9.040457,C
251.753184,-21.000742,9.039827,C
251.753198,-21.001208,9.039680,C
251.752116,-20.998934,9.040377,C
251.746471,-20.999204,9.040184,C
251.753521,-20.999283,9.040294,C
251.752465,-20.998839,9.040414,C
251.751560,-21.001638,9.039513,C
251.747417,-20.998668,9.040371,C
251.751761,-21.001639,9.039516,C
251.750502,-21.001476,9.039543,C
251.752542,-20.998885,9.040401,C
251.753691,-20.999386,9.040265,C
251.753449,-21.001022,9.039743,C
251.747906,-20.998454,9.040448,C
251.748746,-21.001387,9.039538,C
251.751538,-21.001599,9.039524,C
251.748328,-21.001349,9.039541,C
251.746262,-20.999861,9.039972,C
251.748302,-21.001423,9.039518,C
251.749258,-20.998315,9.040518,C
251.750872,-20.998469,9.040501,C
251.751142,-20.998433,9.040517,C
251.746126,-21.000421,9.039792,C
251.747825,-21.001292,9.039550,C
251.753989,-21.000443,9.039937,C
251.753688,-20.999839,9.040122,C
251.747454,-20.998682,9.040367,C
251.751498,-20.998587,9.040475,C
251.747254,-20.998670,9.040367,C
251.750649,-21.001681,9.039481,C
251.753169,-20.999233,9.040303,C
251.751913,-21.001331,9.039616,C
251.753602,-20.999958,9.040083,C
251.751084,-21.001704,9.039483,C
251.745960,-20.999446,9.040097,C
251.747063,-21.000850,9.039675,C
251.748177,-20.998400,9.040471,C
251.749923,-21.001724,9.039454,C
251.748115,-20.998523,9.040431,C
251.745984,-20.999884,9.039959,C
251.753746,-20.999754,9.040150,C
251.749906,-21.001636,9.039481,C
251.747621,-21.001277,9.039551,C
251.753550,-20.999449,9.040242,C
251.751225,-20.998438,9.040517,C
251.754005,-20.999723,9.040165,C
251.751363,-21.001515,9.039547,C
251.748633,-20.998427,9.040471,C
251.751749,-21.001484,9.039565,C
251.752478,-20.998836,9.040415,C
251.747135,-20.998860,9.040305,C
251.747681,-20.998569,9.040408,C
251.752613,-20.998787,9.040434,C
251.753017,-20.999114,9.040338,C
251.751486,-20.998675,9.040447,C
251.752849,-20.999157,9.040321,C
251.753708,-21.000370,9.039954,C
251.750624,-20.998445,9.040503,C
251.748663,-21.001562,9.039481,C
251.746860,-20.999012,9.040252,C
251.748125,-21.001398,9.039522,C
251.753501,-21.001000,9.039751,C
251.747218,-21.000931,9.039652,C
251.746198,-20.999966,9.039938,C
251.754054,-20.999980,9.040084,C
251.748473,-20.998602,9.040412,C
251.753080,-21.001308,9.039646,C
251.746476,-20.999178,9.040192,C
251.751846,-20.998703,9.040445,C
251.747323,-20.998753,9.040343,C
251.753496,-20.999598,9.040194,C
251.753925,-21.000763,9.039834,C
251.747279,-21.000797,9.039696,C
251.747329,-21.001145,9.039587,C
251.746041,-20.999814,9.039983,C
251.753538,-21.000543,9.039897,C
251.753725,-21.000590,9.039885,C
251.746073,-20.999381,9.040120,C
251.751778,-20.998549,9.040493,C
251.753882,-20.999684,9.040174,C
251.747182,-21.000823,9.039686,C
251.746331,-21.000208,9.039864,C
251.750495,-21.001698,9.039473,C
251.749992,-20.998301,9.040537,C
251.753599,-20.999692,9.040166,C
251.753576,-20.999391,9.040261,C
251.751450,-21.001570,9.039532,C
251.745902,-20.999945,9.039939,C
251.746177,-21.000480,9.039775,C
251.748417,-21.001474,9.039504,C
251.751860,-21.001614,9.039526,C
251.753279,-21.000728,9.039833,C
251.752103,-21.001324,9.039622,C
251.747459,-20.998525,9.040417,C
251.753541,-20.999265,9.040301,C
251.748595,-20.998480,9.040453,C
251.751579,-20.998684,9.040446,C
251.747816,-20.998536,9.040421,C
251.753776,-21.000324,9.039970,C
251.750482,-21.001662,9.039484,C
251.747019,-20.998687,9.040358,C
251.750361,-21.001738,9.039458,C
251.752158,-20.998688,9.040456,C
251.749913,-21.001677,9.039468,C
251.749644,-21.001690,9.039459,C
251.749370,-21.001420,9.039539,C
251.753894,-21.000384,9.039954,C
251.752153,-20.998648,9.040469,C
251.753536,-20.999411,9.040254,C
251.746089,-21.000081,9.039899,C
251.747429,-21.001175,9.039579,C
251.747682,-21.001170,9.039586,C
251.746425,-20.999383,9.040126,C
251.752643,-21.001420,9.039602,C
251.746128,-21.000051,9.039909,C
251.747878,-20.998551,9.040417,C
251.749438,-21.001587,9.039488,C
251.750645,-20.998492,9.040489,C
251.753525,-20.999345,9.040275,C
251.746407,-20.999127,9.040207,C
251.752020,-21.001458,9.039578,C
251.746270,-21.000054,9.039911,C
251.747398,-20.998639,9.040380,C
251.753712,-21.000383,9.039950,C
251.746187,-21.000065,9.039906,C
251.748904,-21.001574,9.039482,C
251.746068,-20.999881,9.039962,C
251.750804,-21.001698,9.039479,C
251.753221,-20.999254,9.040298,C
251.753077,-20.999339,9.040268,C
251.747582,-21.001079,9.039613,C
251.753856,-20.999536,9.040221,C
251.753844,-21.000768,9.039831,C
251.751273,-20.998448,9.040515,C
251.750990,-20.998498,9.040494,C
251.746003,-20.999353,9.040127,C
251.749727,-21.001640,9.039476,C
251.753309,-20.999180,9.040323,C
251.753400,-20.999259,9.040300,C
251.746745,-20.998975,9.040261,C
251.751519,-20.998757,9.040422,C
251.751597,-20.998593,9.040475,C
251.753968,-20.999701,9.040171,C
251.746463,-21.000576,9.039750,C
251.746358,-20.999197,9.040184,C
251.750030,-21.001473,9.039535,C
251.746480,-21.000579,9.039749,C
251.750345,-21.001749,9.039454,C
251.747020,-21.000929,9.039649,C
251.748093,-21.001444,9.039507,C
251.748909,-21.001540,9.039492,C
251.753975,-20.999719,9.040165,C
251.745979,-20.999810,9.039983,C
251.748975,-21.001600,9.039475,C
251.752014,-20.998877,9.040394,C
251.753590,-21.000123,9.040030,C
251.750319,-20.998305,9.040542,C
251.750879,-20.998578,9.040466,C
251.750087,-21.001629,9.039487,C
251.753931,-21.000730,9.039845,C
251.748036,-21.001269,9.039561,C
251.753664,-21.000592,9.039883,C
251.746458,-20.999666,9.040037,C
251.752482,-20.998982,9.040369,C
251.753699,-21.000383,9.039950,C
251.751860,-21.001489,9.039565,C
251.750025,-21.001638,9.039483,C
251.749768,-21.001682,9.039464,C
251.751338,-21.001485,9.039557,C
251.748705,-20.998368,9.040491,C
251.747445,-21.001145,9.039589,C
251.752038,-20.998749,9.040434,C
251.753649,-20.999540,9.040216,C
251.754867,-21.000000,9.040094,B
251.755298,-21.000265,9.040018,B
251.748802,-21.001856,9.039391,B
251.754767,-21.000044,9.040078,B
251.749342,-21.001812,9.039415,B
251.744968,-20.999643,9.040016,B
251.752633,-21.001686,9.039518,B
251.746385,-20.998743,9.040328,B
251.746392,-21.001436,9.039477,B
251.754742,-21.001213,9.039708,B
251.754613,-20.999743,9.040170,B
251.751459,-21.001972,9.039405,B
251.754305,-21.001154,9.039718,B
251.753075,-20.998729,9.040461,B
251.746069,-21.001088,9.039581,B
251.750830,-21.002171,9.039330,B
251.754507,-21.001206,9.039706,B
251.746688,-21.001472,9.039471,B
251.752665,-20.998539,9.040513,B
251.751994,-21.002060,9.039387,B
251.754608,-21.001031,9.039763,B
251.745049,-21.000273,9.039818,B
251.753066,-20.998399,9.040565,B
251.755106,-21.000658,9.039890,B
251.751596,-20.997966,9.040673,B
251.753995,-21.001468,9.039613,B
251.746070,-21.001112,9.039573,B
251.745025,-20.999644,9.040017,B
251.753335,-20.999074,9.040357,B
251.749072,-21.001882,9.039387,B
251.748372,-20.997998,9.040601,B
251.749331,-21.001814,9.039414,B
251.745279,-20.999788,9.039976,B
251.747082,-20.998306,9.040479,B
251.753048,-20.998415,9.040560,B
251.754534,-20.999583,9.040219,B
251.748727,-20.997796,9.040672,B
251.745718,-21.000858,9.039646,B
251.750468,-20.998075,9.040617,B
251.746430,-21.001040,9.039603,B
251.749687,-20.997792,9.040692,B
251.753275,-21.001770,9.039504,B
251.751845,-21.002075,9.039380,B
251.744834,-20.999693,9.039998,B
251.750261,-20.998124,9.040598,B
251.753598,-21.001440,9.039614,B
251.746472,-21.001292,9.039524,B
251.752042,-20.998083,9.040645,B
251.752673,-20.998301,9.040588,B
251.751461,-20.998339,9.040553,B
251.748598,-21.001769,9.039414,B
251.748115,-21.001987,9.039336,B
251.745788,-20.999368,9.040119,B
251.750673,-20.997887,9.040681,B
251.747080,-20.998360,9.040462,B
251.749521,-20.997831,9.040676,B
251.745646,-21.000378,9.039797,B
251.753851,-21.001547,9.039585,B
251.748323,-21.001885,9.039372,B
251.744750,-20.999850,9.039946,B
251.748536,-20.998134,9.040562,B
251.753771,-21.001481,9.039605,B
251.753853,-21.001645,9.039554,B
251.751818,-20.998119,9.040629,B
251.751807,-21.001949,9.039419,B
251.744946,-21.000011,9.039899,B
251.754566,-21.000753,9.039850,B
251.748249,-20.997929,9.040621,B
251.744899,-20.999693,9.039999,B
251.750141,-20.997886,9.040671,B
251.750505,-20.998111,9.040607,B
251.754234,-21.001217,9.039697,B
251.752458,-21.001986,9.039420,B
251.753079,-20.998605,9.040500,B
251.745698,-21.000813,9.039660,B
251.745592,-20.998751,9.040310,B
251.752626,-20.998246,9.040605,B
251.754649,-21.000782,9.039842,B
251.746522,-20.998164,9.040513,B
251.744746,-20.999471,9.040066,B
251.746687,-20.998131,9.040527,B
251.751512,-21.002105,9.039364,B
251.749624,-21.001991,9.039364,B
251.746685,-20.998137,9.040525,B
251.745810,-21.000508,9.039759,B
251.746945,-21.001671,9.039413,B
251.751226,-21.002086,9.039364,B
251.747726,-20.998090,9.040560,B
251.748150,-21.001622,9.039452,B
251.748333,-20.997818,9.040657,B
251.745081,-20.999028,9.040213,B
251.750927,-20.998056,9.040632,B
251.751517,-20.998126,9.040621,B
251.754796,-21.001153,9.039728,B
251.745610,-21.000553,9.039741,B
251.754631,-20.999312,9.040307,B
251.749492,-21.002011,9.039355,B
251.746339,-20.998559,9.040385,B
251.745564,-21.000631,9.039715,B
251.753987,-21.001436,9.039623,B
251.751599,-21.001804,9.039461,B
251.746372,-21.001037,9.039603,B
251.750534,-20.998083,9.040616,B
251.754391,-20.999099,9.040369,B
251.747252,-20.997980,9.040585,B
251.749765,-20.997996,9.040629,B
251.749713,-21.001947,9.039379,B
251.750159,-21.002017,9.039366,B
251.745129,-20.999403,9.040095,B
251.752939,-20.998418,9.040556,B
251.746450,-20.998235,9.040490,B
251.751973,-21.002154,9.039358,B
251.745752,-20.998891,9.040269,B
251.752735,-21.001875,9.039460,B
251.745145,-21.000136,9.039864,B
251.751437,-21.002150,9.039348,B
251.755173,-20.999933,9.040121,B
251.751545,-21.002122,9.039359,B
251.750019,-21.002026,9.039360,B
251.745703,-20.998612,9.040356,B
251.749804,-21.002071,9.039342,B
251.754207,-21.001256,9.039684,B
251.754482,-21.001224,9.039699,B
251.749064,-20.997769,9.040687,B
251.745588,-20.999338,9.040124,B
251.754779,-20.999265,9.040324,B
251.745780,-21.000669,9.039707,B
251.750500,-20.997824,9.040697,B
251.750757,-21.002082,9.039357,B
251.744780,-20.999724,9.039987,B
251.754120,-20.999327,9.040292,B
251.747130,-20.998318,9.040476,B
251.753697,-20.998664,9.040493,B
251.745922,-21.001173,9.039551,B
251.747225,-21.001570,9.039451,B
251.752888,-20.998400,9.040561,B
251.746121,-21.000783,9.039678,B
251.746369,-21.001114,9.039578,B
251.754434,-21.001233,9.039696,B
251.745917,-20.998468,9.040406,B
251.745347,-21.000628,9.039712,B
251.744953,-20.999741,9.039985,B
251.748087,-20.998132,9.040553,B
251.755019,-21.000534,9.039928,B
251.748488,-21.001824,9.039395,B
251.754075,-21.001317,9.039662,B
251.747059,-20.998331,9.040471,B
251.746711,-21.001213,9.039553,B
251.749693,-20.997887,9.040662,B
251.745379,-20.998833,9.040280,B
251.748099,-20.997861,9.040639,B
251.747641,-20.998192,9.040526,B
251.746259,-20.998755,9.040321,B
251.746080,-20.998577,9.040374,B
251.748266,-21.001952,9.039350,B
251.745956,-21.001196,9.039544,B
251.751388,-21.002203,9.039331,B
251.747716,-20.998146,9.040542,B
251.754175,-20.999805,9.040142,B
251.745025,-20.999236,9.040146,B
251.753104,-20.998388,9.040569,B
251.747819,-20.997921,9.040615,B
251.747115,-21.001342,9.039520,B
251.747096,-20.998169,9.040523,B
251.747302,-21.001737,9.039399,B
251.750682,-20.997830,9.040699,B
251.744927,-20.999904,9.039933,B
251.752005,-21.001794,9.039472,B
251.751306,-21.002032,9.039383,B
251.748263,-21.001808,9.039395,B
251.745506,-20.999541,9.040059,B
251.749281,-21.002059,9.039336,B
251.746198,-21.001275,9.039524,B
251.753582,-21.001360,9.039639,B
251.752049,-20.998200,9.040608,B
251.748640,-21.001677,9.039444,B
251.751937,-20.998027,9.040661,B
251.754267,-21.001302,9.039671,B
251.752431,-21.001823,9.039471,B
251.746302,-21.001298,9.039519,B
251.754448,-20.999961,9.040098,B
251.751579,-20.998102,9.040630,B
251.755165,-21.000679,9.039885,B
251.751782,-20.998237,9.040591,B
251.753597,-20.998646,9.040497,B
251.753084,-20.998510,9.040530,B
251.745069,-21.000225,9.039834,B
251.745153,-21.000000,9.039907,B
251.754042,-20.999336,9.040288,B
251.750513,-21.002080,9.039353,B
251.744978,-21.000126,9.039864,B
251.744972,-20.999582,9.040035,B
251.751234,-20.998011,9.040652,B
251.750204,-20.997831,9.040689,B
251.752406,-20.998301,9.040583,B
251.745419,-21.000797,9.039660,B
251.748035,-21.001864,9.039373,B
251.754218,-21.001336,9.039659,B
251.755015,-21.000941,9.039799,B
251.745864,-20.998423,9.040419,B
251.750643,-21.002076,9.039357,B
251.754769,-20.999601,9.040218,B
251.747277,-20.998472,9.040431,B
251.744872,-21.000110,9.039867,B
251.752639,-20.998376,9.040564,B
251.745147,-20.999227,9.040151,B
251.747248,-21.001464,9.039484,B
251.753719,-21.001716,9.039529,B
251.755274,-21.000119,9.040064,B
251.754608,-20.999262,9.040322,B
251.747350,-20.998364,9.040466,B
251.753978,-20.999108,9.040358,B
251.752871,-20.998380,9.040567,B
251.751540,-20.998079,9.040637,B
251.754192,-20.998907,9.040426,B
251.752726,-21.001825,9.039476,B
251.755111,-20.999739,9.040181,B
251.755140,-20.999771,9.040171,B
251.747213,-21.001471,9.039481,B
251.754863,-21.000486,9.039940,B
251.754326,-21.001266,9.039683,B
251.755174,-20.999835,9.040152,B
251.754091,-21.001601,9.039573,B
251.753599,-20.998612,9.040508,B
251.749017,-21.001831,9.039403,B
251.745701,-20.999034,9.040222,B
251.746076,-21.001115,9.039572,B
251.747701,-20.997909,9.040617,B
251.753903,-21.001130,9.039718,B
251.755205,-21.000443,9.039960,B
251.754760,-20.999649,9.040202,B
251.745730,-20.998876,9.040273,B
251.746369,-20.998477,9.040411,B
251.745146,-21.000311,9.039808,B
251.746804,-20.998511,9.040409,B
251.747177,-21.001549,9.039456,B
251.748460,-20.997966,9.040613,B
251.752873,-20.998691,9.040469,B
251.750138,-20.998006,9.040633,B
251.748212,-21.001706,9.039427,B
251.754203,-20.999662,9.040188,B
251.746392,-20.998457,9.040418,B
251.744843,-20.999611,9.040024,B
251.745953,-21.000979,9.039613,B
251.750075,-21.001875,9.039409,B
251.754547,-20.999375,9.040285,B
251.753206,-20.998967,9.040388,B
251.754551,-21.000165,9.040036,B
251.752327,-21.001997,9.039414,B
251.747383,-21.001460,9.039489,B
251.744740,-20.999795,9.039964,B
251.748493,-21.002000,9.039339,B
251.745571,-20.998659,9.040338,B
251.755046,-21.000592,9.039910,B
251.751723,-21.002066,9.039380,B
251.745011,-20.999277,9.040132,B
251.746932,-20.998252,9.040493,B
251.746386,-21.001035,9.039603,B
251.749530,-21.001909,9.039388,B
251.745597,-20.999308,9.040134,B
251.755301,-21.000370,9.039985,B
251.748155,-20.997928,9.040619,B
251.745509,-20.999338,9.040123,B
251.754941,-20.999793,9.040160,B
251.748983,-21.002016,9.039344,B
251.755051,-21.000492,9.039942,B
251.751194,-20.998207,9.040590,B
251.750110,-20.997815,9.040693,B
251.753481,-21.001762,9.039510,B
251.753810,-20.998677,9.040492,B
251.746182,-20.998524,9.040393,B
251.751656,-20.998033,9.040654,B
251.751344,-20.997964,9.040669,B
251.752602,-20.998191,9.040622,B
251.754385,-21.001333,9.039663,B
251.745015,-20.999535,9.040051,B
251.749839,-20.997802,9.040692,B
251.746299,-20.998447,9.040419,B
251.746881,-20.998079,9.040547,B
251.752793,-20.998570,9.040506,B
251.745993,-20.998387,9.040433,B
251.745850,-21.000857,9.039649,B
251.745217,-20.999872,9.039949,B
251.747667,-20.997939,9.040606,B
251.754198,-20.999230,9.040324,B
251.745162,-21.000249,9.039828,B
251.754123,-21.001370,9.039646,B
251.745795,-20.999971,9.039928,B
251.754110,-21.000951,9.039778,B
251.748688,-21.002088,9.039315,B
251.755178,-21.000399,9.039974,B
251.745689,-20.998696,9.040329,B
251.750340,-21.001819,9.039432,B
251.747051,-20.998528,9.040408,B
251.754649,-21.000014,9.040085,B
251.749169,-21.001948,9.039368,B
251.747410,-21.001808,9.039379,B
251.753915,-20.998749,9.040471,B
251.745899,-20.998806,9.040298,B
251.747067,-20.998182,9.040518,B
251.745892,-20.998483,9.040400,B
251.747939,-20.997903,9.040623,B
251.751592,-21.002043,9.039385,B
251.749056,-20.997821,9.040671,B
251.747567,-21.001528,9.039470,B
251.749153,-21.001821,9.039408,B
251.745505,-20.999585,9.040045,B
251.753834,-20.998792,9.040455,B
251.752992,-21.001594,9.039554,B
251.754523,-21.001301,9.039676,B
251.747099,-21.001700,9.039407,B
251.753979,-20.998883,9.040430,B
251.745680,-20.998522,9.040384,B
251.745389,-20.999358,9.040114,B
251.755099,-20.999941,9.040117,B
251.751825,-20.998046,9.040653,B
251.745165,-20.998859,9.040268,B
251.746500,-20.998267,9.040480,B
251.748372,-21.001917,9.039363,B
251.746174,-20.998431,9.040422,B
251.754603,-20.999913,9.040116,B
251.748684,-21.002091,9.039314,B
251.749079,-20.997828,9.040669,B
251.749439,-21.001897,9.039390,B
251.754975,-21.000025,9.040088,B
251.746026,-20.998805,9.040301,B
251.747810,-20.998059,9.040571,B
251.745425,-21.000741,9.039678,B
251.746361,-20.998919,9.040272,B
251.749558,-21.002169,9.039306,B
251.752652,-21.001592,9.039548,B
251.746181,-21.001185,9.039552,B
251.753301,-21.001856,9.039477,B
251.745185,-21.000611,9.039714,B
251.749419,-21.001994,9.039359,B
251.745345,-20.999709,9.040003,B
251.751958,-21.001765,9.039480,B
251.744838,-20.999870,9.039942,B
251.747919,-20.998337,9.040485,B
251.749781,-21.001820,9.039421,B
251.744985,-20.999418,9.040088,B
251.744942,-20.999336,9.040113,B
251.749226,-21.001808,9.039414,B
251.751602,-21.002039,9.039386,B
251.745097,-20.999863,9.039949,B
251.748464,-21.001708,9.039431,B
251.747872,-20.997982,9.040597,B
251.752220,-20.998291,9.040583,B
251.755203,-21.000588,9.039914,B
251.755119,-21.000336,9.039992,B
251.747369,-20.997954,9.040596,B
251.753727,-21.001712,9.039531,B
251.747873,-21.001932,9.039349,B
251.754924,-20.999531,9.040243,B
251.745398,-21.000359,9.039798,B
251.753622,-21.001575,9.039572,B
251.753232,-21.001737,9.039513,B
251.746618,-21.001194,9.039558,B
251.749538,-21.002114,9.039323,B
251.754906,-21.001030,9.039769,B
251.745528,-20.998748,9.040310,B
251.745997,-21.000719,9.039696,B
251.750427,-20.998097,9.040610,B
251.745796,-21.000624,9.039722,B
251.744945,-21.000005,9.039901,B
251.753274,-20.998467,9.040547,B
251.746208,-20.998372,9.040441,B
251.752189,-20.998118,9.040637,B
251.747159,-21.001524,9.039464,B
251.745143,-20.999298,9.040128,B
251.753889,-21.001373,9.039641,B
251.749128,-20.997834,9.040668,B
251.753006,-20.998451,9.040547,B
251.744878,-20.999640,9.040015,B
251.745980,-21.001098,9.039576,B
251.752420,-20.998210,9.040612,B
251.753842,-21.001660,9.039550,B
251.745089,-20.999399,9.040095,B
251.745758,-21.000053,9.039902,B
251.747305,-20.997990,9.040583,B
251.750685,-21.002229,9.039309,B
251.747200,-21.001556,9.039454,B
251.754341,-21.001010,9.039764,B
251.746039,-20.998922,9.040264,B
251.753631,-21.001581,9.039570,B
251.751929,-20.998441,9.040530,B
251.753682,-20.998660,9.040494,B
251.746124,-20.998534,9.040389,B
251.746507,-20.998215,9.040497,B
251.745294,-21.000810,9.039653,B
251.747490,-21.001768,9.039393,B
251.747408,-21.001609,9.039442,B
251.747481,-20.998205,9.040519,B
251.754765,-21.000521,9.039927,B
251.748365,-21.001590,9.039466,B
251.749967,-21.002125,9.039328,B
251.753966,-21.001456,9.039616,B
251.748521,-21.001711,9.039431,B
251.747984,-20.998084,9.040567,B
251.755078,-20.999799,9.040161,B
251.749069,-21.001981,9.039356,B
251.745323,-21.000410,9.039780,B
251.745215,-20.999703,9.040002,B
251.745060,-20.999105,9.040188,B
251.753985,-20.999051,9.040377,B
251.745004,-20.999514,9.040058,B
251.747273,-21.001666,9.039421,B
251.754507,-20.999137,9.040359,B
251.751192,-20.997919,9.040680,B
251.745250,-20.999141,9.040180,B
251.749992,-21.002164,9.039316,B
251.750390,-20.998259,9.040558,B
251.751190,-20.998257,9.040574,B
251.754470,-20.999150,9.040355,B
251.750442,-21.002199,9.039314,B
251.754493,-20.999321,9.040301,B
251.746920,-21.001423,9.039491,B
251.744862,-20.999652,9.040011,B
251.750333,-20.997938,9.040658,B
251.751208,-20.998096,9.040625,B
251.748127,-20.998022,9.040589,B
251.748272,-21.002008,9.039332,B
251.749455,-21.001929,9.039380,B
251.754866,-21.000984,9.039783,B
251.753937,-20.999174,9.040337,B
251.748645,-21.001896,9.039375,B
251.752047,-20.998064,9.040651,B
251.753934,-20.998753,9.040470,B
251.745792,-20.999493,9.040079,B
251.746387,-21.001399,9.039489,B
251.754940,-20.999480,9.040259,B
251.748710,-20.997822,9.040663,B
251.753298,-21.001368,9.039631,B
251.746049,-20.998686,9.040339,B
251.754586,-20.999831,9.040141,B
251.745467,-20.998876,9.040268,B
251.755049,-20.999709,9.040189,B
251.748284,-21.001623,9.039454,B
251.752586,-21.001847,9.039466,B
251.745838,-21.000268,9.039835,B
251.748370,-21.001793,9.039402,B
251.745623,-21.000564,9.039737,B
251.750813,-21.002185,9.039325,B
251.750168,-20.997832,9.040688,B
251.745169,-21.000260,9.039825,B
251.748737,-21.001898,9.039376,B
251.745558,-21.000906,9.039628,B
251.753666,-21.001749,9.039518,B
251.747984,-21.001565,9.039467,B
251.745221,-20.998859,9.040269,B
251.753910,-20.998872,9.040432,B
251.750701,-20.998134,9.040603,B
251.745611,-20.999396,9.040106,B
251.754535,-21.001278,9.039683,B
251.748421,-21.001771,9.039410,B
251.753967,-21.000986,9.039765,B
251.754281,-21.001012,9.039763,B
251.746548,-21.001234,9.039544,B
251.753533,-20.998699,9.040479,B
251.754068,-20.998896,9.040427,B
251.754178,-20.999317,9.040296,B
251.754357,-21.000418,9.039952,B
251.752458,-21.001627,9.039533,B
251.745266,-21.000533,9.039741,B
251.751345,-20.998133,9.040616,B
251.745395,-21.000508,9.039751,B
251.752117,-20.998079,9.040648,B
251.747656,-21.001568,9.039459,B
251.751912,-20.998361,9.040555,B
251.754820,-21.000475,9.039942,B
251.752704,-20.998475,9.040534,B
251.745740,-21.000705,9.039695,B
251.752759,-21.001680,9.039522,B
251.753169,-21.001829,9.039483,B
251.754561,-20.999154,9.040355,B
251.755173,-20.999800,9.040163,B
251.755202,-20.999800,9.040163,B
251.747058,-21.001317,9.039527,B
251.749064,-21.002065,9.039329,B
251.754060,-20.998907,9.040424,B
251.753793,-20.999009,9.040386,B
251.754089,-21.001593,9.039575,B
251.752204,-20.998228,9.040602,B
251.744946,-21.000229,9.039830,B
251.745771,-21.001064,9.039583,B
251.750142,-20.998008,9.040632,B
251.749368,-20.997869,9.040661,B
251.745159,-21.000568,9.039728,B
251.746864,-20.998052,9.040555,B
251.745224,-21.000340,9.039801,B
251.755150,-20.999835,9.040151,B
251.750432,-21.002135,9.039334,B
251.753411,-20.998649,9.040492,B
251.754852,-20.999642,9.040206,B
251.746545,-21.001464,9.039471,B
251.745785,-21.000606,9.039727,B
251.753355,-21.001527,9.039582,B
251.751181,-21.001829,9.039445,B
251.751127,-20.997930,9.040676,B
251.748448,-20.997868,9.040644,B
251.752974,-20.998433,9.040552,B
251.749732,-21.002040,9.039350,B
251.747231,-20.998108,9.040545,B
251.753824,-20.998883,9.040427,B
251.744921,-20.999105,9.040185,B
251.753302,-20.998875,9.040419,B
251.746090,-20.998854,9.040287,B
251.750716,-21.002117,9.039345,B
251.754625,-21.001211,9.039706,B
251.753447,-20.998948,9.040399,B
251.747014,-21.001503,9.039468,B
251.755172,-21.000668,9.039888,B
251.744902,-20.999445,9.040077,B
251.754439,-21.001290,9.039678,B
251.754585,-21.000340,9.039981,B
251.745406,-20.998767,9.040301,B
251.745665,-20.999139,9.040189,B
251.747863,-21.001508,9.039482,B
251.752994,-21.001784,9.039494,B
251.753481,-21.001705,9.039528,B
251.745808,-21.001119,9.039566,B
251.744984,-20.999069,9.040198,B
251.754679,-20.999276,9.040319,B
251.745891,-20.998671,9.040341,B
251.754425,-20.999558,9.040225,B
251.754712,-21.001260,9.039692,B
251.745204,-20.999454,9.040080,B
251.752935,-21.001995,9.039426,B
251.747646,-21.001714,9.039413,B
251.751562,-20.998138,9.040618,B
251.751281,-21.002069,9.039371,B
251.752631,-21.001985,9.039424,B
251.745924,-21.000852,9.039653,B
251.753216,-21.001798,9.039494,B
251.753016,-21.001643,9.039539,B
251.751841,-21.002168,9.039350,B
251.754677,-20.999172,9.040351,B
251.754324,-20.999273,9.040313,B
251.747681,-20.998023,9.040580,B
251.745264,-21.000520,9.039745,B
251.753635,-20.998895,9.040419,B
251.747646,-21.001632,9.039439,B
251.747630,-20.997913,9.040614,B
251.754687,-20.999412,9.040276,B
251.746133,-20.998316,9.040458,B
251.752629,-20.998486,9.040529,B
251.749279,-21.001883,9.039391,B
251.744996,-21.000242,9.039827,B
251.753877,-21.001270,9.039673,B
251.745301,-20.999101,9.040194,B
251.749483,-21.001831,9.039411,B
251.754664,-20.999455,9.040262,B
251.749851,-21.001961,9.039378,B
251.752288,-20.998215,9.040608,B
251.746473,-20.998630,9.040365,B
251.745274,-21.000464,9.039762,B
251.750612,-20.997880,9.040682,B
251.747403,-20.997958,9.040595,B
251.747752,-21.001656,9.039434,B
251.745327,-21.000628,9.039712,B
251.746080,-21.001250,9.039530,B
251.748636,-20.997917,9.040632,B
251.752879,-21.001758,9.039500,B
251.750247,-21.002126,9.039333,B
251.745115,-20.999525,9.040056,B
251.745821,-21.000872,9.039644,B
251.750499,-21.001926,9.039401,B
251.746446,-21.001310,9.039518,B
251.750927,-20.997935,9.040670,B
251.751863,-21.002091,9.039375,B
251.747513,-21.001733,9.039405,B
251.751256,-21.002160,9.039342,B
251.749665,-20.997831,9.040679,B
251.744921,-21.000415,9.039771,B
251.754562,-20.999095,9.040374,B
251.745926,-21.001235,9.039531,B
251.754157,-21.001181,9.039707,B
251.749343,-20.998024,9.040612,B
251.745235,-21.000749,9.039672,B
251.753924,-20.999058,9.040373,B
251.746699,-21.001574,9.039439,B
251.753535,-20.998582,9.040516,B
251.746293,-20.998278,9.040473,B
251.751573,-21.002139,9.039354,B
251.754226,-20.999104,9.040365,B
251.744991,-20.999757,9.039980,B
251.744929,-20.999438,9.040080,B
251.755154,-21.000413,9.039969,B
251.754941,-21.000655,9.039888,B
251.754242,-21.001162,9.039714,B
251.751066,-21.002046,9.039374,B
251.751994,-21.002080,9.039381,B
251.755279,-21.000528,9.039935,B
251.745798,-20.998532,9.040383,B
251.751767,-20.998117,9.040629,B
251.754657,-20.999754,9.040167,B
251.745715,-20.998506,9.040390,B
251.753821,-20.999059,9.040371,B
251.753386,-21.001684,9.039533,B
251.754561,-21.000630,9.039889,B
251.744735,-20.999508,9.040054,B
251.753220,-20.998568,9.040514,B
251.745085,-21.000083,9.039879,B
251.749481,-20.997919,9.040648,B
251.754934,-21.000163,9.040044,B
251.748799,-20.997926,9.040632,B
251.748639,-21.001739,9.039424,B
251.749170,-20.997771,9.040689,B
251.755202,-21.000311,9.040002,B
251.752220,-21.001752,9.039489,B
251.747150,-20.998148,9.040530,B
251.746247,-20.998735,9.040328,B
251.745434,-20.999993,9.039914,B
251.754960,-21.000522,9.039930,B
251.752944,-20.998354,9.040577,B
251.754300,-20.999408,9.040270,B
251.746379,-20.998468,9.040415,B
251.744897,-21.000288,9.039811,B
251.753186,-20.998576,9.040511,B
251.748117,-21.001831,9.039385,B
251.752297,-20.998574,9.040495,B
251.750705,-21.002101,9.039350,B
251.750170,-21.002087,9.039344,B
251.747695,-21.001847,9.039372,B
251.749025,-21.002086,9.039322,B
251.752905,-20.998286,9.040597,B
251.747005,-20.998122,9.040536,B
251.744884,-20.999429,9.040082,B
251.747149,-20.998323,9.040475,B
251.750575,-20.997885,9.040680,B
251.753270,-21.001833,9.039484,B
251.751970,-20.998048,9.040655,B
251.749151,-20.997808,9.040676,B
251.754012,-21.001247,9.039683,B
251.755206,-21.000679,9.039885,B
251.755190,-21.000083,9.040074,B
251.748982,-21.001987,9.039353,B
251.747348,-20.998156,9.040532,B
251.744967,-20.999189,9.040160,B
251.753920,-20.999067,9.040370,B
251.754410,-20.998980,9.040407,B
251.753262,-20.998551,9.040521,B
251.748566,-20.997933,9.040626,B
251.744887,-20.999571,9.040037,B
251.750096,-21.002185,9.039311,B
251.754851,-20.999469,9.040261,B
251.746087,-20.998397,9.040431,B
251.745438,-20.999040,9.040216,B
251.749311,-20.997876,9.040658,B
251.754740,-21.001054,9.039758,B
251.750061,-21.002209,9.039303,B
251.754041,-21.001613,9.039568,B
251.750810,-21.002157,9.039334,B
251.754076,-20.998923,9.040419,B
251.754099,-20.998829,9.040449,B
251.752716,-21.002009,9.039418,B
251.745470,-21.000383,9.039792,B
251.754552,-20.999172,9.040349,B
251.750601,-20.998072,9.040621,B
251.753333,-21.001776,9.039503,B
251.748744,-20.998243,9.040531,B
251.745631,-21.000580,9.039733,B
251.751933,-20.998529,9.040502,B
251.748229,-20.997864,9.040641,B
251.745890,-21.001132,9.039563,B
251.751237,-21.002140,9.039348,B
251.751753,-20.998189,9.040606,B
251.754501,-20.999773,9.040158,B
251.748458,-20.998047,9.040588,B
251.746670,-20.998607,9.040376,B
251.745958,-20.998536,9.040385,B
251.747676,-20.998257,9.040506,B
251.749897,-21.002059,9.039348,B
251.754261,-21.000536,9.039913,B
251.747459,-20.998278,9.040495,B
251.751841,-20.998351,9.040556,B
251.751637,-20.998051,9.040647,B
251.755172,-21.000556,9.039924,B
251.745738,-20.999084,9.040208,B
251.749096,-20.997816,9.040673,B
251.754509,-21.000213,9.040020,B
251.745485,-20.998690,9.040327,B
251.748848,-21.001901,9.039377,B
251.751482,-21.002035,9.039386,B
251.747704,-21.001649,9.039435,B
251.745519,-21.000095,9.039884,B
251.754184,-21.001038,9.039752,B
251.748033,-20.998110,9.040559,B
251.753350,-21.001822,9.039489,B
251.748830,-21.001758,9.039422,B
251.752889,-21.001860,9.039468,B
251.754373,-20.999037,9.040388,B
251.745105,-21.000041,9.039893,B
251.753649,-21.001754,9.039516,B
251.747687,-21.001690,9.039421,B
251.749824,-20.997801,9.040691,B
251.751847,-21.001997,9.039404,B
251.750792,-21.002199,9.039320,B
251.755052,-20.999727,9.040183,B
251.754694,-20.999888,9.040126,B
251.751374,-21.002055,9.039377,B
251.754900,-20.999489,9.040256,B
251.749942,-20.997830,9.040685,B
251.749108,-21.001776,9.039422,B
251.754793,-20.999751,9.040171,B
251.744915,-21.000400,9.039776,B
251.754753,-21.001199,9.039713,B
251.749220,-21.002106,9.039320,B
251.745551,-21.000625,9.039717,B
251.746151,-20.998619,9.040362,B
251.745097,-20.998897,9.040254,B
251.750134,-20.997791,9.040701,B
251.745363,-20.998983,9.040232,B
251.754910,-21.000951,9.039794,B
251.753614,-21.001717,9.039527,B
251.749057,-20.998080,9.040589,B
251.749010,-21.002093,9.039320,B
251.747431,-20.998480,9.040431,B
251.753504,-21.001614,9.039557,B
251.754817,-20.999402,9.040282,B
251.746062,-21.000911,9.039636,B
251.752119,-21.001965,9.039420,B
251.752002,-21.002081,9.039381,B
251.746521,-20.998572,9.040384,B
251.754399,-20.999479,9.040249,B
251.750812,-20.998230,9.040575,B
251.748336,-20.997917,9.040626,B
251.750542,-20.998190,9.040582,B
251.754722,-21.000420,9.039958,B
251.751449,-21.002196,9.039334,B
251.754241,-20.999303,9.040302,B
251.754004,-20.999293,9.040300,B
251.746834,-21.001347,9.039513,B
251.753972,-20.998875,9.040432,B
251.754176,-20.998903,9.040427,B
251.754173,-21.001321,9.039663,B
251.750858,-21.002229,9.039312,B
251.749100,-21.002148,9.039304,B
251.752390,-20.998313,9.040579,B
251.747692,-21.001829,9.039378,B
251.745437,-20.998640,9.040342,B
251.744972,-21.000213,9.039836,B
251.749442,-21.002106,9.039324,B
251.747922,-21.001896,9.039361,B
251.748249,-20.998138,9.040555,B
251.754398,-21.001051,9.039753,B
251.752715,-20.998263,9.040601,B
251.745275,-20.998832,9.040278,B
251.745669,-20.999882,9.039954,B
251.753416,-21.001716,9.039524,B
251.751901,-20.998082,9.040643,B
251.754095,-21.001364,9.039648,B
251.748402,-20.997955,9.040616,B
251.744701,-20.999526,9.040048,B
251.748884,-20.998025,9.040603,B
251.747581,-21.001834,9.039374,B
251.745501,-21.000783,9.039666,B
251.748345,-20.998219,9.040531,B
251.745414,-21.000039,9.039899,B
251.752858,-20.998519,9.040523,B
251.753016,-21.001977,9.039433,B
251.745865,-20.999320,9.040135,B
251.754545,-20.999063,9.040384,B
251.751716,-20.998083,9.040639,B
251.754371,-21.000803,9.039830,B
251.749593,-20.997924,9.040648,B
251.745017,-20.999645,9.040016,B
251.754888,-20.999548,9.040237,B
251.752499,-21.002004,9.039415,B
251.745275,-20.999768,9.039982,B
251.754714,-21.000739,9.039857,B
251.754356,-20.999457,9.040255,B
251.747606,-20.998202,9.040522,B
251.752176,-21.002099,9.039379,B
251.754293,-21.000226,9.040011,B
251.745542,-20.999028,9.040221,B
251.745153,-21.000515,9.039744,B
251.752912,-21.001834,9.039476,B
251.751822,-21.001980,9.039409,B
251.745700,-21.000951,9.039617,B
251.752815,-20.998435,9.040549,B
251.745176,-20.999786,9.039975,B
251.755262,-20.999943,9.040119,B
251.749520,-20.997928,9.040646,B
251.749722,-20.998118,9.040589,B
251.750825,-20.998079,9.040623,B
251.745628,-20.998751,9.040311,B
251.747423,-20.998302,9.040487,B
251.744980,-21.000297,9.039809,B
251.745099,-20.999620,9.040026,B
251.745534,-20.998707,9.040323,B
251.745778,-20.998439,9.040412,B
251.754679,-20.999504,9.040247,B
251.754739,-21.000119,9.040054,B
251.752042,-20.998132,9.040630,B
251.747304,-20.998350,9.040469,B
251.747569,-20.998115,9.040549,B
251.750474,-21.002191,9.039317,B
251.749279,-20.997946,9.040635,B
251.746075,-20.998505,9.040397,B
251.748376,-21.001934,9.039358,B
251.745000,-20.999806,9.039965,B
251.749496,-20.997821,9.040679,B
251.749692,-21.002182,9.039305,B
251.752545,-21.002075,9.039393,B
251.749002,-20.997905,9.040643,B
251.754517,-20.999808,9.040148,B
251.746091,-20.998520,9.040392,B
251.754723,-20.999215,9.040339,B
251.747991,-21.001725,9.039416,B
251.747679,-20.998050,9.040572,B
251.751242,-21.002064,9.039372,B
251.746692,-21.001162,9.039569,B
251.753969,-20.999151,9.040345,B
251.750503,-21.002104,9.039345,B
251.745320,-20.999301,9.040131,B
251.754440,-20.999257,9.040320,B
251.754341,-21.001217,9.039699,B
251.745127,-20.999748,9.039986,B
251.751427,-21.002203,9.039331,B
251.745013,-20.998998,9.040221,B
251.745244,-20.999382,9.040104,B
251.745870,-21.000259,9.039839,B
251.752673,-20.998218,9.040615,B
251.746812,-21.001572,9.039442,B
251.750710,-21.002191,9.039321,B
251.747722,-21.001872,9.039365,B
251.753121,-21.001429,9.039608,B
251.754327,-20.999079,9.040374,B
251.748926,-20.997883,9.040648,B
251.750842,-20.998029,9.040639,B
251.747085,-20.998202,9.040512,B
251.754342,-20.999641,9.040197,B
251.753094,-21.001892,9.039462,B
251.753484,-20.999018,9.040377,B
251.755096,-21.000883,9.039819,B
251.744862,-20.999870,9.039942,B
251.745848,-21.001115,9.039568,B
251.748716,-21.001731,9.039428,B
251.751768,-20.998036,9.040655,B
251.751556,-21.002049,9.039383,B
251.751089,-21.002090,9.039361,B
251.745538,-20.999023,9.040223,B
251.748674,-21.001835,9.039395,B
251.745760,-21.000885,9.039639,B
251.744938,-20.999748,9.039982,B
251.754716,-20.999445,9.040266,B
251.745059,-20.999496,9.040064,B
251.745463,-21.000574,9.039731,B
251.751607,-21.002131,9.039357,B
251.744721,-20.999858,9.039943,B
251.753858,-20.998685,9.040490,B
251.747156,-21.001434,9.039492,B
251.752888,-20.998491,9.040532,B
251.748497,-21.002019,9.039333,B
251.745359,-21.000449,9.039769,B
251.746237,-21.001201,9.039548,B
251.746107,-20.998612,9.040364,B
251.750014,-21.002178,9.039312,B
251.746464,-20.998350,9.040453,B
251.748669,-20.997994,9.040608,B
251.753710,-21.001547,9.039583,B
251.754186,-20.999070,9.040374,B
251.754180,-20.999016,9.040391,B
251.747194,-21.001323,9.039528,B
251.753981,-21.001604,9.039570,B
251.751294,-20.998348,9.040547,B
251.745096,-21.000231,9.039833,B
251.753183,-21.001895,9.039463,B
251.747858,-20.998042,9.040578,B
251.753141,-20.998695,9.040473,B
251.754949,-20.999694,9.040192,B
251.755052,-21.000790,9.039847,B
251.752170,-21.002128,9.039369,B
251.745853,-20.998559,9.040376,B
251.751771,-21.002123,9.039363,B
251.755089,-21.000381,9.039978,B
251.745995,-21.000524,9.039757,B
251.745985,-21.001178,9.039550,B
251.748479,-20.997975,9.040611,B
251.754100,-21.001318,9.039662,B
251.745889,-20.998449,9.040411,B
251.755083,-21.000240,9.040022,B
251.746848,-20.998091,9.040543,B
251.752454,-21.001856,9.039461,B
251.754516,-21.000353,9.039975,B
251.755187,-20.999983,9.040105,B
251.745144,-21.000491,9.039751,B
251.754437,-20.999156,9.040352,B
251.749121,-21.002096,9.039321,B
251.746985,-20.998399,9.040448,B
251.746768,-20.998093,9.040541,B
251.746398,-21.001270,9.039530,B
251.746711,-20.998313,9.040470,B
251.753688,-21.001759,9.039515,B
251.753213,-20.998787,9.040445,B
251.753713,-21.001507,9.039595,B
251.750796,-20.998103,9.040615,B
251.747108,-20.998237,9.040501,B
251.746865,-20.998325,9.040469,B
251.744999,-20.999758,9.039980,B
251.749701,-21.001971,9.039372,B
251.755044,-20.999693,9.040194,B
251.746902,-21.001317,9.039524,B
251.753071,-20.998515,9.040528,B
251.751331,-21.002012,9.039390,B
251.748736,-21.001742,9.039425,B
251.752139,-21.001838,9.039460,B
251.751851,-21.002019,9.039398,B
251.749921,-21.002219,9.039297,B
251.746008,-21.000506,9.039763,B
251.744827,-21.000018,9.039895,B
251.751026,-21.002080,9.039363,B
251.753476,-20.998626,9.040501,B
251.754489,-21.000036,9.040075,B
251.745127,-21.000516,9.039743,B
251.745007,-20.999434,9.040083,B
251.754158,-20.999255,9.040315,B
251.754641,-20.999421,9.040272,B
251.754518,-20.999790,9.040153,B
251.745434,-20.999526,9.040062,B
251.744909,-20.999571,9.040038,B
251.750017,-21.001789,9.039435,B
251.748418,-20.997841,9.040652,B
251.747011,-21.001637,9.039425,B
251.749486,-21.002149,9.039311,B
251.753900,-21.001288,9.039668,B
251.748376,-20.998156,9.040551,B
251.745240,-21.000712,9.039684,B
251.748317,-21.001568,9.039472,B
251.745364,-21.000242,9.039834,B
251.748812,-20.998007,9.040607,B
251.754271,-20.999113,9.040363,B
251.751983,-21.002120,9.039368,B
251.753813,-20.998901,9.040421,B
251.749113,-20.997772,9.040687,B
251.754916,-20.999547,9.040238,B
251.753771,-21.001475,9.039606,B
251.747077,-20.998016,9.040571,B
251.754025,-21.001438,9.039623,B
251.754674,-21.001292,9.039682,B
251.754195,-21.001121,9.039726,B
251.750498,-21.002132,9.039336,B
251.747664,-20.998041,9.040574,B
251.746860,-21.001235,9.039549,B
251.745234,-20.998835,9.040277,B
251.746142,-20.999036,9.040230,B
251.752267,-20.998474,9.040526,B
251.753824,-21.001681,9.039542,B
251.749101,-21.001779,9.039421,B
251.746617,-20.998179,9.040510,B
251.747648,-20.998245,9.040509,B
251.747748,-21.001721,9.039413,B
251.751307,-20.998016,9.040652,B
251.753486,-20.998838,9.040434,B
251.746901,-20.998250,9.040493,B
251.751785,-20.998057,9.040648,B
251.754721,-21.000104,9.040058,B
251.747051,-20.998106,9.040542,B
251.745111,-21.000477,9.039755,B
251.745266,-20.999065,9.040204,B
251.748850,-20.997816,9.040668,B
251.748008,-21.001617,9.039451,B
251.748893,-21.002112,9.039311,B
251.747151,-21.001497,9.039472,B
251.754788,-21.000873,9.039816,B
251.750924,-20.998010,9.040647,B
251.754080,-20.999217,9.040326,B
251.754006,-21.001613,9.039567,B
251.746716,-21.001452,9.039478,B
251.750646,-21.002155,9.039331,B
251.749839,-21.002035,9.039354,B
251.754644,-20.999637,9.040204,B
251.748191,-20.997881,9.040635,B
251.753426,-20.998562,9.040520,B
251.750026,-21.002050,9.039353,B
251.746160,-20.998753,9.040320,B
251.751722,-21.001815,9.039459,B
251.754205,-21.000146,9.040035,B
251.746868,-21.001315,9.039524,B
251.754759,-21.000161,9.040041,B
251.748954,-20.997960,9.040624,B
251.745151,-21.000658,9.039699,B
251.745649,-21.000384,9.039795,B
251.754158,-20.999612,9.040203,B
251.754807,-21.000960,9.039789,B
251.751694,-21.001991,9.039404,B
251.750231,-21.001857,9.039418,B
251.744838,-20.999422,9.040083,B
251.745717,-20.998991,9.040237,B
251.746576,-20.998333,9.040461,B
251.751364,-21.001949,9.039410,B
251.754262,-21.001514,9.039604,B
251.747086,-21.001388,9.039506,B
251.748205,-21.001772,9.039406,B
251.755125,-21.000694,9.039879,B
251.755194,-21.000366,9.039984,B
251.754518,-20.999128,9.040362,B
251.750913,-20.998063,9.040630,B
251.746946,-20.998100,9.040542,B
251.755064,-21.000893,9.039815,B
251.750986,-20.998191,9.040591,B
251.747757,-20.997875,9.040628,B
251.753091,-21.001679,9.039529,B
251.751079,-21.001906,9.039419,B
251.753995,-21.001506,9.039601,B
251.747389,-21.001459,9.039489,B
251.752658,-20.998232,9.040610,B
251.749077,-21.001976,9.039358,B
251.751580,-20.998019,9.040656,B
251.747497,-21.001809,9.039380,B
251.745322,-20.998859,9.040271,B
251.753550,-21.001208,9.039687,B
251.749319,-21.002104,9.039322,B
251.755284,-21.000281,9.040013,B
251.754567,-20.999521,9.040239,B
251.747284,-20.998192,9.040519,B
251.745309,-21.000107,9.039876,B
251.748663,-20.997974,9.040615,B
251.747292,-21.001474,9.039482,B
251.747645,-21.001683,9.039423,B
251.745468,-21.000224,9.039842,B
251.749992,-20.997986,9.040636,B
251.752781,-20.998463,9.040539,B
251.750437,-21.002149,9.039329,B
251.745733,-20.999298,9.040140,B
251.753427,-21.001726,9.039521,B
251.749738,-21.002015,9.039358,B
251.745381,-20.998737,9.040310,B
251.753643,-20.998652,9.040496,B
251.750439,-21.002099,9.039345,B
251.746474,-21.001352,9.039505,B
251.749517,-20.998186,9.040564,B
251.749039,-20.997918,9.040639,B
251.754842,-21.000721,9.039865,B
251.755253,-21.000404,9.039973,B
251.744948,-20.999217,9.040150,B
251.754771,-20.999297,9.040314,B
251.752745,-21.001947,9.039438,B
251.747874,-21.001793,9.039393,B
251.745819,-20.998776,9.040306,B
251.753426,-21.001554,9.039575,B
251.744752,-20.999538,9.040045,B
251.753786,-21.001378,9.039637,B
251.750151,-21.002226,9.039299,B
251.754074,-21.001353,9.039651,B
251.753012,-21.001964,9.039437,B
251.749698,-21.001944,9.039380,B
251.748101,-21.001890,9.039366,B
251.751387,-20.998246,9.040581,B
251.745202,-21.000528,9.039741,B
251.747024,-20.998114,9.040539,B
251.746655,-20.998670,9.040356,B
251.751849,-20.998182,9.040610,B
251.753223,-21.001692,9.039527,B
251.753531,-21.001530,9.039585,B
251.746195,-20.998476,9.040409,B
251.749375,-20.998221,9.040550,B
251.753143,-20.998598,9.040503,B
251.751357,-21.002016,9.039389,B
251.745801,-20.998677,9.040337,B
251.753615,-21.001735,9.039521,B
251.746067,-20.999155,9.040191,B
251.745590,-20.998856,9.040277,B
251.751335,-21.002191,9.039333,B
251.746621,-21.001105,9.039586,B
251.749852,-21.002002,9.039364,B
251.751977,-20.998349,9.040560,B
251.752724,-21.001630,9.039537,B
251.750979,-21.001916,9.039413,B
251.752099,-21.001933,9.039430,B
251.754365,-21.001382,9.039647,B
251.745347,-20.999853,9.039957,B
251.754307,-21.001209,9.039701,B
251.754826,-21.000664,9.039883,B
251.752621,-20.998239,9.040607,B
251.752665,-20.998463,9.040537,B
251.751849,-20.998099,9.040636,B
251.752854,-21.001866,9.039465,B
251.754161,-21.001548,9.039591,B
251.750868,-20.998052,9.040632,B
251.754776,-21.000996,9.039777,B
251.750033,-21.002146,9.039323,B
251.750856,-21.002162,9.039333,B
251.755269,-21.000413,9.039971,B
251.753741,-20.998850,9.040435,B
251.747754,-21.001871,9.039366,B
251.746861,-20.998330,9.040467,B
251.753997,-20.999121,9.040355,B
251.752372,-20.998348,9.040568,B
251.754909,-20.999594,9.040223,B
251.752611,-21.002032,9.039408,B
251.750960,-21.002059,9.039368,B
251.744975,-21.000403,9.039776,B
251.745343,-20.999433,9.040090,B
251.754555,-20.999303,9.040308,B
251.745012,-21.000056,9.039886,B
251.744893,-20.999525,9.040052,B
251.753783,-20.998692,9.040486,B
251.746149,-20.998606,9.040367,B
251.748139,-21.001483,9.039496,B
251.754129,-21.001217,9.039695,B
251.753062,-20.998339,9.040584,B
251.748348,-21.002005,9.039335,B
251.750146,-21.002091,9.039342,B
251.745043,-21.000354,9.039793,B
251.748739,-20.997990,9.040611,B
251.754532,-20.999543,9.040231,B
251.749616,-21.001913,9.039388,B
251.748987,-21.001700,9.039443,B
251.752036,-20.998403,9.040544,B
251.745789,-20.998525,9.040385,B
251.746706,-21.001579,9.039438,B
251.754859,-21.000238,9.040018,B
251.755184,-20.999939,9.040119,B
251.747044,-20.998037,9.040563,B
251.745695,-20.999267,9.040149,B
251.755009,-21.000176,9.040041,B
251.755166,-20.999857,9.040145,B
251.751005,-20.997893,9.040685,B
251.746423,-20.998411,9.040433,B
251.752634,-20.998333,9.040578,B
251.748987,-20.998153,9.040564,B
251.753114,-20.998411,9.040562,B
251.752859,-21.001770,9.039496,B
251.745605,-20.998818,9.040289,B
251.752619,-21.001896,9.039451,B
251.751698,-21.002173,9.039346,B
251.753417,-21.001777,9.039504,B
251.753424,-21.001723,9.039521,B
251.746894,-20.998367,9.040456,B
251.746877,-20.998304,9.040476,B
251.753802,-20.999002,9.040388,B
251.752819,-21.001660,9.039530,B
251.752669,-20.998742,9.040449,B
251.751387,-20.997963,9.040670,B
251.745626,-20.998966,9.040243,B
251.745463,-21.000560,9.039736,B
251.749695,-20.997923,9.040650,B
251.745049,-20.999391,9.040097,B
251.748858,-21.001832,9.039399,B
251.754411,-21.000713,9.039860,B
251.748775,-21.002064,9.039324,B
251.746460,-20.998650,9.040358,B
251.749429,-20.997814,9.040680,B
251.754430,-21.000861,9.039813,B
251.747071,-21.001616,9.039433,B
251.753148,-21.001699,9.039524,B
251.750807,-21.002079,9.039359,B
251.744890,-20.999236,9.040143,B
251.748299,-20.998208,9.040534,B
251.754800,-20.999440,9.040269,B
251.751238,-21.001966,9.039403,B
251.747079,-20.998141,9.040531,B
251.753204,-20.998631,9.040494,B
251.749175,-21.001939,9.039371,B
251.748712,-20.998088,9.040580,B
251.747656,-21.001869,9.039365,B
251.744811,-20.999306,9.040119,B
251.744929,-21.000178,9.039846,B
251.750292,-20.997882,9.040675,B
251.745099,-20.998960,9.040234,B
251.747168,-21.001670,9.039418,B
251.753033,-20.998922,9.040399,B
251.753985,-21.000914,9.039788,B
251.754255,-21.001354,9.039654,B
251.750609,-21.002218,9.039311,B
251.748290,-21.001691,9.039433,B
251.754762,-20.999369,9.040291,B
251.754046,-21.001344,9.039653,B
251.747069,-21.001261,9.039545,B
251.744837,-20.999505,9.040057,B
251.745846,-21.001072,9.039581,B
251.747206,-20.998134,9.040536,B
251.754612,-20.999452,9.040262,B
251.752577,-20.998293,9.040589,B
251.753032,-21.001841,9.039476,B
251.749259,-20.997922,9.040643,B
251.750014,-21.002192,9.039308,B
251.745428,-20.998744,9.040309,B
251.746786,-21.001214,9.039555,B
251.746449,-21.001387,9.039494,B
251.754060,-21.001132,9.039720,B
251.753217,-21.001584,9.039561,B
251.752786,-21.001909,9.039450,B
251.747824,-20.998292,9.040498,B
251.747106,-20.998013,9.040572,B
251.749347,-20.997893,9.040653,B
251.749259,-21.002046,9.039339,B
251.745164,-20.998874,9.040263,B
251.752264,-21.002006,9.039410,B
251.754935,-21.000600,9.039905,B
251.753011,-20.998460,9.040545,B
251.748715,-20.997874,9.040647,B
251.751699,-21.001965,9.039412,B
251.745737,-21.000926,9.039625,B
251.754009,-20.999035,9.040382,B
251.749272,-21.001951,9.039370,B
251.745789,-21.000516,9.039756,B
251.745088,-21.000067,9.039884,B
251.750779,-21.001908,9.039412,B
251.752424,-21.001676,9.039517,B
251.748347,-21.001580,9.039469,B
251.746431,-20.998415,9.040432,B
251.745379,-21.000823,9.039651,B
251.747456,-20.998046,9.040569,B
251.747108,-20.998061,9.040557,B
251.748057,-20.998046,9.040580,B
251.748968,-20.998113,9.040577,B
251.753759,-21.001191,9.039696,B
251.751436,-21.002027,9.039387,B
251.745374,-21.000355,9.039799,B
251.745619,-21.000799,9.039663,B
251.744920,-20.999317,9.040118,B
251.748815,-20.997774,9.040681,B
251.746160,-20.998292,9.040466,B
251.748364,-20.998066,9.040580,B
251.754985,-21.000004,9.040094,B
251.751836,-21.001978,9.039410,B
251.754185,-20.999473,9.040247,B
251.754251,-20.999242,9.040321,B
251.745398,-20.998986,9.040232,B
251.750586,-21.001923,9.039404,B
251.754333,-20.999906,9.040113,B
251.745893,-20.998388,9.040431,B
251.746791,-20.998112,9.040535,B
251.754668,-21.000564,9.039912,B
251.745055,-21.000182,9.039847,B
251.745456,-20.999002,9.040228,B
251.750693,-21.002174,9.039327,B
251.749865,-20.997861,9.040673,B
251.747809,-20.997888,9.040625,B
251.750197,-20.997976,9.040643,B
251.746648,-21.001504,9.039460,B
251.751325,-20.998036,9.040646,B
251.755094,-21.000149,9.040051,B
251.745773,-20.998493,9.040395,B
251.754908,-20.999539,9.040240,B
251.751982,-20.998075,9.040646,B
251.748073,-20.998048,9.040580,B
251.751619,-21.002197,9.039337,B
251.754659,-21.000066,9.040069,B
251.751085,-20.998040,9.040640,B
251.754181,-20.999274,9.040310,B
251.746169,-21.000850,9.039658,B
251.753316,-20.998452,9.040553,B
251.754769,-20.999251,9.040329,B
251.747744,-21.001901,9.039356,B
251.754774,-21.000110,9.040057,B
251.754399,-21.001316,9.039669,B
251.749672,-20.997805,9.040687,B
251.752126,-21.001903,9.039440,B
251.746882,-21.001546,9.039452,B
251.752865,-20.998505,9.040528,B
251.752761,-21.001767,9.039495,B
251.755194,-20.999883,9.040137,B
251.745710,-21.000594,9.039730,B
251.747214,-21.001731,9.039399,B
251.754544,-20.999717,9.040177,B
251.751709,-21.001952,9.039416,B
251.747747,-21.001852,9.039372,B
251.754706,-21.000062,9.040071,B
251.752619,-20.998259,9.040600,B
251.754104,-20.999657,9.040187,B
251.749943,-20.997921,9.040656,B
251.750008,-20.998064,9.040612,B
251.754749,-20.999462,9.040261,B
251.754333,-21.001122,9.039729,B
251.755129,-21.000052,9.040082,B
251.754864,-21.000484,9.039941,B
251.745665,-21.000170,9.039863,B
251.745552,-20.999477,9.040080,B
251.745322,-21.000171,9.039856,B
251.745247,-21.000332,9.039804,B
251.745963,-20.998445,9.040414,B
251.745632,-20.999411,9.040102,B
251.746208,-21.000943,9.039629,B
251.745458,-20.998794,9.040294,B
251.754666,-21.000497,9.039933,B
251.753576,-21.001531,9.039585,B
251.755128,-21.000388,9.039976,B
251.753674,-20.998771,9.040459,B
251.753687,-20.998881,9.040425,B
251.744790,-20.999698,9.039995,B
251.749644,-20.998097,9.040595,B
251.745966,-20.998565,9.040376,B
251.754481,-21.001133,9.039728,B
251.745370,-21.000124,9.039872,B
251.746465,-20.998404,9.040436,B
251.745363,-21.000704,9.039688,B
251.754817,-21.001031,9.039767,B
251.747427,-21.001705,9.039412,B
251.747601,-20.998013,9.040582,B
251.745647,-21.000325,9.039814,B
251.745115,-20.999372,9.040104,B
251.745332,-20.999745,9.039991,B
251.747470,-20.998113,9.040548,B
251.747889,-20.997897,9.040624,B
251.752596,-21.002048,9.039403,B
251.752472,-20.998209,9.040614,B
251.745679,-21.000668,9.039706,B
251.754535,-21.000519,9.039923,B
251.749255,-20.997854,9.040664,B
251.749370,-20.997868,9.040662,B
251.754515,-20.999055,9.040385,B
251.753223,-20.998689,9.040476,B
251.745137,-21.000366,9.039791,B
251.748490,-21.001847,9.039387,B
251.749818,-20.997866,9.040671,B
251.754705,-21.001161,9.039724,B
251.754066,-21.001625,9.039565,B
251.746510,-20.998562,9.040387,B
251.745592,-20.998720,9.040320,B
251.754683,-20.999568,9.040226,B
251.749679,-20.997890,9.040661,B
251.745241,-21.000167,9.039856,B
251.753149,-20.998872,9.040417,B
251.754683,-20.999276,9.040319,B
251.745680,-21.000063,9.039897,B
251.747741,-21.001464,9.039494,B
251.746396,-21.001317,9.039514,B
251.754380,-20.999129,9.040359,B
251.747843,-21.001719,9.039415,B
251.746018,-20.999160,9.040189,B
251.754522,-20.999142,9.040358,B
251.745014,-20.999492,9.040065,B
251.745456,-20.999768,9.039986,B
251.745754,-20.998821,9.040291,B
251.745304,-20.998878,9.040264,B
251.754444,-20.999077,9.040377,B
251.745946,-21.001015,9.039601,B
251.750158,-21.002227,9.039299,B
251.745853,-20.998506,9.040392,B
251.754377,-21.001384,9.039647,B
251.754222,-20.999210,9.040331,B
251.745048,-21.000370,9.039788,B
251.745480,-20.999379,9.040109,B
251.754833,-21.000273,9.040007,B
251.750105,-20.997922,9.040659,B
251.745027,-21.000507,9.039744,B
251.753507,-21.001583,9.039567,B
251.748911,-21.001928,9.039370,B
251.748249,-21.001767,9.039408,B
251.754849,-20.999523,9.040244,B
251.745488,-21.000288,9.039822,B
251.754477,-20.999424,9.040268,B
251.753124,-21.001756,9.039505,B
251.745894,-20.998703,9.040331,B
251.747271,-21.001672,9.039419,B
251.748584,-21.001921,9.039366,B
251.754996,-21.000964,9.039792,B
251.753335,-20.998575,9.040515,B
251.745537,-21.000308,9.039817,B
251.744790,-20.999851,9.039947,B
251.746933,-21.001196,9.039563,B
251.744953,-21.000009,9.039900,B
251.745268,-20.998875,9.040265,B
251.750373,-21.002126,9.039335,B
251.745051,-21.000145,9.039859,B
251.745634,-20.999498,9.040075,B
251.750958,-21.002107,9.039353,B
251.751170,-21.001846,9.039439,B
251.753079,-21.001860,9.039472,B
251.747835,-20.998234,9.040517,B
251.751048,-21.001867,9.039430,B
251.748200,-21.001861,9.039377,B
251.749237,-20.998033,9.040607,B
251.745853,-21.000563,9.039742,B
251.754403,-20.999622,9.040204,B
251.750197,-20.997908,9.040665,B
251.746562,-21.001199,9.039555,B
251.753462,-20.998836,9.040434,B
251.752245,-20.998292,9.040583,B
251.753762,-20.999126,9.040349,B
251.752607,-20.998343,9.040574,B
251.746695,-20.998166,9.040516,B
251.745695,-21.000453,9.039774,B
251.744807,-21.000072,9.039877,B
251.745032,-20.999992,9.039907,B
251.753456,-20.998620,9.040503,B
251.753311,-20.998872,9.040420,B
251.746931,-21.001577,9.039443,B
251.751295,-21.001798,9.039457,B
251.754062,-20.999278,9.040306,B
251.750604,-20.997920,9.040669,B
251.749907,-20.997998,9.040631,B
251.751327,-20.998310,9.040560,B
251.747110,-21.001549,9.039455,B
251.750514,-20.997976,9.040650,B
251.745776,-21.001025,9.039595,B
251.747917,-21.001575,9.039462,B
251.745002,-20.999955,9.039918,B
251.753172,-20.998751,9.040456,B
251.745002,-21.000113,9.039868,B
251.753421,-20.998479,9.040547,B
251.750806,-20.997862,9.040691,B
251.745297,-20.998960,9.040238,B
251.753541,-21.001562,9.039575,B
251.753615,-21.001688,9.039536,B
251.753130,-21.001610,9.039551,B
251.753072,-20.998553,9.040516,B
251.747467,-20.998153,9.040535,B
251.745643,-20.998611,9.040355,B
251.750440,-20.997816,9.040699,B
251.750753,-21.002028,9.039374,B
251.745083,-20.998940,9.040240,B
251.747192,-20.998260,9.040496,B
251.755140,-21.000296,9.040005,B
251.752679,-21.001908,9.039449,B
251.753937,-20.999017,9.040387,B
251.755200,-21.000711,9.039875,B
251.750746,-20.997841,9.040697,B
251.749632,-21.001888,9.039396,B
251.749907,-20.997907,9.040660,B
251.746950,-21.001554,9.039450,B
251.751293,-20.998049,9.040641,B
251.748547,-21.001716,9.039430,B
251.751405,-21.002071,9.039373,B
251.746151,-20.998335,9.040452,B
251.753403,-21.001637,9.039548,B
251.746232,-20.998640,9.040357,B
251.750646,-21.002235,9.039306,B
251.753012,-21.001935,9.039447,B
251.748976,-21.001970,9.039358,B
251.752139,-21.002064,9.039389,B
251.747848,-20.997922,9.040615,B
251.754067,-21.001325,9.039659,B
251.744798,-20.999432,9.040080,B
251.747239,-21.001225,9.039560,B
251.753773,-20.998660,9.040496,B
251.753506,-21.001572,9.039571,B
251.752425,-21.001932,9.039436,B
251.752885,-20.998574,9.040506,B
251.753757,-21.001406,9.039628,B
251.754055,-21.001205,9.039697,B
251.744791,-20.999503,9.040057,B
251.754677,-21.000553,9.039915,B
251.748706,-20.998161,9.040556,B
251.751357,-20.997988,9.040662,B
251.745176,-21.000477,9.039757,B
251.754911,-20.999961,9.040107,B
251.748098,-21.001625,9.039450,B
251.754281,-20.998949,9.040415,B
251.747614,-21.001482,9.039486,B
251.754281,-21.000219,9.040013,B
251.747096,-21.001579,9.039445,B
251.745825,-21.000808,9.039665,B
251.744935,-20.999970,9.039912,B
251.746411,-20.998500,9.040405,B
251.745695,-20.998896,9.040266,B
251.745183,-20.999863,9.039951,B
251.749215,-20.998109,9.040583,B
251.745000,-20.999425,9.040085,B
251.745751,-20.998758,9.040311,B
251.749687,-21.001954,9.039376,B
251.754227,-21.000595,9.039893,B
251.754138,-20.998976,9.040403,B
251.748644,-20.997880,9.040644,B
251.754570,-21.000178,9.040032,B
251.746817,-21.001245,9.039545,B
251.748437,-20.997862,9.040645,B
251.749621,-20.997877,9.040664,B
251.749194,-21.001750,9.039432,B
251.750817,-20.998135,9.040605,B
251.754473,-21.001162,9.039719,B
251.749392,-21.001993,9.039359,B
251.752778,-20.998251,9.040606,B
251.754058,-20.999070,9.040372,B
251.751532,-21.002185,9.039339,B
251.751979,-20.998140,9.040626,B
251.747200,-20.998512,9.040416,B
251.747949,-21.001825,9.039384,B
251.747885,-20.998214,9.040524,B
251.746538,-21.001488,9.039463,B
251.747561,-20.997943,9.040603,B
251.744702,-20.999695,9.039994,B
251.750773,-20.997886,9.040683,B
251.748893,-21.002102,9.039315,B
251.754284,-21.001114,9.039731,B
251.747814,-21.001515,9.039479,B
251.751743,-21.002115,9.039365,B
251.754271,-21.001299,9.039672,B
251.745070,-20.999048,9.040206,B
251.745570,-20.998786,9.040299,B
251.754736,-21.000781,9.039844,B
251.754434,-20.999711,9.040177,B
251.745367,-20.999671,9.040015,B
251.750414,-21.002183,9.039318,B
251.747441,-20.998221,9.040513,B
251.753324,-21.001689,9.039530,B
251.753940,-21.001081,9.039734,B
251.754521,-21.001246,9.039693,B
251.752302,-20.998542,9.040505,B
251.748346,-20.998137,9.040557,B
251.748942,-21.002050,9.039332,B
251.746204,-20.998368,9.040443,B
251.753905,-20.999378,9.040272,B
251.754447,-21.000387,9.039963,B
251.748741,-20.997921,9.040633,B
251.755058,-21.000937,9.039801,B
251.752203,-21.001692,9.039508,B
251.746361,-21.001159,9.039564,B
251.754611,-21.000133,9.040047,B
251.745426,-20.998929,9.040251,B
251.744823,-20.999588,9.040031,B
251.745170,-20.999888,9.039943,B
251.753840,-20.998858,9.040435,B
251.750275,-20.998068,9.040616,B
251.753567,-20.998755,9.040462,B
251.755241,-20.999981,9.040107,B
251.747553,-20.998392,9.040461,B
251.749872,-20.998132,9.040588,B
251.753492,-21.001616,9.039557,B
251.749287,-20.998024,9.040611,B
251.750461,-20.998070,9.040619,B
251.753281,-20.998441,9.040556,B
251.749017,-20.997904,9.040643,B
251.748595,-20.997871,9.040646,B
251.754411,-20.999219,9.040331,B
251.746722,-20.998217,9.040500,B
251.745127,-20.998972,9.040231,B
251.746783,-20.998607,9.040378,B
251.747825,-21.001842,9.039376,B
251.754177,-21.001040,9.039752,B
251.746561,-20.998517,9.040402,B
251.745724,-20.999667,9.040023,B
251.746719,-21.001429,9.039485,B
251.745793,-21.000578,9.039736,B
251.754640,-21.000638,9.039888,B
251.752872,-21.001516,9.039576,B
251.748228,-21.001956,9.039348,B
251.754796,-20.999691,9.040190,B
251.748326,-20.997981,9.040606,B
251.754410,-21.000646,9.039881,B
251.754326,-20.999296,9.040306,B
251.745258,-20.998787,9.040292,B
251.744998,-21.000428,9.039769,B
251.753468,-21.001782,9.039504,B
251.750100,-20.998100,9.040602,B
251.745150,-21.000158,9.039857,B
251.754059,-21.001345,9.039653,B
251.752232,-20.998296,9.040581,B
251.749742,-21.002188,9.039304,B
251.745713,-21.000697,9.039697,B
251.749759,-21.001960,9.039376,B
251.749841,-20.997853,9.040675,B
251.745655,-21.000985,9.039605,B
251.744783,-20.999684,9.039999,B
251.748803,-21.001898,9.039377,B
251.745532,-20.998925,9.040254,B
251.751423,-21.002208,9.039330,B
251.753307,-21.001705,9.039525,B
251.750266,-20.997968,9.040647,B
251.747195,-20.998035,9.040567,B
251.749043,-21.002060,9.039331,B
251.749018,-20.997773,9.040685,B
251.754949,-20.999526,9.040245,B
251.754988,-21.000211,9.040029,B
251.754701,-21.001045,9.039760,B
251.754666,-21.001214,9.039706,B
251.745571,-20.998909,9.040259,B
251.747753,-21.001872,9.039365,B
251.753094,-20.998417,9.040560,B
251.746300,-20.998432,9.040424,B
251.744998,-21.000446,9.039763,B
251.751638,-21.001960,9.039412,B
251.753013,-20.998672,9.040478,B
251.747854,-20.998023,9.040583,B
251.753745,-21.001559,9.039579,B
251.745776,-21.000634,9.039718,B
251.752207,-20.998112,9.040639,B
251.751548,-20.998044,9.040648,B
251.750635,-21.002082,9.039354,B
251.755107,-21.000374,9.039980,B
251.754220,-21.000525,9.039915,B
251.749388,-20.998055,9.040603,B
251.750575,-20.997930,9.040665,B
251.746051,-21.000434,9.039787,B
251.746650,-21.001427,9.039485,B
251.754014,-21.001555,9.039586,B
251.754702,-21.001265,9.039691,B
251.746542,-21.001209,9.039551,B
251.745251,-20.999439,9.040086,B
251.750732,-21.001832,9.039435,B
251.745194,-20.999120,9.040186,B
251.755111,-21.000645,9.039895,B
251.749117,-21.001789,9.039418,B
251.754667,-21.001063,9.039754,B
251.754737,-21.001248,9.039697,B
251.747359,-20.998357,9.040468,B
251.752678,-20.998231,9.040610,B
251.746332,-20.998242,9.040485,B
251.745715,-21.000923,9.039626,B
251.746328,-20.998386,9.040440,B
251.746501,-20.998206,9.040500,B
251.745885,-21.000826,9.039660,B
251.746256,-21.001208,9.039546,B
251.753358,-21.001605,9.039558,B
251.752228,-21.001856,9.039456,B
251.753790,-20.998654,9.040498,B
251.751123,-21.002172,9.039335,B
251.751023,-21.001765,9.039462,B
251.747171,-21.001342,9.039522,B
251.745430,-21.000800,9.039659,B
251.751039,-21.002228,9.039316,B
251.748674,-21.001905,9.039373,B
251.745113,-20.999946,9.039923,B
251.754871,-20.999813,9.040153,B
251.754843,-21.000017,9.040088,B
251.748001,-21.001836,9.039381,B
251.751641,-21.002178,9.039343,B
251.748590,-20.997941,9.040623,B
251.754612,-20.999613,9.040211,B
251.751605,-20.998138,9.040619,B
251.752291,-20.998293,9.040584,B
251.746780,-20.998073,9.040547,B
251.747228,-21.001486,9.039477,B
251.750352,-21.002073,9.039352,B
251.745987,-21.001145,9.039561,B
251.745564,-21.000324,9.039812,B
251.745471,-21.000100,9.039881,B
251.755063,-21.000353,9.039986,B
251.753567,-21.001481,9.039601,B
251.745844,-21.001040,9.039592,B
251.754448,-20.999942,9.040104,B
251.750385,-21.002224,9.039305,B
251.746083,-20.998610,9.040364,B
251.753380,-20.998939,9.040400,B
251.749297,-20.997778,9.040689,B
251.754117,-21.000841,9.039814,B
251.745937,-21.000645,9.039718,B
251.749299,-21.002068,9.039333,B
251.744718,-20.999593,9.040027,B
251.745018,-20.999832,9.039957,B
251.754452,-21.000686,9.039869,B
251.748443,-20.998115,9.040566,B
251.744852,-20.999646,9.040013,B
251.746509,-21.001156,9.039568,B
251.753798,-21.001624,9.039560,B
251.751162,-20.997945,9.040672,B
251.745653,-21.000865,9.039643,B
251.751735,-21.002046,9.039387,B
251.745170,-20.999922,9.039932,B
251.749661,-20.997909,9.040654,B
251.755122,-21.000321,9.039997,B
251.746143,-20.998707,9.040334,B
251.753635,-20.998620,9.040506,B
251.752060,-21.002120,9.039370,B
251.753698,-20.998655,9.040496,B
251.754102,-20.999002,9.040394,B
251.751071,-21.001908,9.039418,B
251.750358,-20.997983,9.040644,B
251.747042,-20.998177,9.040519,B
251.748180,-20.997911,9.040625,B
251.752136,-20.998091,9.040644,B
251.747171,-21.001698,9.039409,B
251.753454,-21.001633,9.039550,B
251.754030,-20.999025,9.040385,B
251.745404,-21.000529,9.039745,B
251.746591,-21.001084,9.039592,B
251.746741,-20.998202,9.040505,B
251.745551,-20.999083,9.040204,B
251.748726,-21.001963,9.039355,B
251.746611,-21.001222,9.039549,B
251.751158,-20.998180,9.040597,B
251.754793,-20.999339,9.040301,B
251.752926,-20.998614,9.040494,B
251.753454,-20.998501,9.040540,B
251.745448,-21.000299,9.039818,B
251.746038,-20.998599,9.040366,B
251.754269,-21.000754,9.039844,B
251.751759,-21.002083,9.039376,B
251.754143,-20.999636,9.040195,B
251.750509,-20.998044,9.040628,B
251.755068,-21.000857,9.039827,B
251.750244,-21.002174,9.039318,B
251.748770,-21.001994,9.039346,B
251.754409,-21.001429,9.039633,B
251.745010,-20.999570,9.040040,B
251.745106,-20.999185,9.040164,B
251.754832,-21.001166,9.039724,B
251.754131,-21.001334,9.039658,B
251.755016,-21.000974,9.039789,B
251.749390,-20.997864,9.040663,B
251.751671,-20.998130,9.040623,B
251.749971,-21.002196,9.039305,B
251.746387,-21.001382,9.039494,B
251.747344,-20.998142,9.040536,B
251.751363,-20.998062,9.040639,B
251.747946,-20.997877,9.040631,B
251.748330,-21.002029,9.039327,B
251.745412,-21.000138,9.039868,B
251.746313,-20.998332,9.040456,B
251.752056,-21.002063,9.039388,B
251.749999,-21.002109,9.039334,B
251.744804,-21.000035,9.039889,B
251.751714,-20.997985,9.040670,B
251.753227,-20.998394,9.040570,B
251.746257,-21.001355,9.039500,B
251.750203,-21.002194,9.039311,B
251.746012,-21.001130,9.039566,B
251.751948,-21.002007,9.039403,B
251.747695,-21.001649,9.039435,B
251.746340,-20.998657,9.040354,B
251.746896,-20.998151,9.040524,B
251.744706,-20.999799,9.039962,B
251.751748,-21.002152,9.039354,B
251.745886,-20.998954,9.040251,B
251.745932,-21.001180,9.039549,B
251.751136,-20.998060,9.040635,B
251.754928,-20.999437,9.040273,B
251.752597,-21.001995,9.039420,B
251.748167,-21.001555,9.039473,B
251.746934,-20.998122,9.040534,B
251.749476,-20.997871,9.040663,B
251.754411,-21.000231,9.040012,B
251.745258,-20.999816,9.039967,B
251.754668,-20.999347,9.040296,B
251.752906,-20.998517,9.040525,B
251.752489,-20.998284,9.040590,B
251.754265,-20.999869,9.040124,B
251.755059,-20.999857,9.040142,B
251.745295,-21.000061,9.039890,B
251.753283,-20.998733,9.040464,B
251.753803,-20.999117,9.040352,B
251.753470,-21.001327,9.039647,B
251.751549,-20.998130,9.040621,B
251.747475,-20.997958,9.040597,B
251.753250,-20.998734,9.040463,B
251.752847,-20.998463,9.040540,B
251.746320,-20.998291,9.040469,B
251.751364,-20.998031,9.040648,B
251.746542,-21.001104,9.039585,B
251.751807,-20.998090,9.040638,B
251.754469,-21.001324,9.039668,B
251.749503,-21.001992,9.039361,B
251.752387,-21.001696,9.039510,B
251.753645,-21.001743,9.039519,B
251.747706,-20.998115,9.040552,B
251.749553,-20.997986,9.040628,B
251.750443,-21.002080,9.039351,B
251.753714,-21.001415,9.039624,B
251.745731,-21.000296,9.039824,B
251.745082,-20.999509,9.040061,B
251.748899,-21.002064,9.039327,B
251.753972,-20.999121,9.040354,B
251.745278,-21.000287,9.039819,B
251.752561,-21.001904,9.039448,B
251.745694,-21.000471,9.039768,B
251.746742,-20.998429,9.040434,B
251.751525,-20.998183,9.040604,B
251.750037,-21.002195,9.039307,B
251.747603,-21.001765,9.039396,B
251.754135,-21.001311,9.039665,B
251.749464,-21.002081,9.039332,B
251.744921,-21.000396,9.039777,B
251.749281,-21.001944,9.039372,B
251.744986,-21.000424,9.039770,B
251.745592,-21.001017,9.039594,B
251.754374,-21.000248,9.040006,B
251.752412,-21.002007,9.039412,B
251.745346,-20.999564,9.040048,B
251.751917,-20.998100,9.040637,B
251.748684,-21.001782,9.039412,B
251.745771,-20.999245,9.040157,B
251.745927,-21.000889,9.039641,B
251.748475,-21.001816,9.039397,B
251.753092,-21.001659,9.039535,B
251.754848,-21.000823,9.039833,B
251.752273,-21.001986,9.039416,B
251.751295,-21.002127,9.039353,B
251.755163,-20.999898,9.040131,B
251.753574,-20.998695,9.040481,B
251.749502,-20.997929,9.040645,B
251.751600,-20.998338,9.040556,B
251.754461,-20.999377,9.040283,B
251.753584,-21.001269,9.039668,B
251.750046,-21.002082,9.039343,B
251.753493,-20.998905,9.040413,B
251.752276,-21.001947,9.039428,B
251.754179,-20.998931,9.040418,B
251.748274,-20.997955,9.040613,B
251.754378,-21.000644,9.039881,B
251.745470,-20.999129,9.040188,B
251.745908,-21.000800,9.039668,B
251.750190,-20.998104,9.040603,B
251.753028,-21.001763,9.039501,B
251.754629,-20.999444,9.040265,B
251.745307,-21.000023,9.039902,B
251.754621,-21.000908,9.039802,B
251.748398,-20.997886,9.040637,B
251.751604,-21.002187,9.039340,B
251.754934,-21.000041,9.040082,B
251.753606,-20.998805,9.040447,B
251.745227,-21.000738,9.039675,B
251.744946,-20.999376,9.040100,B
251.753433,-21.001333,9.039645,B
251.754254,-21.001398,9.039640,B
251.745377,-21.000681,9.039696,B
251.749436,-21.002069,9.039335,B
251.744941,-20.999688,9.040001,B
251.747138,-21.001285,9.039539,B
251.750221,-21.001909,9.039401,B
251.754477,-21.000907,9.039800,B
251.753446,-21.001774,9.039506,B
251.748016,-21.001885,9.039366,B
251.745674,-20.999563,9.040055,B
251.747139,-20.998256,9.040496,B
251.746035,-20.998845,9.040289,B
251.753062,-20.998742,9.040456,B
251.751624,-21.002094,9.039370,B
251.750331,-21.001965,9.039385,B
251.746391,-20.998201,9.040499,B
251.745687,-20.999768,9.039990,B
251.752608,-20.998204,9.040618,B
251.754574,-21.001131,9.039731,B
251.751377,-20.998260,9.040576,B
251.747026,-21.001616,9.039432,B
251.745426,-21.000227,9.039840,B
251.753854,-21.001317,9.039658,B
251.754722,-21.000126,9.040051,B
251.754429,-21.000296,9.039992,B
251.754375,-21.001437,9.039630,B
251.753431,-20.998784,9.040450,B
251.745330,-20.999340,9.040119,B
251.749548,-20.997828,9.040678,B
251.748194,-21.001649,9.039444,B
251.747039,-20.998289,9.040484,B
251.754730,-21.001017,9.039770,B
251.745548,-21.000867,9.039640,B
251.745560,-20.998795,9.040295,B
251.748321,-21.001879,9.039374,B
251.752624,-21.001916,9.039445,B
251.752889,-20.998571,9.040507,B
251.745989,-20.998367,9.040439,B
251.745629,-20.999442,9.040092,B
251.745989,-21.000952,9.039622,B
251.749246,-20.997882,9.040655,B
251.745463,-21.000200,9.039849,B
251.748723,-20.997871,9.040648,B
251.748902,-21.001958,9.039360,B
251.754886,-21.001026,9.039770,B
251.752674,-21.001857,9.039465,B
251.749401,-20.997946,9.040638,B
251.751143,-21.002055,9.039373,B
251.754052,-20.998979,9.040400,B
251.749634,-20.998090,9.040597,B
251.751790,-21.002149,9.039355,B
251.754951,-21.000063,9.040075,B
251.744804,-21.000007,9.039898,B
251.745336,-20.999841,9.039960,B
251.747931,-20.997959,9.040605,B
251.754756,-21.000788,9.039843,B
251.754200,-21.001572,9.039584,B
251.750995,-21.002020,9.039381,B
251.747321,-21.001500,9.039474,B
251.746217,-21.001006,9.039609,B
251.746287,-21.001202,9.039549,B
251.753960,-21.001156,9.039711,B
251.751357,-21.002071,9.039372,B
251.751022,-20.998262,9.040569,B
251.745317,-20.998977,9.040233,B
251.751965,-21.002074,9.039382,B
251.745969,-21.001151,9.039559,B
251.745325,-20.999459,9.040081,B
251.744761,-20.999459,9.040070,B
251.754661,-20.999374,9.040288,B
251.748416,-20.997894,9.040635,B
251.753534,-21.001522,9.039587,B
251.746971,-20.998180,9.040517,B
251.752431,-20.998586,9.040494,B
251.744996,-20.999603,9.040029,B
251.753458,-21.001706,9.039527,B
251.754332,-21.001207,9.039702,B
251.753330,-21.001666,9.039538,B
251.747192,-21.001408,9.039501,B
251.751388,-20.998067,9.040638,B
251.752728,-21.001606,9.039545,B
251.748514,-21.001727,9.039426,B
251.746200,-21.000766,9.039685,B
251.745877,-20.999398,9.040111,B
251.753732,-20.998748,9.040467,B
251.750093,-21.002181,9.039313,B
251.747878,-20.998277,9.040504,B
251.750948,-20.998050,9.040634,B
251.746017,-21.001056,9.039590,B
251.750669,-20.997919,9.040670,B
251.750239,-20.998084,9.040610,B
251.746633,-20.998155,9.040518,B
251.754943,-21.000223,9.040025,B
251.745426,-21.000027,9.039904,B
251.747313,-21.001561,9.039455,B
251.754429,-20.999222,9.040331,B
251.745116,-20.998889,9.040257,B
251.754942,-20.999774,9.040167,B
251.750627,-21.001773,9.039452,B
251.746091,-21.001193,9.039548,B
251.754348,-20.999380,9.040280,B
251.745410,-20.999792,9.039977,B
251.745396,-21.000650,9.039706,B
251.753247,-20.998636,9.040493,B
251.744941,-20.999135,9.040176,B
251.754161,-20.999645,9.040192,B
251.749648,-21.001834,9.039414,B
251.745226,-20.999424,9.040090,B
251.754644,-21.000023,9.040082,B
251.755017,-20.999502,9.040254,B
251.747256,-21.001505,9.039472,B
251.747910,-21.001931,9.039350,B
251.747930,-21.001732,9.039413,B
251.745391,-20.999132,9.040186,B
251.748367,-20.997950,9.040616,B
251.754832,-20.999353,9.040297,B
251.745671,-20.999075,9.040209,B
251.753012,-20.998740,9.040456,B
251.752976,-21.001957,9.039439,B
251.753650,-20.998939,9.040405,B
251.751824,-21.002017,9.039398,B
251.753002,-20.998685,9.040473,B
251.754340,-21.001250,9.039688,B
251.750755,-21.002146,9.039336,B
251.754928,-20.999469,9.040263,B
251.746215,-20.998546,9.040387,B
251.754211,-20.999540,9.040226,B
251.754872,-21.000036,9.040082,B
251.754552,-21.000528,9.039921,B
251.751856,-21.001921,9.039429,B
251.745197,-20.999695,9.040004,B
251.751143,-21.002016,9.039385,B
251.745016,-20.999504,9.040061,B
251.753059,-21.001748,9.039507,B
251.750786,-21.002181,9.039326,B
251.748408,-21.001981,9.039344,B
251.751735,-20.998127,9.040625,B
251.751112,-21.001798,9.039453,B
251.745388,-21.000754,9.039673,B
251.754762,-21.000325,9.039989,B
251.746109,-20.998371,9.040440,B
251.751955,-21.002022,9.039399,B
251.745178,-20.999302,9.040128,B
251.754950,-20.999813,9.040154,B
251.746400,-21.001218,9.039546,B
251.745295,-21.000103,9.039877,B
251.744748,-21.000115,9.039863,B
251.753236,-21.001827,9.039485,B
251.747242,-20.998024,9.040571,B
251.754113,-21.001529,9.039596,B
251.746711,-21.001202,9.039557,B
251.754623,-20.999626,9.040207,B
251.744874,-20.999499,9.040060,B
251.747848,-20.997892,9.040625,B
251.753841,-21.001467,9.039610,B
251.745165,-21.000615,9.039713,B
251.753989,-21.001232,9.039688,B
251.746777,-21.001355,9.039510,B
251.754108,-21.001075,9.039739,B
251.745980,-21.001131,9.039565,B
251.747001,-20.998446,9.040433,B
251.752706,-20.998527,9.040518,B
251.754041,-20.999157,9.040344,B
251.754547,-21.000397,9.039962,B
251.747836,-21.001869,9.039368,B
251.753546,-20.998872,9.040425,B
251.748854,-20.998166,9.040558,B
251.746254,-20.998327,9.040456,B
251.751371,-21.001991,9.039397,B
251.745625,-20.999438,9.040093,B
251.750620,-21.002051,9.039364,B
251.754986,-21.000891,9.039814,B
251.750681,-20.998032,9.040635,B
251.751833,-21.001893,9.039437,B
251.751122,-20.998304,9.040558,B
251.754077,-20.999186,9.040336,B
251.749436,-20.997930,9.040643,B
251.749853,-20.998196,9.040567,B
251.748973,-20.998100,9.040581,B
251.751937,-20.998160,9.040619,B
251.750148,-20.998011,9.040631,B
251.753184,-21.001535,9.039576,B
251.754122,-20.998932,9.040417,B
251.754791,-21.001191,9.039716,B
251.749054,-20.997825,9.040669,B
251.747563,-21.001711,9.039413,B
251.746110,-21.001248,9.039531,B
251.747523,-20.998061,9.040565,B
251.753532,-20.998588,9.040514,B
251.748157,-20.998257,9.040515,B
251.746049,-20.998505,9.040396,B
251.754557,-21.001275,9.039685,B
251.755019,-21.000660,9.039888,B
251.747131,-20.998221,9.040507,B
251.750599,-20.998085,9.040617,B
251.746679,-21.001561,9.039443,B
251.752516,-20.998246,9.040603,B
251.747362,-21.001608,9.039441,B
251.753775,-20.999105,9.040355,B
251.751882,-21.002099,9.039373,B
251.753328,-20.998549,9.040522,B
251.753974,-20.998923,9.040417,B
251.745833,-21.001041,9.039591,B
251.744540,-20.998811,9.040271,A
251.751677,-20.997608,9.040788,A
251.744996,-21.000856,9.039633,A
251.747293,-21.002065,9.039295,A
251.752452,-20.997769,9.040752,A
251.744517,-20.998623,9.040330,A
251.755993,-20.999941,9.040134,A
251.751136,-20.997603,9.040779,A
251.750213,-20.997516,9.040789,A
251.744835,-21.000994,9.039587,A
251.748155,-21.002268,9.039248,A
251.744404,-20.999258,9.040127,A
251.744316,-21.000574,9.039709,A
251.744844,-21.001067,9.039564,A
251.747658,-21.002275,9.039236,A
251.755025,-21.001693,9.039562,A
251.746726,-20.997775,9.040640,A
251.753519,-20.998374,9.040582,A
251.746422,-21.001763,9.039374,A
251.744238,-20.998910,9.040233,A
251.751878,-21.002522,9.039239,A
251.748269,-20.997458,9.040770,A
251.755854,-20.999680,9.040214,A
251.745252,-20.998217,9.040472,A
251.754909,-20.998865,9.040453,A
251.755939,-21.000249,9.040036,A
251.749840,-21.002428,9.039230,A
251.747623,-20.997527,9.040736,A
251.755988,-21.000520,9.039951,A
251.743930,-20.999267,9.040115,A
251.750188,-20.997544,9.040780,A
251.755282,-20.998914,9.040445,A
251.745558,-20.998311,9.040448,A
251.752171,-20.997750,9.040753,A
251.745629,-20.998299,9.040453,A
251.756006,-21.000830,9.039853,A
251.752165,-20.997748,9.040753,A
251.755787,-21.000940,9.039814,A
251.744865,-20.998431,9.040397,A
251.755637,-20.999256,9.040344,A
251.751091,-20.997541,9.040798,A
251.744110,-20.999600,9.040013,A
251.756139,-21.000618,9.039923,A
251.754679,-20.998788,9.040473,A
251.755878,-20.999941,9.040132,A
251.750704,-21.002559,9.039205,A
251.755853,-21.000260,9.040030,A
251.752958,-20.998134,9.040647,A
251.752812,-20.997916,9.040713,A
251.747954,-21.002249,9.039250,A
251.744197,-20.998869,9.040246,A
251.747051,-21.001930,9.039333,A
251.743908,-21.000105,9.039850,A
251.747414,-21.002023,9.039311,A
251.749890,-20.997472,9.040797,A
251.744307,-20.998875,9.040246,A
251.749412,-20.997454,9.040793,A
251.753473,-21.002274,9.039348,A
251.751286,-21.002456,9.039249,A
251.755452,-20.999398,9.040295,A
251.749569,-20.997489,9.040785,A
251.752414,-20.997845,9.040727,A
251.754486,-21.001980,9.039461,A
251.750135,-21.002542,9.039199,A
251.743995,-20.999142,9.040156,A
251.753774,-21.002175,9.039385,A
251.749061,-20.997410,9.040800,A
251.745714,-21.001520,9.039437,A
251.750448,-20.997446,9.040816,A
251.744286,-20.998941,9.040225,A
251.749453,-20.997541,9.040767,A
251.744818,-21.000721,9.039673,A
251.745018,-20.998326,9.040433,A
251.755145,-21.001271,9.039697,A
251.751729,-21.002502,9.039243,A
251.755035,-21.001615,9.039587,A
251.747132,-20.997846,9.040625,A
251.752256,-20.997705,9.040768,A
251.750346,-20.997507,9.040795,A
251.755462,-20.999103,9.040388,A
251.747137,-21.001869,9.039354,A
251.750751,-21.002509,9.039222,A
251.754952,-20.999074,9.040388,A
251.755980,-21.000846,9.039848,A
251.755863,-21.000113,9.040077,A
251.744722,-20.998587,9.040345,A
251.746711,-20.997748,9.040648,A
251.755669,-21.001310,9.039695,A
251.744416,-20.998829,9.040263,A
251.754292,-21.002058,9.039432,A
251.753624,-20.998144,9.040656,A
251.746229,-20.998017,9.040554,A
251.750788,-20.997612,9.040770,A
251.748791,-21.002442,9.039205,A
251.751114,-21.002599,9.039200,A
251.753331,-21.002178,9.039376,A
251.754925,-21.001809,9.039523,A
251.744779,-20.998363,9.040417,A
251.744226,-20.999080,9.040180,A
251.747175,-20.997578,9.040711,A
251.748035,-21.002184,9.039272,A
251.750000,-21.002477,9.039217,A
251.753861,-20.998395,9.040582,A
251.746284,-20.997778,9.040631,A
251.747635,-20.997592,9.040715,A
251.751271,-21.002497,9.039236,A
251.753567,-21.002269,9.039352,A
251.755615,-21.001217,9.039723,A
251.747500,-21.002185,9.039261,A
251.745036,-20.998543,9.040365,A
251.752502,-21.002424,9.039282,A
251.747220,-21.002029,9.039306,A
251.744900,-20.998435,9.040396,A
251.753519,-21.002134,9.039394,A
251.752755,-21.002309,9.039323,A
251.744113,-21.000475,9.039737,A
251.744309,-21.000426,9.039756,A
251.744256,-20.999660,9.039997,A
251.753319,-20.998042,9.040683,A
251.748262,-21.002363,9.039220,A
251.745094,-20.998275,9.040451,A
251.745212,-21.001236,9.039517,A
251.746359,-20.997830,9.040616,A
251.755737,-21.001139,9.039751,A
251.754071,-21.001981,9.039452,A
251.750980,-21.002583,9.039203,A
251.745159,-21.001140,9.039547,A
251.755963,-21.000757,9.039876,A
251.744674,-21.000929,9.039604,A
251.743919,-20.999511,9.040038,A
251.752265,-21.002368,9.039295,A
251.754552,-21.001885,9.039492,A
251.755830,-21.000859,9.039841,A
251.753436,-20.998043,9.040685,A
251.744089,-20.999214,9.040135,A
251.752685,-20.997952,9.040699,A
251.755758,-21.001198,9.039732,A
251.752331,-21.002480,9.039261,A
251.751278,-20.997533,9.040804,A
251.744071,-20.999844,9.039935,A
251.750073,-20.997491,9.040794,A
251.752722,-21.002426,9.039286,A
251.747095,-21.001923,9.039336,A
251.755638,-20.999876,9.040148,A
251.744209,-21.000541,9.039718,A
251.746111,-20.997900,9.040589,A
251.754124,-20.998350,9.040601,A
251.755906,-21.000466,9.039966,A
251.752620,-20.997852,9.040729,A
251.744652,-20.998537,9.040359,A
251.744348,-20.999093,9.040178,A
251.746574,-20.997982,9.040572,A
251.744178,-21.000343,9.039780,A
251.751053,-21.002412,9.039258,A
251.745312,-21.001363,9.039479,A
251.754946,-21.001533,9.039611,A
251.754966,-20.998961,9.040424,A
251.750575,-21.002401,9.039252,A
251.755978,-21.000869,9.039840,A
251.754025,-20.998290,9.040618,A
251.752109,-21.002497,9.039252,A
251.752771,-21.002380,9.039301,A
251.745954,-20.997903,9.040585,A
251.745449,-21.001285,9.039506,A
251.744790,-20.998421,9.040399,A
251.751792,-20.997759,9.040743,A
251.755204,-20.998988,9.040420,A
251.747052,-20.997741,9.040657,A
251.755021,-21.001410,9.039651,A
251.749715,-21.002496,9.039206,A
251.746312,-21.001697,9.039393,A
251.744956,-20.998332,9.040430,A
251.744157,-20.999731,9.039973,A
251.755499,-20.999404,9.040294,A
251.753568,-20.998305,9.040604,A
251.747243,-20.997608,9.040703,A
251.745135,-20.998209,9.040472,A
251.747317,-20.997604,9.040705,A
251.753842,-21.002200,9.039379,A
251.748141,-20.997662,9.040703,A
251.745519,-21.001402,9.039471,A
251.745410,-20.998127,9.040504,A
251.750363,-21.002517,9.039212,A
251.756075,-21.000288,9.040026,A
251.748288,-20.997571,9.040735,A
251.753296,-21.002145,9.039386,A
251.748464,-21.002370,9.039222,A
251.755784,-21.001074,9.039772,A
251.755863,-20.999557,9.040253,A
251.744032,-21.000214,9.039818,A
251.744316,-21.000343,9.039782,A
251.744506,-20.999195,9.040149,A
251.752867,-20.997903,9.040718,A
251.748573,-21.002438,9.039202,A
251.752443,-20.997799,9.040742,A
251.754542,-20.998513,9.040557,A
251.744203,-21.000157,9.039839,A
251.752157,-21.002410,9.039280,A
251.752766,-20.997996,9.040687,A
251.743885,-20.999868,9.039924,A
251.755700,-21.000902,9.039824,A
251.755390,-20.999212,9.040353,A
251.744021,-20.999951,9.039900,A
251.747887,-20.997528,9.040741,A
251.744402,-20.998874,9.040248,A
251.754240,-20.998381,9.040593,A
251.755920,-20.999691,9.040212,A
251.744087,-21.000159,9.039836,A
251.744662,-20.998558,9.040353,A
251.755459,-20.999043,9.040408,A
251.754994,-21.001456,9.039636,A
251.744193,-21.000364,9.039773,A
251.753348,-21.002333,9.039327,A
251.744563,-21.000652,9.039689,A
251.744021,-20.999371,9.040084,A
251.752802,-21.002420,9.039289,A
251.749282,-20.997593,9.040747,A
251.744279,-20.999568,9.040026,A
251.748291,-20.997439,9.040776,A
251.751748,-20.997603,9.040791,A
251.744857,-21.001154,9.039537,A
251.745519,-21.001399,9.039472,A
251.745682,-21.001504,9.039442,A
251.755830,-20.999457,9.040284,A
251.752187,-21.002462,9.039264,A
251.753298,-21.002116,9.039395,A
251.744548,-21.000556,9.039719,A
251.755663,-21.001325,9.039690,A
251.755693,-20.999647,9.040221,A
251.750762,-20.997525,9.040797,A
251.752561,-20.997887,9.040717,A
251.744827,-21.001146,9.039538,A
251.751978,-21.002546,9.039234,A
251.747618,-21.002139,9.039278,A
251.750242,-20.997505,9.040793,A
251.744146,-21.000459,9.039742,A
251.747084,-20.997835,9.040628,A
251.746289,-21.001828,9.039351,A
251.745551,-20.998270,9.040461,A
251.751000,-20.997556,9.040792,A
251.744799,-20.998422,9.040399,A
251.750701,-20.997506,9.040802,A
251.755874,-21.000801,9.039860,A
251.748823,-21.002432,9.039209,A
251.745499,-21.001552,9.039423,A
251.753124,-21.002241,9.039352,A
251.755854,-21.000173,9.040058,A
251.744386,-21.000488,9.039738,A
251.751621,-20.997624,9.040782,A
251.749307,-20.997456,9.040791,A
251.754998,-20.999078,9.040388,A
251.750916,-20.997514,9.040803,A
251.755167,-20.999253,9.040336,A
251.746453,-21.001908,9.039329,A
251.744413,-20.998848,9.040256,A
251.744069,-20.999141,9.040157,A
251.755840,-20.999881,9.040150,A
251.746358,-20.997833,9.040615,A
251.743869,-20.999744,9.039963,A
251.755680,-21.000943,9.039811,A
251.748292,-21.002261,9.039253,A
251.755110,-20.998847,9.040463,A
251.744012,-20.999074,9.040178,A
251.746175,-21.001779,9.039364,A
251.755894,-21.000464,9.039967,A
251.749090,-21.002464,9.039204,A
251.745926,-21.001494,9.039450,A
251.753694,-21.002124,9.039400,A
251.754207,-20.998378,9.040594,A
251.754178,-20.998386,9.040591,A
251.755738,-20.999601,9.040237,A
251.750758,-20.997529,9.040795,A
251.752952,-21.002297,9.039331,A
251.755007,-21.001725,9.039551,A
251.748426,-20.997440,9.040779,A
251.755528,-21.001047,9.039776,A
251.754152,-21.002013,9.039444,A
251.750483,-20.997573,9.040776,A
251.744061,-20.999619,9.040006,A
251.753759,-21.002181,9.039383,A
251.745475,-21.001469,9.039449,A
251.755894,-20.999862,9.040157,A
251.752295,-21.002327,9.039309,A
251.752257,-20.997797,9.040740,A
251.744489,-20.999200,9.040147,A
251.755866,-20.999531,9.040261,A
251.752622,-20.997988,9.040686,A
251.750089,-21.002528,9.039203,A
251.747262,-21.002146,9.039269,A
251.748617,-21.002235,9.039267,A
251.748081,-20.997667,9.040700,A
251.749243,-20.997554,9.040758,A
251.755143,-20.999096,9.040385,A
251.745547,-21.001583,9.039414,A
251.753914,-20.998355,9.040595,A
251.745588,-21.001562,9.039422,A
251.744876,-20.998297,9.040440,A
251.751473,-20.997643,9.040773,A
251.745891,-20.997952,9.040568,A
251.743897,-20.999661,9.039990,A
251.754037,-21.002156,9.039397,A
251.745879,-20.998124,9.040513,A
251.744875,-20.998629,9.040335,A
251.755887,-20.999823,9.040169,A
251.755195,-20.998916,9.040442,A
251.745124,-20.998426,9.040404,A
251.752980,-20.998073,9.040666,A
251.753009,-21.002317,9.039326,A
251.754535,-20.998462,9.040573,A
251.754984,-20.998854,9.040458,A
251.745232,-21.001330,9.039488,A
251.746264,-20.997817,9.040618,A
251.743945,-20.999418,9.040067,A
251.744551,-20.998573,9.040346,A
251.752853,-21.002252,9.039343,A
251.754743,-20.998687,9.040506,A
251.755583,-21.001042,9.039778,A
251.754973,-21.001720,9.039552,A
251.756103,-21.000164,9.040066,A
251.748714,-21.002276,9.039256,A
251.745017,-20.998288,9.040445,A
251.745929,-21.001566,9.039427,A
251.750278,-21.002431,9.039237,A
251.751007,-21.002508,9.039227,A
251.747266,-21.001982,9.039321,A
251.745933,-21.001754,9.039368,A
251.747398,-21.002185,9.039260,A
251.745417,-20.998291,9.040452,A
251.744815,-21.000890,9.039619,A
251.749761,-21.002448,9.039222,A
251.755293,-21.001525,9.039620,A
251.755892,-20.999703,9.040207,A
251.750600,-21.002477,9.039229,A
251.754872,-21.001799,9.039525,A
251.749023,-21.002395,9.039224,A
251.744368,-20.999030,9.040198,A
251.747214,-20.997745,9.040659,A
251.744164,-20.999038,9.040192,A
251.751988,-20.997741,9.040752,A
251.752232,-21.002407,9.039282,A
251.753325,-20.998017,9.040691,A
251.752143,-20.997742,9.040755,A
251.749421,-21.002493,9.039201,A
251.747798,-21.002275,9.039239,A
251.744114,-21.000104,9.039854,A
251.747757,-21.002111,9.039290,A
251.754101,-21.001781,9.039516,A
251.752591,-20.997838,9.040733,A
251.744739,-21.001081,9.039557,A
251.751927,-20.997675,9.040772,A
251.746519,-20.997808,9.040626,A
251.749116,-21.002341,9.039243,A
251.754634,-20.998637,9.040520,A
251.752825,-20.997941,9.040705,A
251.755966,-20.999843,9.040164,A
251.752065,-20.997875,9.040711,A
251.745338,-20.998123,9.040503,A
251.753490,-21.002143,9.039390,A
251.748694,-20.997415,9.040792,A
251.749550,-21.002553,9.039185,A
251.756145,-21.000015,9.040113,A
251.753994,-20.998369,9.040592,A
251.755068,-20.998989,9.040417,A
251.746001,-21.001750,9.039370,A
251.751630,-21.002466,9.039252,A
251.756066,-21.000704,9.039894,A
251.748952,-20.997414,9.040797,A
251.752226,-21.002513,9.039249,A
251.748497,-21.002253,9.039259,A
251.749907,-21.002420,9.039234,A
251.756044,-21.000475,9.039966,A
251.749778,-20.997581,9.040760,A
251.754063,-21.002057,9.039428,A
251.755478,-20.999077,9.040397,A
251.748501,-20.997583,9.040735,A
251.752877,-20.998033,9.040677,A
251.755323,-20.998993,9.040421,A
251.755523,-21.001382,9.039669,A
251.743983,-20.999580,9.040017,A
251.755092,-21.001705,9.039559,A
251.754198,-21.001977,9.039456,A
251.753583,-20.998075,9.040677,A
251.755990,-21.000921,9.039824,A
251.755848,-21.000604,9.039921,A
251.747835,-21.002102,9.039294,A
251.746972,-20.997721,9.040662,A
251.744272,-20.999976,9.039897,A
251.745363,-21.001477,9.039444,A
251.753270,-20.998099,9.040664,A
251.750195,-20.997546,9.040779,A
251.744855,-21.001044,9.039571,A
251.755403,-20.999473,9.040271,A
251.754568,-20.998547,9.040547,A
251.755913,-21.000846,9.039846,A
251.753189,-20.998005,9.040692,A
251.751411,-20.997703,9.040753,A
251.746484,-20.997783,9.040633,A
251.755098,-20.999121,9.040376,A
251.745126,-20.998232,9.040465,A
251.754290,-21.001868,9.039492,A
251.744761,-21.000563,9.039721,A
251.754922,-20.999059,9.040392,A
251.754022,-20.998359,9.040596,A
251.752030,-21.002475,9.039257,A
251.750807,-20.997501,9.040805,A
251.755269,-20.999150,9.040370,A
251.744309,-21.000327,9.039787,A
251.747266,-20.997568,9.040716,A
251.755698,-21.000280,9.040021,A
251.755820,-21.000026,9.040104,A
251.747518,-20.997653,9.040694,A
251.748186,-21.002275,9.039246,A
251.750330,-21.002403,9.039247,A
251.750767,-20.997475,9.040813,A
251.745797,-21.001558,9.039427,A
251.751886,-21.002476,9.039254,A
251.753953,-21.001882,9.039482,A
251.748439,-20.997476,9.040768,A
251.748768,-21.002468,9.039196,A
251.755954,-20.999918,9.040140,A
251.753396,-21.002085,9.039406,A
251.755243,-21.001485,9.039632,A
251.755064,-21.001655,9.039575,A
251.751384,-21.002587,9.039209,A
251.747971,-21.002104,9.039296,A
251.743876,-20.999395,9.040073,A
251.751093,-20.997575,9.040787,A
251.744487,-20.998559,9.040349,A
251.751826,-21.002440,9.039264,A
251.744016,-20.999517,9.040037,A
251.744855,-21.000997,9.039586,A
251.756004,-20.999784,9.040184,A
251.751604,-21.002342,9.039291,A
251.755656,-20.999815,9.040167,A
251.744525,-20.998572,9.040346,A
251.749623,-21.002491,9.039206,A
251.751939,-20.997857,9.040714,A
251.755790,-21.000243,9.040034,A
251.744006,-20.999399,9.040075,A
251.750969,-20.997627,9.040769,A
251.753749,-21.002155,9.039391,A
251.751295,-20.997648,9.040768,A
251.746474,-21.001847,9.039348,A
251.750629,-20.997537,9.040790,A
251.751628,-20.997617,9.040784,A
251.753010,-21.002393,9.039302,A
251.748372,-20.997525,9.040751,A
251.755002,-21.001513,9.039618,A
251.754501,-21.001942,9.039473,A
251.744560,-20.999173,9.040157,A
251.755180,-20.998883,9.040453,A
251.748090,-20.997521,9.040747,A
251.755828,-20.999735,9.040196,A
251.755644,-20.999242,9.040348,A
251.754439,-21.001884,9.039490,A
251.753612,-20.998138,9.040658,A
251.756038,-20.999858,9.040161,A
251.747337,-21.002156,9.039268,A
251.752247,-20.997951,9.040691,A
251.746858,-21.002029,9.039298,A
251.754752,-21.001868,9.039501,A
251.744208,-21.000607,9.039697,A
251.747890,-20.997487,9.040754,A
251.756004,-21.000164,9.040064,A
251.745890,-20.998209,9.040487,A
251.745018,-21.001208,9.039522,A
251.745264,-20.998447,9.040400,A
251.745031,-20.998641,9.040334,A
251.743961,-20.999851,9.039931,A
251.744335,-20.998878,9.040245,A
251.745231,-21.001092,9.039563,A
251.755060,-20.998905,9.040443,A
251.751005,-20.997642,9.040764,A
251.755631,-20.999602,9.040234,A
251.748237,-21.002355,9.039222,A
251.745776,-20.998208,9.040485,A
251.751774,-20.997658,9.040774,A
251.755516,-20.999203,9.040358,A
251.747803,-20.997529,9.040739,A
251.754434,-21.001885,9.039490,A
251.750552,-20.997466,9.040811,A
251.749404,-21.002401,9.039230,A
251.747521,-20.997633,9.040700,A
251.745360,-20.998322,9.040441,A
251.745826,-21.001664,9.039394,A
251.754020,-21.002007,9.039443,A
251.745708,-21.001589,9.039415,A
251.746561,-20.997693,9.040663,A
251.748597,-20.997424,9.040787,A
251.750607,-21.002461,9.039234,A
251.748901,-20.997413,9.040797,A
251.745079,-20.998413,9.040407,A
251.755844,-20.999481,9.040276,A
251.755990,-21.000057,9.040097,A
251.755974,-20.999700,9.040210,A
251.755328,-21.001115,9.039750,A
251.747612,-21.002117,9.039285,A
251.752344,-21.002478,9.039262,A
251.754969,-21.001769,9.039537,A
251.746281,-20.997780,9.040630,A
251.752128,-20.997721,9.040761,A
251.744341,-20.998843,9.040257,A
251.754149,-20.998303,9.040616,A
251.747659,-21.002245,9.039246,A
251.744075,-21.000207,9.039821,A
251.754971,-20.998990,9.040415,A
251.745244,-20.998290,9.040449,A
251.746587,-21.001838,9.039353,A
251.753544,-20.998168,9.040647,A
251.746543,-20.997780,9.040635,A
251.754698,-21.001899,9.039490,A
251.750747,-21.002498,9.039225,A
251.754952,-21.001550,9.039606,A
251.747748,-20.997526,9.040738,A
251.751331,-20.997572,9.040793,A
251.754924,-21.001562,9.039601,A
251.749388,-21.002482,9.039204,A
251.755897,-20.999793,9.040179,A
251.754584,-21.001700,9.039551,A
251.744243,-21.000659,9.039681,A
251.743942,-20.999163,9.040148,A
251.744004,-21.000294,9.039792,A
251.750880,-21.002458,9.039240,A
251.748658,-21.002418,9.039210,A
251.755797,-21.001110,9.039761,A
251.745325,-21.001397,9.039469,A
251.750309,-20.997542,9.040783,A
251.754605,-20.998814,9.040463,A
251.750507,-21.002403,9.039250,A
251.751755,-20.997707,9.040758,A
251.754478,-20.998591,9.040531,A
251.744317,-20.999724,9.039978,A
251.747763,-20.997526,9.040739,A
251.751327,-21.002576,9.039212,A
251.754083,-21.002129,9.039406,A
251.750533,-20.997527,9.040792,A
251.748965,-20.997416,9.040797,A
251.754622,-20.998653,9.040515,A
251.746807,-21.002027,9.039298,A
251.748047,-21.002337,9.039224,A
251.752387,-20.997763,9.040753,A
251.744821,-21.001099,9.039553,A
251.748380,-21.002306,9.039240,A
251.756138,-21.000554,9.039943,A
251.755976,-21.000785,9.039867,A
251.744521,-21.000918,9.039605,A
251.751868,-21.002550,9.039230,A
251.754016,-21.002019,9.039439,A
251.756030,-20.999699,9.040211,A
251.753395,-20.998037,9.040686,A
251.753856,-21.001946,9.039459,A
251.751042,-20.997651,9.040762,A
251.755843,-21.000798,9.039860,A
251.755737,-20.999302,9.040331,A
251.746570,-21.001828,9.039356,A
251.750185,-21.002357,9.039259,A
251.752955,-20.997983,9.040694,A
251.744715,-21.001016,9.039577,A
251.753054,-20.998042,9.040678,A
251.755693,-20.999944,9.040127,A
251.749978,-20.997508,9.040787,A
251.748488,-20.997430,9.040783,A
251.750697,-21.002571,9.039201,A
251.755045,-20.998935,9.040434,A
251.752884,-20.997882,9.040725,A
251.745562,-20.998062,9.040527,A
251.755752,-21.000699,9.039890,A
251.745714,-20.997938,9.040569,A
251.749937,-21.002436,9.039229,A
251.749337,-21.002506,9.039196,A
251.750077,-21.002567,9.039190,A
251.751985,-20.997711,9.040761,A
251.754389,-20.998601,9.040527,A
251.754590,-21.001847,9.039505,A
251.752316,-20.997919,9.040702,A
251.745766,-21.001621,9.039406,A
251.747744,-20.997622,9.040708,A
251.745383,-20.998245,9.040466,A
251.750891,-20.997575,9.040784,A
251.748391,-21.002341,9.039230,A
251.753689,-20.998138,9.040659,A
251.745801,-20.997940,9.040570,A
251.755605,-21.000953,9.039807,A
251.746918,-21.002051,9.039293,A
251.755535,-21.001312,9.039692,A
251.744299,-20.999630,9.040007,A
251.745441,-20.998053,9.040528,A
251.755637,-21.000955,9.039807,A
251.749726,-20.997517,9.040779,A
251.754415,-20.998698,9.040496,A
251.751462,-20.997672,9.040764,A
251.745082,-20.998196,9.040475,A
251.754025,-20.998384,9.040588,A
251.753961,-21.002115,9.039408,A
251.750263,-20.997482,9.040801,A
251.749974,-21.002545,9.039195,A
251.751949,-21.002444,9.039265,A
251.750571,-20.997496,9.040802,A
251.743888,-20.999998,9.039883,A
251.749786,-21.002442,9.039224,A
251.744249,-21.000665,9.039679,A
251.744281,-20.999110,9.040171,A
251.746350,-21.001842,9.039348,A
251.754714,-21.001652,9.039569,A
251.745192,-21.001305,9.039495,A
251.753237,-21.002163,9.039379,A
251.744205,-20.998802,9.040267,A
251.745938,-20.997863,9.040597,A
251.749929,-21.002539,9.039196,A
251.746452,-20.997711,9.040655,A
251.755975,-21.000304,9.040019,A
251.749442,-20.997450,9.040795,A
251.752415,-21.002471,9.039266,A
251.754470,-21.001779,9.039524,A
251.751299,-20.997651,9.040767,A
251.751549,-21.002517,9.039235,A
251.747729,-20.997505,9.040745,A
251.754439,-20.998418,9.040585,A
251.751005,-20.997576,9.040785,A
251.755315,-21.001160,9.039736,A
251.755528,-20.999194,9.040361,A
251.747361,-20.997665,9.040687,A
251.753396,-21.002298,9.039339,A
251.751089,-20.997508,9.040809,A
251.754220,-21.001929,9.039472,A
251.746555,-21.001918,9.039328,A
251.751557,-21.002400,9.039272,A
251.747641,-21.002099,9.039291,A
251.746873,-20.997751,9.040651,A
251.750526,-20.997523,9.040793,A
251.744575,-20.998694,9.040309,A
251.754491,-21.001899,9.039486,A
251.744000,-20.999620,9.040005,A
251.754153,-21.001761,9.039524,A
251.755554,-21.001242,9.039714,A
251.751852,-20.997744,9.040749,A
251.749291,-21.002426,9.039220,A
251.755669,-21.000205,9.040044,A
251.748100,-20.997466,9.040764,A
251.749714,-20.997419,9.040810,A
251.754801,-21.001759,9.039537,A
251.744782,-20.998398,9.040406,A
251.755125,-21.001426,9.039648,A
251.746212,-21.001587,9.039426,A
251.746844,-21.001848,9.039355,A
251.753697,-20.998228,9.040631,A
251.744060,-20.999114,9.040166,A
251.746576,-20.997886,9.040602,A
251.755000,-20.998810,9.040472,A
251.744085,-20.999900,9.039918,A
251.754246,-20.998336,9.040608,A
251.747814,-21.002184,9.039268,A
251.746350,-20.997751,9.040641,A
251.748988,-20.997423,9.040795,A
251.750374,-21.002566,9.039196,A
251.752952,-21.002267,9.039340,A
251.753379,-20.998097,9.040666,A
251.745720,-21.001502,9.039443,A
251.744954,-20.998612,9.040341,A
251.747316,-21.002186,9.039258,A
251.744197,-21.000319,9.039788,A
251.753431,-21.002261,9.039352,A
251.746374,-20.997926,9.040586,A
251.745228,-20.998462,9.040394,A
251.754861,-21.001558,9.039601,A
251.748954,-21.002428,9.039213,A
251.745511,-21.001518,9.039434,A
251.749623,-20.997458,9.040796,A
251.754824,-20.998722,9.040497,A
251.755982,-21.000934,9.039820,A
251.749039,-20.997623,9.040733,A
251.747583,-20.997650,9.040696,A
251.748226,-21.002287,9.039243,A
251.744008,-20.999581,9.040017,A
251.744524,-21.000613,9.039701,A
251.751161,-21.002572,9.039210,A
251.753247,-20.998205,9.040630,A
251.755362,-20.999261,9.040337,A
251.746428,-21.001921,9.039324,A
251.746181,-20.997788,9.040625,A
251.749848,-21.002556,9.039189,A
251.753187,-20.997974,9.040702,A
251.745420,-20.998408,9.040415,A
251.750716,-20.997500,9.040804,A
251.753240,-21.002080,9.039405,A
251.752141,-21.002375,9.039291,A
251.747801,-20.997638,9.040704,A
251.744415,-20.998808,9.040269,A
251.748116,-20.997541,9.040741,A
251.745577,-21.001436,9.039461,A
251.750538,-20.997453,9.040815,A
251.744170,-20.998967,9.040214,A
251.755948,-20.999798,9.040178,A
251.745091,-21.001068,9.039568,A
251.747451,-20.997658,9.040691,A
251.744115,-21.000500,9.039729,A
251.755167,-21.001632,9.039584,A
251.752345,-21.002462,9.039267,A
251.755525,-21.001170,9.039737,A
251.755901,-20.999574,9.040248,A
251.755764,-20.999914,9.040138,A
251.749716,-20.997596,9.040754,A
251.747023,-21.002078,9.039286,A
251.746204,-20.997950,9.040575,A
251.755830,-20.999516,9.040265,A
251.749635,-21.002444,9.039221,A
251.754072,-21.001967,9.039457,A
251.753048,-20.998142,9.040646,A
251.746469,-20.997838,9.040615,A
251.744650,-21.000998,9.039582,A
251.744491,-21.000821,9.039635,A
251.744192,-20.999541,9.040033,A
251.753360,-20.998130,9.040656,A
251.754012,-20.998426,9.040575,A
251.744760,-20.998379,9.040411,A
251.753102,-20.998036,9.040680,A
251.744611,-21.000809,9.039641,A
251.746223,-20.997826,9.040614,A
251.753881,-20.998278,9.040619,A
251.744367,-20.998858,9.040253,A
251.749937,-21.002502,9.039208,A
251.746821,-20.997662,9.040678,A
251.752519,-20.997818,9.040738,A
251.745425,-20.998104,9.040511,A
251.744432,-20.999119,9.040171,A
251.756061,-21.000694,9.039897,A
251.744325,-20.999021,9.040200,A
251.752325,-21.002322,9.039311,A
251.754410,-21.001830,9.039507,A
251.744011,-21.000335,9.039779,A
251.743934,-20.999452,9.040056,A
251.751350,-20.997622,9.040777,A
251.743971,-20.999252,9.040120,A
251.744875,-20.998639,9.040331,A
251.754603,-21.001830,9.039510,A
251.754762,-20.998812,9.040467,A
251.754412,-21.001982,9.039459,A
251.744471,-20.999276,9.040122,A
251.754056,-21.001975,9.039454,A
251.754162,-20.998438,9.040574,A
251.744613,-20.998591,9.040342,A
251.746494,-21.001681,9.039401,A
251.744055,-21.000284,9.039796,A
251.751872,-20.997710,9.040760,A
251.755849,-21.000851,9.039844,A
251.754107,-20.998375,9.040593,A
251.744251,-21.000577,9.039707,A
251.744205,-20.998841,9.040255,A
251.745466,-21.001182,9.039539,A
251.755435,-20.999094,9.040391,A
251.755421,-21.001454,9.039645,A
251.756121,-21.000236,9.040043,A
251.752329,-21.002500,9.039255,A
251.754466,-20.998792,9.040468,A
251.753959,-20.998368,9.040592,A
251.755837,-20.999568,9.040249,A
251.744774,-20.998470,9.040383,A
251.744039,-21.000252,9.039806,A
251.754492,-21.001786,9.039522,A
251.754780,-20.998765,9.040482,A
251.752252,-20.997742,9.040757,A
251.754340,-21.001773,9.039523,A
251.753247,-21.002302,9.039335,A
251.749571,-21.002442,9.039220,A
251.746779,-21.001974,9.039314,A
251.744278,-20.999704,9.039983,A
251.745397,-21.001490,9.039441,A
251.754715,-20.998693,9.040504,A
251.744185,-20.999426,9.040069,A
251.756071,-20.999797,9.040181,A
251.751340,-21.002427,9.039259,A
251.756030,-20.999939,9.040135,A
251.746736,-21.001924,9.039329,A
251.743913,-20.999497,9.040042,A
251.748331,-21.002248,9.039258,A
251.753533,-20.998130,9.040659,A
251.750637,-21.002598,9.039192,A
251.750606,-20.997626,9.040762,A
251.756002,-21.000431,9.039979,A
251.754636,-20.998667,9.040510,A
251.755971,-21.000409,9.039986,A
251.755551,-21.001140,9.039746,A
251.755530,-21.001369,9.039674,A
251.746006,-21.001675,9.039394,A
251.745499,-20.998044,9.040532,A
251.755627,-20.999545,9.040252,A
251.753449,-20.998177,9.040642,A
251.746865,-20.997676,9.040674,A
251.751690,-21.002397,9.039275,A
251.752339,-21.002399,9.039287,A
251.755926,-21.000823,9.039854,A
251.754726,-20.998663,9.040513,A
251.754763,-20.998688,9.040506,A
251.744056,-21.000340,9.039778,A
251.744041,-21.000337,9.039779,A
251.745375,-21.001135,9.039552,A
251.746721,-21.001843,9.039355,A
251.754987,-20.998816,9.040470,A
251.755016,-20.998813,9.040471,A
251.751117,-20.997510,9.040808,A
251.748322,-20.997671,9.040704,A
251.744150,-20.998875,9.040243,A
251.749364,-20.997538,9.040766,A
251.754211,-20.998519,9.040549,A
251.753687,-21.002237,9.039364,A
251.752565,-20.997821,9.040738,A
251.743920,-20.999736,9.039966,A
251.753396,-20.998060,9.040678,A
251.751528,-21.002549,9.039224,A
251.745712,-21.001513,9.039439,A
251.753345,-21.002029,9.039423,A
251.744551,-21.000524,9.039730,A
251.750007,-20.997632,9.040748,A
251.753170,-21.002167,9.039376,A
251.755667,-21.000557,9.039933,A
251.747387,-20.997591,9.040711,A
251.753544,-20.998143,9.040655,A
251.755923,-20.999998,9.040115,A
251.751746,-21.002382,9.039281,A
251.752669,-21.002445,9.039279,A
251.753806,-20.998305,9.040609,A
251.752104,-20.997681,9.040773,A
251.752411,-20.997791,9.040744,A
251.756145,-21.000297,9.040024,A
251.755245,-21.001363,9.039670,A
251.744337,-20.999830,9.039945,A
251.753453,-21.002149,9.039387,A
251.744066,-21.000311,9.039788,A
251.744574,-20.998781,9.040281,A
251.752142,-20.997775,9.040744,A
251.755951,-21.000165,9.040062,A
251.747129,-20.997638,9.040691,A
251.755696,-21.001040,9.039781,A
251.747096,-21.002000,9.039312,A
251.748513,-21.002380,9.039219,A
251.755615,-21.000380,9.039988,A
251.746391,-21.001751,9.039377,A
251.755464,-20.999310,9.040323,A
251.747437,-20.997573,9.040718,A
251.755583,-20.999415,9.040292,A
251.746876,-20.997647,9.040684,A
251.752198,-21.002432,9.039274,A
251.756033,-20.999997,9.040117,A
251.753390,-20.998248,9.040619,A
251.751659,-21.002336,9.039294,A
251.749249,-21.002440,9.039214,A
251.755919,-21.001008,9.039795,A
251.745489,-21.001327,9.039494,A
251.756155,-21.000041,9.040105,A
251.747964,-20.997571,9.040729,A
251.744701,-20.998901,9.040245,A
251.745881,-20.997877,9.040592,A
251.745635,-21.001404,9.039472,A
251.754829,-20.998839,9.040460,A
251.752589,-21.002353,9.039306,A
251.744234,-20.998920,9.040230,A
251.747670,-21.002115,9.039287,A
251.747145,-20.997611,9.040700,A
251.744033,-20.999940,9.039904,A
251.755789,-20.999404,9.040300,A
251.752341,-21.002329,9.039309,A
251.748693,-20.997484,9.040770,A
251.752885,-20.997880,9.040725,A
251.745891,-21.001661,9.039396,A
251.750817,-21.002556,9.039208,A
251.752108,-20.997853,9.040719,A
251.754595,-21.001950,9.039472,A
251.743999,-20.999238,9.040125,A
251.751172,-20.997596,9.040782,A
251.753220,-21.002216,9.039362,A
251.749536,-21.002358,9.039246,A
251.752566,-21.002428,9.039282,A
251.755886,-21.000365,9.039998,A
251.754916,-21.001653,9.039572,A
251.755511,-20.999157,9.040372,A
251.749187,-21.002383,9.039231,A
251.744416,-20.998682,9.040309,A
251.752489,-21.002355,9.039304,A
251.746298,-21.001747,9.039377,A
251.752975,-20.997968,9.040699,A
251.744941,-20.998364,9.040420,A
251.744742,-21.001015,9.039578,A
251.755933,-21.000999,9.039799,A
251.746069,-21.001800,9.039356,A
251.747591,-21.002257,9.039240,A
251.756080,-21.000650,9.039911,A
251.745654,-21.001506,9.039441,A
251.753228,-21.002315,9.039331,A
251.752754,-20.997890,9.040720,A
251.752233,-20.997712,9.040766,A
251.755419,-21.000898,9.039820,A
251.754555,-21.001861,9.039500,A
251.753518,-20.998073,9.040677,A
251.745980,-20.997933,9.040576,A
251.755682,-21.001131,9.039752,A
251.755611,-21.000932,9.039813,A
251.755717,-21.000339,9.040003,A
251.743975,-20.999112,9.040165,A
251.744784,-20.998794,9.040281,A
251.744501,-21.000895,9.039611,A
251.746011,-20.997900,9.040587,A
251.748723,-21.002441,9.039204,A
251.752388,-20.997782,9.040747,A
251.753227,-20.998190,9.040634,A
251.745165,-20.998425,9.040405,A
251.745113,-20.998441,9.040399,A
251.753358,-20.998313,9.040598,A
251.754830,-20.998774,9.040480,A
251.753612,-20.998199,9.040639,A
251.744320,-21.000578,9.039708,A
251.753305,-20.998117,9.040659,A
251.746413,-21.001915,9.039326,A
251.745075,-20.998222,9.040467,A
251.755813,-20.999644,9.040224,A
251.748247,-21.002334,9.039229,A
251.747318,-21.002019,9.039310,A
251.744441,-21.000510,9.039732,A
251.753339,-20.997999,9.040696,A
251.754688,-20.998602,9.040532,A
251.755127,-21.001698,9.039562,A
251.754136,-20.998380,9.040591,A
251.747582,-20.997549,9.040728,A
251.747957,-20.997461,9.040763,A
251.747150,-20.997641,9.040691,A
251.750865,-20.997501,9.040806,A
251.751405,-21.002578,9.039212,A
251.747194,-21.001998,9.039315,A
251.753350,-21.002152,9.039384,A
251.752569,-21.002466,9.039270,A
251.755389,-20.999447,9.040279,A
251.755521,-20.999103,9.040390,A
251.745736,-20.997954,9.040564,A
251.744445,-21.000661,9.039684,A
251.756078,-20.999866,9.040159,A
251.753295,-20.997974,9.040703,A
251.744530,-20.998943,9.040229,A
251.745479,-21.001484,9.039444,A
251.745489,-21.001442,9.039458,A
251.751752,-21.002353,9.039290,A
251.749688,-20.997452,9.040799,A
251.756063,-20.999968,9.040127,A
251.748710,-20.997523,9.040758,A
251.746168,-21.001838,9.039345,A
251.755229,-21.001292,9.039692,A
251.755627,-20.999530,9.040257,A
251.750335,-20.997436,9.040817,A
251.755869,-21.000319,9.040012,A
251.747093,-21.002032,9.039302,A
251.745488,-20.998068,9.040524,A
251.744015,-21.000278,9.039797,A
251.744124,-20.999168,9.040150,A
251.750733,-21.002488,9.039228,A
251.745499,-21.001520,9.039433,A
251.751411,-21.002582,9.039211,A
251.747181,-21.002021,9.039307,A
251.752656,-21.002424,9.039285,A
251.755552,-20.999453,9.040280,A
251.753493,-21.002299,9.039341,A
251.747573,-20.997578,9.040719,A
251.744212,-21.000601,9.039699,A
251.751679,-21.002560,9.039223,A
251.747592,-21.002141,9.039277,A
251.753210,-21.002103,9.039397,A
251.756051,-21.000112,9.040081,A
251.749988,-20.997423,9.040814,A
251.745917,-20.997883,9.040590,A
251.744664,-21.000979,9.039588,A
251.755716,-21.000797,9.039858,A
251.747655,-20.997505,9.040743,A
251.752639,-21.002226,9.039348,A
251.750710,-21.002444,9.039241,A
251.749866,-20.997552,9.040771,A
251.749075,-20.997446,9.040789,A
251.743924,-21.000071,9.039861,A
251.749388,-21.002454,9.039213,A
251.749257,-20.997575,9.040752,A
251.755517,-21.000672,9.039894,A
251.752845,-21.002301,9.039328,A
251.751684,-20.997786,9.040732,A
251.750943,-20.997501,9.040808,A
251.753112,-20.997953,9.040707,A
251.754685,-21.001787,9.039525,A
251.752119,-20.997821,9.040729,A
251.746005,-21.001604,9.039416,A
251.745693,-20.998085,9.040522,A
251.748156,-20.997541,9.040742,A
251.753772,-21.002222,9.039371,A
251.749806,-21.002554,9.039189,A
251.748284,-21.002295,9.039242,A
251.748135,-21.002345,9.039223,A
251.753464,-20.998139,9.040655,A
251.744368,-20.998912,9.040235,A
251.744930,-21.000979,9.039593,A
251.752353,-21.002499,9.039256,A
251.750408,-21.002498,9.039218,A
251.750824,-21.002593,9.039197,A
251.745756,-20.998041,9.040538,A
251.752576,-20.997772,9.040754,A
251.753337,-20.998132,9.040654,A
251.744574,-21.000796,9.039644,A
251.747090,-21.001916,9.039339,A
251.744864,-20.998542,9.040362,A
251.755479,-21.001269,9.039704,A
251.744166,-20.998968,9.040214,A
251.754242,-21.001965,9.039461,A
251.753022,-20.997955,9.040705,A
251.755737,-21.001120,9.039756,A
251.750645,-20.997624,9.040763,A
251.746958,-21.002106,9.039276,A
251.754823,-21.001713,9.039551,A
251.750884,-20.997491,9.040810,A
251.752865,-20.997939,9.040706,A
251.752187,-20.997686,9.040773,A
251.747003,-20.997732,9.040659,A
251.752614,-21.002404,9.039291,A
251.744384,-21.000730,9.039661,A
251.755932,-21.000528,9.039947,A
251.744250,-21.000523,9.039724,A
251.752060,-21.002449,9.039266,A
251.747189,-20.997680,9.040679,A
251.754204,-20.998535,9.040544,A
251.748024,-20.997502,9.040751,A
251.755372,-20.999243,9.040343,A
251.748320,-21.002316,9.039236,A
251.750446,-20.997600,9.040767,A
251.745393,-20.998342,9.040435,A
251.750073,-20.997589,9.040763,A
251.756113,-20.999967,9.040128,A
251.751403,-20.997548,9.040802,A
251.744455,-20.999117,9.040173,A
251.749124,-20.997426,9.040796,A
251.752925,-20.998165,9.040636,A
251.752612,-20.997885,9.040719,A
251.754386,-20.998461,9.040571,A
251.743946,-21.000246,9.039806,A
251.743966,-20.999141,9.040155,A
251.746853,-21.001952,9.039323,A
251.755356,-21.001426,9.039653,A
251.748313,-21.002356,9.039223,A
251.755407,-21.001466,9.039641,A
251.746419,-21.001886,9.039335,A
251.753803,-20.998313,9.040606,A
251.755992,-21.000494,9.039959,A
251.755197,-21.001389,9.039661,A
251.750380,-21.002445,9.039235,A
251.746650,-21.001954,9.039318,A
251.752326,-21.002406,9.039285,A
251.750719,-20.997530,9.040794,A
251.745102,-20.998192,9.040477,A
251.746301,-21.001852,9.039344,A
251.745704,-21.001477,9.039451,A
251.749147,-20.997472,9.040783,A
251.747245,-20.997680,9.040680,A
251.744630,-20.998808,9.040273,A
251.744648,-21.000799,9.039645,A
251.754289,-20.998585,9.040530,A
251.748752,-20.997626,9.040726,A
251.755717,-20.999914,9.040137,A
251.753777,-21.002110,9.039406,A
251.743951,-21.000130,9.039842,A
251.746057,-20.997894,9.040590,A
251.755992,-21.000035,9.040104,A
251.747142,-20.997676,9.040679,A
251.750121,-20.997613,9.040757,A
251.748662,-21.002441,9.039203,A
251.743925,-20.999359,9.040086,A
251.749857,-21.002570,9.039185,A
251.745161,-20.998383,9.040418,A
251.748547,-20.997631,9.040721,A
251.754137,-20.998546,9.040539,A
251.752316,-21.002415,9.039282,A
251.744051,-21.000274,9.039799,A
251.750147,-21.002444,9.039231,A
251.750172,-20.997487,9.040798,A
251.746281,-20.997781,9.040630,A
251.755741,-20.999556,9.040251,A
251.754955,-20.998840,9.040462,A
251.747438,-20.997574,9.040717,A
251.755741,-21.000889,9.039830,A
251.755589,-21.000525,9.039941,A
251.756095,-21.000304,9.040021,A
251.745039,-21.001184,9.039530,A
251.748466,-21.002286,9.039248,A
251.755867,-21.000556,9.039937,A
251.745851,-20.998119,9.040514,A
251.746943,-20.997653,9.040683,A
251.749024,-20.997459,9.040784,A
251.751719,-20.997780,9.040734,A
251.754586,-20.998491,9.040565,A
251.749644,-20.997593,9.040754,A
251.749196,-21.002389,9.039230,A
251.744350,-20.999677,9.039993,A
251.744748,-21.001088,9.039555,A
251.755119,-21.001618,9.039587,A
251.754091,-20.998487,9.040557,A
251.755282,-21.001524,9.039620,A
251.751926,-21.002542,9.039234,A
251.752310,-21.002495,9.039256,A
251.755831,-21.000532,9.039944,A
251.755689,-21.000335,9.040003,A
251.743845,-20.999808,9.039942,A
251.751317,-21.002375,9.039275,A
251.745550,-21.001401,9.039472,A
251.744879,-21.000990,9.039589,A
251.745737,-20.998071,9.040528,A
251.751996,-21.002492,9.039251,A
251.747234,-20.997836,9.040631,A
251.744778,-20.998377,9.040412,A
251.748860,-20.997545,9.040754,A
251.750327,-21.002594,9.039187,A
251.744776,-20.998535,9.040362,A
251.755830,-21.000259,9.040030,A
251.744027,-20.999330,9.040097,A
251.751011,-20.997613,9.040774,A
251.744135,-20.999930,9.039909,A
251.749966,-21.002481,9.039215,A
251.745058,-21.000965,9.039600,A
251.749626,-21.002424,9.039227,A
251.746978,-21.002106,9.039276,A
251.751496,-20.997636,9.040776,A
251.745885,-20.997890,9.040588,A
251.755947,-20.999882,9.040152,A
251.744161,-21.000497,9.039731,A
251.752161,-21.002527,9.039243,A
251.748986,-20.997500,9.040770,A
251.753260,-20.998235,9.040620,A
251.744424,-21.000626,9.039695,A
251.755609,-21.001225,9.039721,A
251.749835,-20.997542,9.040774,A
251.744813,-21.001004,9.039583,A
251.753947,-20.998331,9.040603,A
251.745374,-20.998198,9.040480,A
251.744244,-21.000351,9.039778,A
251.745461,-21.001447,9.039455,A
251.753147,-20.998029,9.040683,A
251.751932,-21.002528,9.039238,A
251.746663,-20.997698,9.040663,A
251.744976,-21.001167,9.039535,A
251.752435,-20.997906,9.040709,A
251.752567,-20.997868,9.040723,A
251.754673,-20.998648,9.040517,A
251.755300,-20.999212,9.040351,A
251.750652,-21.002385,9.039259,A
251.744397,-20.999250,9.040129,A
251.745268,-21.001270,9.039508,A
251.754223,-20.998364,9.040598,A
251.743949,-20.999636,9.039999,A
251.755982,-20.999964,9.040127,A
251.748822,-21.002308,9.039248,A
251.746071,-21.001734,9.039376,A
251.744142,-20.999777,9.039958,A
251.755677,-21.000448,9.039968,A
251.754693,-21.001664,9.039564,A
251.755319,-20.998974,9.040427,A
251.752767,-21.002343,9.039313,A
251.753797,-20.998148,9.040658,A
251.748504,-21.002234,9.039265,A
251.744673,-20.998819,9.040271,A
251.754772,-20.998709,9.040500,A
251.744197,-21.000591,9.039702,A
251.751307,-21.002395,9.039268,A
251.745705,-21.001516,9.039438,A
251.754460,-21.002000,9.039454,A
251.754853,-20.998962,9.040421,A
251.754042,-21.002084,9.039419,A
251.755868,-21.000549,9.039939,A
251.753452,-20.998061,9.040679,A
251.750066,-20.997421,9.040816,A
251.748998,-21.002298,9.039255,A
251.745336,-21.001433,9.039458,A
251.744190,-21.000401,9.039761,A
251.751980,-21.002470,9.039258,A
251.756185,-21.000180,9.040062,A
251.755857,-21.000246,9.040035,A
251.745361,-20.998416,9.040411,A
251.755098,-20.998995,9.040416,A
251.751888,-21.002398,9.039278,A
251.751166,-20.997753,9.040733,A
251.747139,-21.002070,9.039291,A
251.754666,-21.001894,9.039491,A
251.751962,-21.002408,9.039277,A
251.751292,-21.002450,9.039251,A
251.744927,-21.001202,9.039523,A
251.744690,-21.001015,9.039577,A
251.751970,-20.997773,9.040742,A
251.756023,-20.999839,9.040167,A
251.751962,-20.997704,9.040763,A
251.751918,-20.997690,9.040767,A
251.752820,-21.002319,9.039322,A
251.754050,-20.998422,9.040576,A
251.744296,-20.999185,9.040148,A
251.743933,-20.999721,9.039972,A
251.744305,-20.999031,9.040197,A
251.752734,-21.002443,9.039281,A
251.751612,-20.997670,9.040767,A
251.755899,-20.999957,9.040127,A
251.751241,-20.997614,9.040778,A
251.743986,-20.999478,9.040049,A
251.750301,-21.002431,9.039238,A
251.743873,-20.999896,9.039915,A
251.746536,-21.001670,9.039406,A
251.754913,-20.999066,9.040390,A
251.749967,-21.002435,9.039230,A
251.749661,-21.002509,9.039201,A
251.751541,-20.997592,9.040791,A
251.745143,-20.998350,9.040428,A
251.755824,-20.999554,9.040253,A
251.748030,-20.997452,9.040767,A
251.751921,-20.997692,9.040766,A
251.749603,-20.997616,9.040746,A
251.752620,-21.002295,9.039325,A
251.747194,-20.997786,9.040646,A
251.744895,-21.000790,9.039652,A
251.745046,-20.998379,9.040417,A
251.744024,-21.000158,9.039835,A
251.744497,-20.998690,9.040308,A
251.744704,-20.998859,9.040259,A
251.747292,-20.997740,9.040662,A
251.753307,-20.997987,9.040700,A
251.745510,-20.998048,9.040531,A
251.747461,-20.997758,9.040660,A
251.755678,-20.999964,9.040121,A
251.745303,-21.001453,9.039451,A
251.749082,-21.002430,9.039215,A
251.746521,-21.001798,9.039365,A
251.750609,-21.002587,9.039194,A
251.749444,-20.997575,9.040755,A
251.745880,-21.001533,9.039436,A
251.751030,-20.997644,9.040764,A
251.744074,-20.999352,9.040091,A
251.754774,-20.998728,9.040494,A
251.752190,-20.997894,9.040708,A
251.755904,-20.999647,9.040225,A
251.754283,-20.998486,9.040561,A
251.752951,-21.002409,9.039295,A
251.756166,-21.000389,9.039996,A
251.754562,-21.001973,9.039464,A
251.744307,-21.000736,9.039658,A
251.753584,-21.002253,9.039357,A
251.746338,-21.001775,9.039369,A
251.744800,-21.001018,9.039578,A
251.755563,-20.999824,9.040163,A
251.746499,-21.001937,9.039321,A
251.744850,-20.998602,9.040343,A
251.745663,-20.998025,9.040541,A
251.744226,-21.000611,9.039696,A
251.747770,-21.002042,9.039312,A
251.755851,-21.001102,9.039764,A
251.745022,-21.001177,9.039533,A
251.754425,-21.001969,9.039463,A
251.754031,-20.998234,9.040635,A
251.744085,-20.999833,9.039939,A
251.744084,-20.999045,9.040188,A
251.748878,-20.997585,9.040742,A
251.744350,-20.999623,9.040011,A
251.747507,-21.002060,9.039301,A
251.756026,-21.000623,9.039919,A
251.755687,-21.000690,9.039891,A
251.745905,-20.997907,9.040583,A
251.755572,-20.999588,9.040237,A
251.754057,-21.001951,9.039461,A
251.745984,-20.998081,9.040529,A
251.744145,-20.999052,9.040187,A
251.754330,-20.998363,9.040601,A
251.749907,-21.002444,9.039226,A
251.753958,-21.002117,9.039407,A
251.755124,-20.998863,9.040458,A
251.749412,-21.002478,9.039206,A
251.751449,-20.997622,9.040779,A
251.753781,-20.998247,9.040627,A
251.754207,-20.998619,9.040517,A
251.745578,-20.998170,9.040493,A
251.744848,-21.000782,9.039654,A
251.743955,-21.000207,9.039818,A
251.754525,-20.998552,9.040545,A
251.755617,-21.000097,9.040078,A
251.744420,-21.000708,9.039669,A
251.744298,-20.999881,9.039928,A
251.754691,-21.001845,9.039507,A
251.755987,-20.999945,9.040132,A
251.755243,-20.998993,9.040419,A
251.746525,-20.997722,9.040653,A
251.753283,-20.998098,9.040664,A
251.751768,-21.002561,9.039225,A
251.755365,-21.001317,9.039687,A
251.748715,-21.002334,9.039238,A
251.744785,-21.000958,9.039597,A
251.744878,-20.998390,9.040410,A
251.746504,-20.997848,9.040613,A
251.744521,-20.998788,9.040278,A
251.747423,-21.002113,9.039283,A
251.752437,-21.002462,9.039269,A
251.744981,-20.998361,9.040421,A
251.744139,-20.999202,9.040139,A
251.748632,-21.002285,9.039252,A
251.744306,-20.999317,9.040106,A
251.755167,-20.999060,9.040396,A
251.752553,-20.997832,9.040734,A
251.744184,-20.999893,9.039922,A
251.744375,-20.998760,9.040284,A
251.746928,-21.002085,9.039282,A
251.747719,-21.002089,9.039296,A
251.745451,-20.998042,9.040531,A
251.751895,-20.997801,9.040731,A
251.755637,-21.000240,9.040033,A
251.748149,-20.997566,9.040734,A
251.744093,-20.999224,9.040132,A
251.752685,-20.998008,9.040681,A
251.751061,-21.002568,9.039209,A
251.744098,-20.999609,9.040010,A
251.755520,-21.000687,9.039889,A
251.744967,-21.000779,9.039657,A
251.744419,-20.999105,9.040175,A
251.745839,-20.997953,9.040567,A
251.746494,-21.001654,9.039410,A
251.752795,-20.998080,9.040660,A
251.751900,-21.002541,9.039234,A
251.755212,-20.999185,9.040358,A
251.753271,-20.997975,9.040703,A
251.752738,-21.002277,9.039333,A
251.746577,-20.997896,9.040599,A
251.744452,-21.000737,9.039660,A
251.748245,-20.997620,9.040718,A
251.745663,-20.997967,9.040559,A
251.747059,-21.002089,9.039283,A
251.753984,-20.998536,9.040539,A
251.753921,-20.998244,9.040630,A
251.745582,-21.001419,9.039467,A
251.755727,-20.999378,9.040307,A
251.752685,-20.997976,9.040691,A
251.751128,-21.002389,9.039267,A
251.748291,-20.997590,9.040729,A
251.743823,-20.999602,9.040007,A
251.751136,-21.002452,9.039247,A
251.749339,-20.997509,9.040775,A
251.752647,-20.997795,9.040748,A
251.753213,-20.998201,9.040630,A
251.755074,-21.001378,9.039662,A
251.752604,-21.002361,9.039304,A
251.743972,-21.000171,9.039830,A
251.750612,-20.997619,9.040764,A
251.744312,-21.000388,9.039768,A
251.753856,-20.998447,9.040565,A
251.748749,-21.002394,9.039220,A
251.743856,-20.999675,9.039985,A
251.750705,-20.997470,9.040813,A
251.744651,-20.998616,9.040334,A
251.744370,-21.000459,9.039747,A
251.744005,-21.000189,9.039825,A
251.753275,-21.002256,9.039350,A
251.755347,-21.001146,9.039741,A
251.752113,-21.002478,9.039258,A
251.749291,-21.002394,9.039230,A
251.754256,-20.998616,9.040519,A
251.744185,-21.000368,9.039772,A
251.748889,-21.002438,9.039208,A
251.747228,-21.002178,9.039258,A
251.751699,-21.002406,9.039272,A
251.755448,-20.999602,9.040231,A
251.748101,-21.002283,9.039242,A
251.751969,-20.997725,9.040757,A
251.751173,-21.002454,9.039247,A
251.747947,-21.002274,9.039242,A
251.753043,-21.002185,9.039368,A
251.755853,-20.999595,9.040241,A
251.750896,-21.002367,9.039269,A
251.752347,-20.997927,9.040700,A
251.744785,-21.001023,9.039576,A
251.743929,-20.999824,9.039939,A
251.746891,-20.997670,9.040676,A
251.753361,-20.998228,9.040625,A
251.747612,-21.002212,9.039255,A
251.753507,-20.998197,9.040637,A
251.752280,-21.002425,9.039278,A
251.756168,-21.000333,9.040013,A
251.744273,-20.999472,9.040057,A
251.752739,-21.002405,9.039293,A
251.747278,-21.002018,9.039310,A
251.744886,-21.001105,9.039553,A
251.754976,-20.999137,9.040368,A
251.748249,-20.997533,9.040746,A
251.743950,-20.999506,9.040040,A
251.754567,-20.998698,9.040499,A
251.753156,-20.998088,9.040665,A
251.748220,-20.997636,9.040713,A
251.747556,-21.002081,9.039296,A
251.750662,-21.002490,9.039226,A
251.744728,-20.998514,9.040368,A
251.754562,-20.998661,9.040511,A
251.751620,-21.002561,9.039222,A
251.750380,-21.002556,9.039200,A
251.751327,-21.002582,9.039210,A
251.750760,-20.997512,9.040801,A
251.753804,-21.002077,9.039417,A
251.745603,-21.001452,9.039457,A
251.749690,-20.997422,9.040809,A
251.744486,-21.000418,9.039762,A
251.744673,-20.998619,9.040334,A
251.743923,-20.999690,9.039981,A
251.750980,-20.997598,9.040778,A
251.753732,-21.002108,9.039406,A
251.756058,-21.000476,9.039966,A
251.754057,-20.998354,9.040598,A
251.744003,-21.000331,9.039780,A
251.750690,-20.997535,9.040792,A
251.754835,-20.998820,9.040466,A
251.755757,-21.000773,9.039867,A
251.746125,-21.001765,9.039368,A
251.750922,-20.997552,9.040791,A
251.756146,-21.000619,9.039923,A
251.751055,-20.997605,9.040777,A
251.753415,-20.998065,9.040677,A
251.745661,-20.998004,9.040547,A
251.744176,-21.000528,9.039721,A
251.752029,-21.002364,9.039292,A
251.745800,-21.001406,9.039475,A
251.755919,-21.000255,9.040033,A
251.745580,-21.001523,9.039434,A
251.748082,-21.002323,9.039229,A
251.750480,-20.997455,9.040813,A
251.750515,-21.002519,9.039214,A
251.743864,-20.999979,9.039889,A
251.754241,-20.998415,9.040583,A
251.749788,-21.002383,9.039243,A
251.744083,-20.999319,9.040101,A
251.744133,-20.999564,9.040025,A
251.753889,-21.002121,9.039405,A
251.746975,-21.002091,9.039281,A
251.744261,-20.999928,9.039912,A
251.756055,-21.000263,9.040033,A
251.755782,-20.999513,9.040265,A
251.756091,-21.000220,9.040048,A
251.745271,-20.998429,9.040405,A
251.754933,-21.001726,9.039550,A
251.754662,-20.998563,9.040544,A
251.744799,-20.998777,9.040286,A
251.751582,-21.002423,9.039265,A
251.747015,-20.997862,9.040618,A
251.743973,-20.999397,9.040075,A
251.749707,-21.002493,9.039207,A
251.754401,-20.998427,9.040582,A
251.744306,-21.000346,9.039781,A
251.754948,-20.998699,9.040506,A
251.753626,-21.002243,9.039361,A
251.748296,-20.997590,9.040729,A
251.754888,-20.998728,9.040496,A
251.755452,-21.001133,9.039747,A
251.752062,-20.997760,9.040747,A
251.746912,-20.997637,9.040687,A
251.749323,-20.997416,9.040804,A
251.749389,-21.002546,9.039184,A
251.754347,-21.001758,9.039528,A
251.752483,-20.997897,9.040712,A
251.752241,-21.002418,9.039279,A
251.752149,-20.997701,9.040768,A
251.753831,-20.998235,9.040631,A
251.744404,-21.000617,9.039697,A
251.743981,-20.999578,9.040018,A
251.751086,-20.997683,9.040753,A
251.746046,-20.998046,9.040541,A
251.744789,-21.000909,9.039613,A
251.756106,-21.000355,9.040005,A
251.750419,-21.002591,9.039189,A
251.747971,-21.002308,9.039232,A
251.745731,-21.001563,9.039424,A
251.754344,-21.002012,9.039448,A
251.744220,-20.999702,9.039983,A
251.749950,-20.997470,9.040799,A
251.745675,-20.997993,9.040551,A
251.754956,-20.999039,9.040399,A
251.748891,-20.997551,9.040753,A
251.747501,-21.002029,9.039311,A
251.745865,-21.001626,9.039407,A
251.756049,-21.000699,9.039895,A
251.753516,-21.002247,9.039358,A
251.749655,-21.002346,9.039252,A
251.755892,-21.000853,9.039844,A
251.753496,-21.002089,9.039407,A
251.755967,-21.000058,9.040097,A
251.747849,-21.002071,9.039304,A
251.754222,-21.001958,9.039463,A
251.752768,-20.997857,9.040730,A
251.754800,-20.998602,9.040534,A
251.744583,-20.998630,9.040329,A
251.754553,-20.998621,9.040523,A
251.747559,-20.997752,9.040663,A
251.746231,-21.001817,9.039353,A
251.744825,-21.000813,9.039644,A
251.745062,-20.998479,9.040386,A
251.749636,-20.997572,9.040760,A
251.755604,-20.999169,9.040370,A
251.748203,-20.997596,9.040725,A
251.746285,-21.001794,9.039362,A
251.755690,-20.999303,9.040330,A
251.746173,-21.001538,9.039440,A
251.746665,-21.001998,9.039305,A
251.751636,-20.997666,9.040769,A
251.745969,-20.997927,9.040578,A
251.749861,-20.997554,9.040770,A
251.744691,-20.998817,9.040272,A
251.745588,-21.001358,9.039486,A
251.754686,-21.001887,9.039494,A
251.745239,-20.998138,9.040497,A
251.754594,-20.998551,9.040546,A
251.752085,-20.997712,9.040763,A
251.746838,-20.997748,9.040651,A
251.751402,-20.997596,9.040787,A
251.745267,-21.001337,9.039487,A
251.753241,-21.002187,9.039371,A
251.749432,-20.997436,9.040799,A
251.748274,-21.002378,9.039216,A
251.750119,-20.997475,9.040800,A
251.745094,-20.998205,9.040473,A
251.755316,-21.001248,9.039708,A
251.745912,-20.997935,9.040574,A
251.752849,-20.997860,9.040731,A
251.746159,-20.997854,9.040604,A
251.749675,-21.002562,9.039184,A
251.744346,-20.998860,9.040252,A
251.754297,-20.998402,9.040588,A
251.744041,-20.999521,9.040037,A
251.745701,-21.001504,9.039442,A
251.755902,-21.000833,9.039850,A
251.755410,-20.999315,9.040321,A
251.745849,-20.997984,9.040557,A
251.754738,-20.998599,9.040534,A
251.748935,-20.997403,9.040800,A
251.746259,-20.997785,9.040628,A
251.755782,-20.999821,9.040168,A
251.756097,-21.000362,9.040003,A
251.754266,-21.002074,9.039427,A
251.755844,-21.001094,9.039767,A
251.752573,-20.997922,9.040706,A
251.753195,-21.002313,9.039331,A
251.745738,-20.997998,9.040551,A
251.745974,-20.997887,9.040590,A
251.755259,-20.999287,9.040326,A
251.750824,-20.997527,9.040797,A
251.752179,-20.997805,9.040736,A
251.754640,-20.998564,9.040543,A
251.747376,-20.997734,9.040666,A
251.744775,-20.998676,9.040318,A
251.751022,-20.997730,9.040737,A
251.756126,-21.000059,9.040099,A
251.744188,-21.000278,9.039800,A
251.753146,-20.998167,9.040640,A
251.754518,-20.998578,9.040536,A
251.745066,-20.998234,9.040463,A
251.750957,-21.002597,9.039198,A
251.755748,-20.999726,9.040197,A
251.753572,-21.002235,9.039363,A
251.747885,-20.997622,9.040711,A
251.744570,-21.000601,9.039706,A
251.753468,-21.002232,9.039362,A
251.751446,-20.997742,9.040742,A
251.754078,-21.002029,9.039437,A
251.756102,-21.000497,9.039960,A
251.745503,-21.001184,9.039539,A
251.755059,-20.998935,9.040434,A
251.751353,-20.997639,9.040772,A
251.749801,-20.997461,9.040799,A
251.753683,-20.998175,9.040647,A
251.751103,-20.997536,9.040800,A
251.755217,-20.999205,9.040352,A
251.744154,-21.000002,9.039887,A
251.754876,-20.998682,9.040510,A
251.754705,-20.998833,9.040459,A
251.745260,-21.001258,9.039511,A
251.750223,-20.997462,9.040806,A
251.745355,-21.001456,9.039451,A
251.753376,-21.002196,9.039371,A
251.752250,-20.997731,9.040760,A
251.753162,-21.002318,9.039328,A
251.755943,-21.000066,9.040093,A
251.743813,-20.999741,9.039963,A
251.745314,-20.998117,9.040505,A
251.744660,-20.998599,9.040340,A
251.753907,-21.002146,9.039397,A
251.746549,-20.997753,9.040644,A
251.744060,-20.999057,9.040184,A
251.755858,-20.999474,9.040279,A
251.746641,-20.997671,9.040671,A
251.747156,-20.997737,9.040661,A
251.755475,-21.001383,9.039668,A
251.754503,-20.998505,9.040559,A
251.756107,-21.000279,9.040029,A
251.745794,-21.001474,9.039454,A
251.747272,-21.002167,9.039263,A
251.754424,-21.001853,9.039500,A
251.754782,-20.999029,9.040399,A
251.744126,-20.999291,9.040111,A
251.755788,-21.001092,9.039766,A
251.747583,-20.997777,9.040656,A
251.755152,-21.001558,9.039607,A
251.744779,-20.998441,9.040392,A
251.745278,-21.001081,9.039568,A
251.753144,-21.002071,9.039406,A
251.749235,-21.002504,9.039194,A
251.754407,-20.998585,9.040532,A
251.747277,-21.002136,9.039273,A
251.744334,-21.000438,9.039753,A
251.743994,-20.999646,9.039996,A
251.756107,-21.000633,9.039917,A
251.749136,-20.997494,9.040775,A
251.750226,-21.002517,9.039209,A
251.756014,-20.999944,9.040133,A
251.746467,-21.001833,9.039353,A
251.756168,-21.000119,9.040081,A
251.750844,-20.997600,9.040775,A
251.750686,-20.997544,9.040789,A
251.748756,-21.002438,9.039206,A
251.745544,-21.001544,9.039427,A
251.748558,-21.002438,9.039202,A
251.755879,-21.000809,9.039857,A
251.751463,-20.997592,9.040789,A
251.754768,-20.998937,9.040428,A
251.744341,-21.000184,9.039833,A
251.750402,-20.997505,9.040796,A
251.755846,-21.000552,9.039938,A
251.755840,-21.001115,9.039760,A
251.744185,-21.000583,9.039704,A
251.755204,-20.999118,9.040379,A
251.755194,-21.001608,9.039592,A
251.745228,-20.998516,9.040377,A
251.748570,-20.997636,9.040720,A
251.754910,-21.001711,9.039554,A
251.745525,-20.998030,9.040537,A
251.745759,-21.001505,9.039443,A
251.745008,-21.001113,9.039552,A
251.745759,-20.997983,9.040556,A
251.745480,-21.001338,9.039490,A
251.747584,-20.997510,9.040740,A
251.755482,-20.999549,9.040248,A
251.755501,-21.001302,9.039694,A
251.751129,-20.997640,9.040767,A
251.750519,-21.002514,9.039216,A
251.748861,-20.997418,9.040794,A
251.750682,-21.002599,9.039192,A
251.755845,-21.000354,9.040001,A
251.744632,-21.001015,9.039576,A
251.744474,-20.998606,9.040334,A
251.745165,-21.001287,9.039500,A
251.752690,-20.998026,9.040676,A
251.756178,-21.000406,9.039990,A
251.754920,-20.998843,9.040460,A
251.752247,-20.997727,9.040761,A
251.754557,-21.001654,9.039565,A
251.743893,-20.999278,9.040111,A
251.754768,-20.998949,9.040424,A
251.754333,-21.001971,9.039461,A
251.754037,-20.998469,9.040562,A
251.751733,-21.002318,9.039301,A
251.744225,-20.999143,9.040160,A
251.755764,-21.000651,9.039905,A
251.749285,-21.002504,9.039195,A
251.749775,-20.997552,9.040769,A
251.756040,-20.999826,9.040171,A
251.746103,-20.997846,9.040606,A
251.747867,-20.997502,9.040748,A
251.750450,-21.002496,9.039220,A
251.747188,-21.002150,9.039267,A
251.754933,-21.001771,9.039535,A
251.744927,-20.998376,9.040416,A
251.746604,-20.997733,9.040651,A
251.748834,-21.002464,9.039199,A
251.754688,-20.998828,9.040461,A
251.746334,-20.997803,9.040624,A
251.746684,-21.001838,9.039356,A
251.755996,-21.000458,9.039971,A
251.747444,-21.001960,9.039332,A
251.755431,-21.000968,9.039799,A
251.745185,-20.998210,9.040473,A
251.744964,-21.001195,9.039526,A
251.755130,-20.999112,9.040379,A
251.752892,-20.997860,9.040732,A
251.745427,-21.001272,9.039510,A
251.754397,-20.998475,9.040566,A
251.745195,-20.998319,9.040439,A
251.755888,-21.000050,9.040097,A
251.754805,-20.998673,9.040512,A
251.751863,-21.002521,9.039239,A
251.744452,-20.998841,9.040260,A
251.746584,-20.997730,9.040652,A
251.752693,-21.002449,9.039278,A
251.744908,-20.998493,9.040378,A
251.752342,-21.002308,9.039316,A
251.753356,-21.002323,9.039331,A
251.747464,-21.001970,9.039329,A
251.747919,-20.997479,9.040757,A
251.754781,-20.998762,9.040483,A
251.748810,-21.002360,9.039231,A
251.750952,-20.997570,9.040786,A
251.753209,-20.998161,9.040643,A
251.749314,-21.002448,9.039213,A
251.751399,-21.002548,9.039222,A
251.745659,-21.001631,9.039401,A
251.755291,-21.001352,9.039675,A
251.750586,-20.997590,9.040773,A
251.754912,-21.001632,9.039579,A
251.744868,-21.001135,9.039543,A
251.750628,-20.997677,9.040746,A
251.751328,-20.997545,9.040801,A
251.755460,-21.001367,9.039673,A
251.745964,-21.001417,9.039475,A
251.745638,-20.998060,9.040529,A
251.746197,-20.997786,9.040626,A
251.748051,-20.997490,9.040756,A
251.755750,-20.999409,9.040297,A
251.746085,-20.998036,9.040545,A
251.755632,-21.001018,9.039787,A
251.749022,-21.002451,9.039207,A
251.752424,-20.998011,9.040675,A
251.753165,-20.998034,9.040682,A
251.743879,-20.999690,9.039980,A
251.754738,-20.998749,9.040486,A
251.755273,-21.001300,9.039691,A
251.748654,-21.002346,9.039233,A
251.756151,-21.000164,9.040066,A
251.755561,-20.999861,9.040151,A
251.756172,-21.000078,9.040094,A
251.755833,-21.000771,9.039868,A
251.754127,-20.998545,9.040539,A
251.744135,-20.998895,9.040236,A
251.756041,-21.000447,9.039975,A
251.748451,-21.002381,9.039218,A
251.752677,-21.002394,9.039295,A
251.752642,-21.002314,9.039320,A
251.753902,-21.002038,9.039431,A
251.745394,-21.001229,9.039523,A
251.753426,-20.998254,9.040618,A
251.755628,-20.999560,9.040247,A
251.746879,-20.997847,9.040620,A
251.751169,-20.997601,9.040781,A
251.743953,-21.000000,9.039884,A
251.751470,-20.997598,9.040787,A
251.755393,-20.999176,9.040364,A
251.755842,-20.999793,9.040178,A
251.744816,-21.000625,9.039703,A
251.745717,-21.001560,9.039425,A
251.748968,-21.002435,9.039211,A
251.746350,-21.001791,9.039364,A
251.743978,-21.000262,9.039801,A
251.744009,-20.999972,9.039894,A
251.752967,-20.998057,9.040671,A
251.755414,-21.001401,9.039661,A
251.748452,-20.997486,9.040765,A
251.744408,-20.998852,9.040255,A
251.752518,-20.997859,9.040725,A
251.751231,-20.997625,9.040774,A
251.752446,-21.002376,9.039296,A
251.754945,-20.998827,9.040466,A
251.744602,-20.998910,9.040241,A
251.754749,-20.998849,9.040455,A
251.755679,-20.999739,9.040192,A
251.748686,-20.997596,9.040735,A
251.744603,-21.000835,9.039632,A
251.752158,-20.997807,9.040735,A
251.754902,-20.998760,9.040486,A
251.753782,-21.002137,9.039397,A
251.756022,-21.000539,9.039946,A
251.752632,-20.997840,9.040733,A
251.744109,-20.998914,9.040230,A
251.744671,-21.000832,9.039635,A
251.749302,-21.002375,9.039236,A
251.744631,-20.998524,9.040363,A
251.754191,-20.998409,9.040584,A
251.749334,-20.997626,9.040737,A
251.744068,-20.999189,9.040142,A
251.744283,-20.999370,9.040089,A
251.754615,-20.998717,9.040494,A
251.748348,-21.002363,9.039222,A
251.745864,-20.997938,9.040572,A
251.748667,-21.002426,9.039208,A
251.754936,-20.998778,9.040481,A
251.754856,-20.998861,9.040453,A
251.744446,-21.000764,9.039652,A
251.750168,-20.997441,9.040812,A
251.748261,-21.002284,9.039245,A
251.754793,-21.001854,9.039506,A
251.755273,-21.001437,9.039647,A
251.749539,-20.997489,9.040785,A
251.754950,-20.998722,9.040499,A
251.744214,-21.000218,9.039820,A
251.755744,-21.000368,9.039994,A
251.755087,-21.001635,9.039581,A
251.753731,-20.998260,9.040622,A
251.754192,-20.998376,9.040594,A
251.754474,-20.998447,9.040577,A
251.755592,-21.001022,9.039785,A
251.750372,-21.002393,9.039251,A
251.744337,-21.000260,9.039809,A
251.754959,-21.001761,9.039539,A
251.753150,-21.002143,9.039383,A
251.748671,-20.997621,9.040726,A
251.754681,-21.001602,9.039584,A
251.749273,-21.002475,9.039204,A
251.744228,-21.000524,9.039723,A
251.747493,-21.002240,9.039244,A
251.750832,-20.997630,9.040765,A
251.749172,-21.002458,9.039207,A
251.745036,-21.001036,9.039577,A
251.744077,-20.999595,9.040014,A
251.745460,-21.001443,9.039457,A
251.744641,-20.998607,9.040337,A
251.745086,-21.001259,9.039508,A
251.747524,-20.997584,9.040716,A
251.752943,-20.997883,9.040726,A
251.744124,-20.999478,9.040052,A
251.753196,-20.998028,9.040685,A
251.756132,-21.000355,9.040006,A
251.743972,-20.999457,9.040056,A
251.744159,-21.000055,9.039870,A
251.747196,-20.997764,9.040653,A
251.750407,-20.997583,9.040772,A
251.746627,-20.997934,9.040588,A
251.744757,-21.000907,9.039613,A
251.753042,-21.002241,9.039350,A
251.752313,-20.997754,9.040754,A
251.755494,-21.001153,9.039741,A
251.746328,-20.997892,9.040595,A
251.744567,-21.000800,9.039643,A
251.755278,-21.001118,9.039748,A
251.750949,-21.002500,9.039229,A
251.754035,-20.998515,9.040547,A
251.755889,-20.999592,9.040242,A
251.756011,-21.000859,9.039844,A
251.754410,-20.998467,9.040569,A
251.754932,-21.001762,9.039538,A
251.752441,-20.997787,9.040746,A
251.746684,-21.002016,9.039299,A
251.755629,-21.001209,9.039726,A
251.745586,-21.001592,9.039412,A
251.754646,-20.998594,9.040534,A
251.744136,-20.999474,9.040053,A
251.755061,-21.001679,9.039567,A
251.744507,-21.000382,9.039774,A
251.748034,-20.997541,9.040739,A
251.744867,-21.001183,9.039528,A
251.744286,-21.000659,9.039682,A
251.749761,-20.997427,9.040809,A
251.753796,-20.998272,9.040619,A
251.751626,-20.997677,9.040765,A
251.755822,-21.000886,9.039832,A
251.756003,-21.000235,9.040041,A
251.752676,-21.002335,9.039314,A
251.744311,-20.999738,9.039973,A
251.744289,-20.998772,9.040278,A
251.744759,-21.000953,9.039598,A
251.750324,-20.997504,9.040795,A
251.750496,-21.002476,9.039227,A
251.753568,-21.002024,9.039429,A
251.752219,-21.002487,9.039257,A
251.747280,-21.002129,9.039275,A
251.745859,-21.001705,9.039382,A
251.744263,-20.999307,9.040109,A
251.747326,-20.997586,9.040711,A
251.755897,-21.000431,9.039977,A
251.753807,-20.998224,9.040634,A
251.754419,-21.001932,9.039475,A
251.747174,-20.997617,9.040699,A
251.743928,-20.999504,9.040040,A
251.751581,-21.002508,9.039238,A
251.753376,-21.002223,9.039363,A
251.748279,-20.997551,9.040741,A
251.751278,-21.002411,9.039263,A
251.752663,-20.997905,9.040713,A
251.755225,-21.001390,9.039661,A
251.755723,-21.000167,9.040057,A
251.750278,-21.002433,9.039237,A
251.743910,-20.999790,9.039949,A
251.744117,-21.000141,9.039842,A
251.747960,-20.997542,9.040738,A
251.744024,-21.000156,9.039836,A
251.754029,-20.998495,9.040553,A
251.746774,-20.997819,9.040627,A
251.745136,-21.001184,9.039532,A
251.755136,-20.999154,9.040366,A
251.751051,-20.997664,9.040758,A
251.746191,-20.997843,9.040608,A
251.749864,-21.002379,9.039246,A
251.755618,-21.001126,9.039752,A
251.744055,-21.000256,9.039805,A
251.748679,-21.002331,9.039238,A
251.753806,-20.998177,9.040649,A
251.755312,-21.001483,9.039634,A
251.744597,-21.000828,9.039635,A
251.746339,-21.001898,9.039330,A
251.747599,-20.997506,9.040742,A
251.755629,-21.001102,9.039760,A
251.747500,-20.997543,9.040728,A
251.743939,-20.999504,9.040040,A
251.756181,-21.000383,9.039998,A
251.753821,-20.998162,9.040654,A
251.749667,-21.002433,9.039225,A
251.754284,-20.998399,9.040588,A
251.748155,-21.002256,9.039252,A
251.744749,-20.998788,9.040282,A
251.750767,-20.997635,9.040762,A
251.744596,-20.999042,9.040199,A
251.755724,-20.999617,9.040231,A
251.754383,-20.998457,9.040572,A
251.751051,-21.002588,9.039202,A
251.752692,-21.002214,9.039352,A
251.744667,-21.000871,9.039622,A
251.755774,-21.000249,9.040032,A
251.756188,-21.000364,9.040004,A
251.745626,-20.997998,9.040548,A
251.745334,-21.001432,9.039458,A
251.744905,-21.001178,9.039530,A
251.751576,-20.997830,9.040716,A
251.748218,-21.002310,9.039236,A
251.744552,-21.000602,9.039705,A
251.746440,-21.001915,9.039327,A
251.746918,-20.997673,9.040676,A
251.752750,-20.997839,9.040736,A
251.745172,-20.998169,9.040486,A
251.751782,-20.997642,9.040779,A
251.750192,-21.002396,9.039247,A
251.749265,-21.002505,9.039194,A
251.746342,-20.997966,9.040572,A
251.747015,-20.997605,9.040699,A
251.748407,-20.997636,9.040717,A
251.752645,-20.997924,9.040707,A
251.754335,-21.002031,9.039442,A
251.755638,-21.000958,9.039806,A
251.749960,-21.002478,9.039216,A
251.752626,-21.002394,9.039294,A
251.750316,-20.997599,9.040765,A
251.746630,-20.997713,9.040658,A
251.748805,-20.997562,9.040747,A
251.753074,-21.002393,9.039303,A
251.750675,-20.997709,9.040737,A
251.745108,-21.001030,9.039580,A
251.745746,-21.001627,9.039404,A
251.753927,-20.998521,9.040543,A
251.753009,-20.998028,9.040681,A
251.747221,-20.997773,9.040650,A
251.755799,-21.000911,9.039824,A
251.743858,-20.999853,9.039928,A
251.753223,-21.002343,9.039322,A
251.745728,-20.998024,9.040542,A
251.745891,-21.001584,9.039420,A
251.744130,-20.999695,9.039983,A
251.755698,-21.001029,9.039784,A
251.746235,-21.001767,9.039369,A
251.745217,-21.001227,9.039520,A
251.755746,-20.999368,9.040310,A
251.746324,-21.001787,9.039365,A
251.747393,-20.997675,9.040685,A
251.752950,-20.997900,9.040720,A
251.754909,-20.998922,9.040435,A
251.744458,-20.998839,9.040260,A
251.744190,-20.999168,9.040151,A
251.744162,-20.999315,9.040104,A
251.755132,-20.999116,9.040378,A
251.755758,-21.000489,9.039956,A
251.752504,-21.002443,9.039276,A
251.746493,-21.001685,9.039400,A
251.755842,-20.999711,9.040204,A
251.744723,-21.000993,9.039585,A
251.755442,-21.001450,9.039647,A
251.751215,-21.002487,9.039238,A
251.744109,-20.999627,9.040004,A
251.747845,-20.997470,9.040758,A
251.755709,-20.999537,9.040256,A
251.746239,-20.997850,9.040607,A
251.755911,-20.999572,9.040249,A
251.744183,-21.000063,9.039868,A
251.748459,-21.002386,9.039216,A
251.755404,-20.999109,9.040386,A
251.751322,-20.997623,9.040777,A
251.755257,-21.001543,9.039614,A
251.744133,-21.000400,9.039761,A
251.748786,-20.997498,9.040767,A
251.745180,-20.998543,9.040368,A
251.755197,-20.999057,9.040398,A
251.748793,-21.002366,9.039229,A
251.748990,-21.002297,9.039255,A
251.744131,-20.999131,9.040162,A
251.746190,-21.001807,9.039356,A
251.744558,-20.998599,9.040338,A
251.748054,-20.997452,9.040768,A
251.744303,-21.000352,9.039779,A
251.746694,-21.001975,9.039313,A
251.755986,-21.000497,9.039958,A
251.754449,-20.998492,9.040562,A
251.755777,-20.999423,9.040293,A
251.750989,-21.002475,9.039237,A
251.746063,-21.001482,9.039456,A
251.751756,-21.002521,9.039237,A
251.744206,-21.000360,9.039775,A
251.756158,-21.000392,9.039995,A
251.746194,-20.997846,9.040608,A
251.753943,-20.998254,9.040628,A
251.744648,-20.998563,9.040351,A
251.753753,-20.998136,9.040661,A
251.749257,-20.997397,9.040808,A
251.744704,-20.998423,9.040396,A
251.745565,-21.001449,9.039457,A
251.745005,-21.001285,9.039498,A
251.749374,-21.002612,9.039163,F
251.756092,-21.001050,9.039785,F
251.755362,-20.998836,9.040471,F
251.748284,-20.997360,9.040801,F
251.755315,-21.001714,9.039561,F
251.743663,-20.999883,9.039915,F
251.756352,-21.000341,9.040014,F
251.750292,-20.997362,9.040839,F
251.746474,-21.002038,9.039288,F
251.746587,-21.002073,9.039279,F
251.755675,-21.001472,9.039644,F
251.753728,-21.002332,9.039335,F
251.750989,-21.002671,9.039175,F
251.756253,-20.999837,9.040172,F
251.752184,-20.997614,9.040796,F
251.743842,-21.000354,9.039770,F
251.745887,-20.997777,9.040624,F
251.744817,-21.001284,9.039495,F
251.743909,-20.998946,9.040216,F
251.751308,-20.997466,9.040826,F
251.753989,-20.998129,9.040668,F
251.749249,-20.997328,9.040830,F
251.743923,-20.998926,9.040222,F
251.755290,-20.998787,9.040485,F
251.747686,-20.997415,9.040772,F
251.753688,-21.002340,9.039331,F
251.746158,-20.997699,9.040653,F
251.744740,-21.001234,9.039509,F
251.752383,-21.002578,9.039231,F
251.754854,-20.998524,9.040560,F
251.755809,-21.001360,9.039682,F
251.745336,-21.001574,9.039413,F
251.751038,-21.002670,9.039176,F
251.754945,-20.998574,9.040546,F
251.744164,-20.998665,9.040310,F
251.753306,-20.997895,9.040729,F
251.745649,-20.997855,9.040594,F
251.755722,-20.999124,9.040387,F
251.743895,-20.998966,9.040209,F
251.750319,-20.997364,9.040839,F
251.752967,-21.002491,9.039270,F
251.744473,-21.001041,9.039565,F
251.749272,-21.002601,9.039164,F
251.754171,-20.998201,9.040649,F
251.746275,-21.001970,9.039306,F
251.746328,-21.001987,9.039302,F
251.746876,-21.002160,9.039257,F
251.752275,-21.002590,9.039226,F
251.748345,-21.002483,9.039184,F
251.745258,-20.998002,9.040540,F
251.743677,-20.999429,9.040059,F
251.754601,-21.002055,9.039439,F
251.744257,-21.000856,9.039619,F
251.756239,-20.999800,9.040183,F
251.751654,-20.997518,9.040816,F
251.754674,-20.998431,9.040586,F
251.743664,-20.999884,9.039915,F
251.743645,-20.999668,9.039983,F
251.756258,-21.000765,9.039878,F
251.745113,-21.001460,9.039445,F
251.756351,-21.000403,9.039995,F
251.749073,-20.997328,9.040826,F
251.745363,-20.997959,9.040556,F
251.743666,-20.999912,9.039906,F
251.750628,-21.002673,9.039168,F
251.754699,-20.998443,9.040582,F
251.745475,-21.001643,9.039394,F
251.754289,-20.998250,9.040635,F
251.743962,-20.998881,9.040238,F
251.745104,-20.998068,9.040516,F
251.748490,-21.002505,9.039179,F
251.756131,-21.000996,9.039803,F
251.745219,-20.998021,9.040534,F
251.756351,-21.000380,9.040002,F
251.747814,-21.002386,9.039204,F
251.755646,-21.001493,9.039637,F
251.747655,-21.002353,9.039212,F
251.743900,-20.998961,9.040211,F
251.748227,-21.002464,9.039188,F
251.755809,-21.001359,9.039682,F
251.755406,-20.998867,9.040462,F
251.750152,-20.997353,9.040839,F
251.752984,-21.002490,9.039271,F
251.744254,-21.000854,9.039620,F
251.756331,-21.000538,9.039952,F
251.746565,-21.002066,9.039281,F
251.750888,-20.997415,9.040834,F
251.754904,-20.998550,9.040553,F
251.743752,-20.999218,9.040127,F
251.751814,-20.997544,9.040811,F
251.743645,-20.999712,9.039969,F
251.743902,-20.998957,9.040212,F
251.744740,-21.001233,9.039509,F
251.751383,-20.997476,9.040824,F
251.754675,-20.998429,9.040586,F
251.749892,-21.002649,9.039161,F
251.743823,-20.999078,9.040172,F
251.752651,-20.997716,9.040773,F
251.750114,-21.002660,9.039162,F
251.745068,-20.998088,9.040510,F
251.743657,-20.999855,9.039924,F
251.755841,-20.999239,9.040353,F
251.751311,-20.997467,9.040826,F
251.744837,-21.001296,9.039491,F
251.753867,-21.002296,9.039349,F
251.751060,-20.997435,9.040831,F
251.752550,-21.002557,9.039241,F
251.749754,-21.002641,9.039161,F
251.753662,-21.002349,9.039328,F
251.749773,-20.997336,9.040838,F
251.744529,-21.001082,9.039553,F
251.743885,-21.000422,9.039749,F
251.748232,-21.002464,9.039187,F
251.755960,-20.999370,9.040314,F
251.751469,-20.997489,9.040822,F
251.756082,-21.001067,9.039780,F
251.750155,-20.997354,9.040839,F
251.746572,-21.002067,9.039281,F
251.745373,-20.997955,9.040557,F
251.756337,-21.000505,9.039962,F
251.756169,-21.000938,9.039822,F
251.747920,-21.002408,9.039199,F
251.756344,-21.000156,9.040073,F
251.748994,-21.002573,9.039168,F
251.755779,-21.001385,9.039674,F
251.743679,-20.999965,9.039889,F
251.743704,-21.000056,9.039861,F
251.752381,-21.002578,9.039231,F
251.745854,-20.997787,9.040620,F
251.751638,-21.002644,9.039196,F
251.756352,-21.000400,9.039996,F
251.756218,-20.999753,9.040198,F
251.743715,-20.999300,9.040100,F
251.754845,-21.001954,9.039476,F
251.755941,-21.001233,9.039725,F
251.754254,-20.998235,9.040640,F
251.746089,-21.001902,9.039324,F
251.754240,-20.998229,9.040641,F
251.755599,-21.001529,9.039625,F
251.756059,-20.999493,9.040277,F
251.746811,-21.002141,9.039262,F
251.753290,-20.997889,9.040731,F
251.750684,-20.997395,9.040836,F
251.743782,-20.999153,9.040148,F
251.751026,-21.002670,9.039176,F
251.743697,-20.999356,9.040082,F
251.756322,-21.000576,9.039940,F
251.750053,-20.997348,9.040839,F
251.744064,-21.000659,9.039678,F
251.755521,-21.001584,9.039606,F
251.744510,-21.001071,9.039556,F
251.754005,-21.002257,9.039364,F
251.744623,-21.001154,9.039532,F
251.745662,-20.997849,9.040596,F
251.755610,-21.001519,9.039628,F
251.750780,-20.997404,9.040835,F
251.754867,-21.001945,9.039479,F
251.756181,-20.999687,9.040218,F
251.751682,-20.997522,9.040815,F
251.744617,-20.998327,9.040425,F
251.750784,-21.002672,9.039171,F
251.753451,-21.002398,9.039309,F
251.743713,-20.999310,9.040097,F
251.744539,-21.001093,9.039550,F
251.745624,-20.997862,9.040592,F
251.749926,-21.002652,9.039161,F
251.755842,-21.001331,9.039692,F
251.743759,-21.000191,9.039820,F
251.749359,-21.002610,9.039163,F
251.743649,-20.999751,9.039957,F
251.748129,-21.002446,9.039191,F
251.754316,-20.998262,9.040632,F
251.745188,-21.001499,9.039434,F
251.754081,-20.998164,9.040659,F
251.756293,-20.999937,9.040141,F
251.750969,-20.997423,9.040833,F
251.749265,-20.997329,9.040830,F
251.755899,-20.999299,9.040335,F
251.748906,-21.002563,9.039169,F
251.756168,-20.999663,9.040225,F
251.755187,-20.998719,9.040505,F
251.754436,-21.002117,9.039417,F
251.752992,-20.997804,9.040751,F
251.756335,-21.000514,9.039959,F
251.745927,-21.001840,9.039340,F
251.748799,-21.002549,9.039172,F
251.747453,-20.997444,9.040759,F
251.753252,-21.002440,9.039292,F
251.751229,-21.002665,9.039182,F
251.745891,-20.997774,9.040624,F
251.745401,-21.001609,9.039403,F
251.750704,-20.997396,9.040836,F
251.753076,-20.997827,9.040746,F
251.743849,-20.999035,9.040187,F
251.743746,-21.000166,9.039827,F
251.754365,-21.002143,9.039407,F
251.743650,-20.999799,9.039941,F
251.755638,-21.001497,9.039635,F
251.751087,-21.002669,9.039178,F
251.746090,-20.997717,9.040646,F
251.753080,-21.002473,9.039278,F
251.744563,-20.998360,9.040414,F
251.748048,-21.002431,9.039194,F
251.755139,-21.001812,9.039526,F
251.756034,-20.999462,9.040286,F
251.743861,-21.000388,9.039759,F
251.749652,-20.997332,9.040836,F
251.747452,-20.997445,9.040758,F
251.755761,-20.999160,9.040376,F
251.747035,-20.997508,9.040730,F
251.748299,-20.997360,9.040802,F
251.746399,-20.997637,9.040678,F
251.745094,-21.001447,9.039449,F
251.746693,-21.002106,9.039271,F
251.756345,-21.000468,9.039974,F
251.747069,-20.997502,9.040733,F
251.756315,-21.000607,9.039930,F
251.751088,-20.997437,9.040831,F
251.744405,-20.998468,9.040377,F
251.755252,-21.001750,9.039548,F
251.756330,-21.000548,9.039949,F
251.743714,-20.999305,9.040099,F
251.744895,-21.001333,9.039481,F
251.755923,-21.001252,9.039718,F
251.748642,-21.002528,9.039175,F
251.754920,-21.001921,9.039488,F
251.748423,-21.002495,9.039181,F
251.751271,-20.997462,9.040827,F
251.755797,-21.001368,9.039679,F
251.746011,-21.001873,9.039332,F
251.756190,-20.999705,9.040212,F
251.743810,-21.000301,9.039786,F
251.744885,-21.001327,9.039482,F
251.745162,-21.001486,9.039437,F
251.744167,-20.998664,9.040310,F
251.743674,-20.999441,9.040055,F
251.747771,-20.997406,9.040777,F
251.753968,-20.998120,9.040670,F
251.744032,-21.000620,9.039689,F
251.746288,-20.997665,9.040666,F
251.756346,-21.000445,9.039981,F
251.755016,-21.001874,9.039504,F
251.744077,-21.000674,9.039673,F
251.747631,-20.997422,9.040769,F
251.754976,-21.001894,9.039497,F
251.751846,-21.002631,9.039204,F
251.745525,-21.001668,9.039387,F
251.743840,-21.000353,9.039770,F
251.743908,-21.000459,9.039738,F
251.746964,-21.002183,9.039252,F
251.754110,-20.998176,9.040656,F
251.755618,-21.001513,9.039630,F
251.748926,-21.002564,9.039169,F
251.755793,-20.999192,9.040367,F
251.744202,-21.000804,9.039634,F
251.754671,-21.002028,9.039449,F
251.746960,-20.997522,9.040725,F
251.753725,-20.998032,9.040694,F
251.745815,-20.997799,9.040615,F
251.749318,-21.002606,9.039163,F
251.753501,-21.002387,9.039313,F
251.752088,-20.997595,9.040800,F
251.747164,-20.997486,9.040740,F
251.754910,-20.998554,9.040551,F
251.756338,-21.000108,9.040088,F
251.756212,-20.999749,9.040199,F
251.752545,-21.002556,9.039241,F
251.749279,-21.002602,9.039164,F
251.756346,-21.000459,9.039977,F
251.755293,-21.001725,9.039557,F
251.747141,-20.997490,9.040738,F
251.752604,-21.002548,9.039245,F
251.753643,-20.998002,9.040701,F
251.746798,-20.997552,9.040712,F
251.745242,-21.001527,9.039426,F
251.746051,-20.997727,9.040642,F
251.744125,-21.000727,9.039657,F
251.745097,-21.001449,9.039448,F
251.743645,-20.999718,9.039967,F
251.749857,-21.002647,9.039161,F
251.754919,-20.998559,9.040550,F
251.745353,-20.997964,9.040554,F
251.753590,-20.997984,9.040706,F
251.756330,-21.000551,9.039948,F
251.748072,-21.002437,9.039193,F
251.744560,-20.998363,9.040413,F
251.755483,-21.001610,9.039597,F
251.755929,-21.001245,9.039721,F
251.743913,-20.998940,9.040218,F
251.750876,-20.997413,9.040834,F
251.744607,-20.998336,9.040422,F
251.756275,-21.000721,9.039893,F
251.744566,-20.998360,9.040414,F
251.750577,-21.002671,9.039167,F
251.749832,-21.002644,9.039161,F
251.744575,-20.998353,9.040416,F
251.756220,-21.000849,9.039851,F
251.749722,-20.997335,9.040837,F
251.745748,-20.997821,9.040607,F
251.756334,-21.000087,9.040094,F
251.756307,-20.999981,9.040127,F
251.745918,-20.997768,9.040627,F
251.743883,-21.000419,9.039750,F
251.749753,-20.997336,9.040837,F
251.748462,-20.997350,9.040808,F
251.754013,-21.002254,9.039365,F
251.749956,-21.002652,9.039161,F
251.745100,-21.001452,9.039447,F
251.748630,-20.997341,9.040814,F
251.753475,-21.002392,9.039311,F
251.744446,-21.001017,9.039572,F
251.756031,-21.001130,9.039759,F
251.746957,-21.002183,9.039252,F
251.745825,-20.997795,9.040617,F
251.743650,-20.999799,9.039941,F
251.755564,-21.001554,9.039616,F
251.754261,-21.002177,9.039394,F
251.745078,-20.998081,9.040512,F
251.750805,-20.997406,9.040835,F
251.754061,-21.002240,9.039370,F
251.754374,-21.002140,9.039408,F
251.747108,-21.002224,9.039242,F
251.746252,-20.997673,9.040663,F
251.743939,-20.998906,9.040229,F
251.745820,-21.001795,9.039352,F
251.744589,-21.001129,9.039539,F
251.748805,-20.997334,9.040819,F
251.753190,-20.997861,9.040737,F
251.746595,-20.997593,9.040695,F
251.756301,-21.000651,9.039915,F
251.752698,-20.997729,9.040770,F
251.751604,-21.002646,9.039195,F
251.755306,-20.998797,9.040482,F
251.756329,-21.000551,9.039948,F
251.751484,-21.002653,9.039190,F
251.756216,-20.999751,9.040198,F
251.744782,-20.998232,9.040458,F
251.745644,-21.001721,9.039373,F
251.756213,-20.999745,9.040200,F
251.744493,-20.998406,9.040398,F
251.749948,-21.002653,9.039161,F
251.751030,-21.002669,9.039176,F
251.744720,-20.998265,9.040447,F
251.753330,-20.997901,9.040727,F
251.743693,-21.000010,9.039876,F
251.756182,-20.999688,9.040218,F
251.746999,-20.997513,9.040728,F
251.752658,-20.997718,9.040772,F
251.754927,-20.998564,9.040549,F
251.753548,-21.002376,9.039318,F
251.755933,-20.999342,9.040322,F
251.743712,-21.000077,9.039855,F
251.744946,-20.998145,9.040489,F
251.743660,-20.999522,9.040029,F
251.746050,-21.001887,9.039328,F
251.756338,-21.000113,9.040086,F
251.743691,-21.000008,9.039876,F
251.744595,-21.001132,9.039538,F
251.744442,-21.001017,9.039572,F
251.746371,-20.997643,9.040675,F
251.743712,-21.000072,9.039856,F
251.755631,-21.001505,9.039633,F
251.749896,-20.997342,9.040838,F
251.748855,-20.997333,9.040821,F
251.756343,-21.000449,9.039980,F
251.755917,-20.999319,9.040329,F
251.756255,-20.999836,9.040172,F
251.750321,-20.997365,9.040839,F
251.754431,-21.002119,9.039416,F
251.744651,-20.998307,9.040432,F
251.748361,-20.997356,9.040804,F
251.755210,-21.001774,9.039540,F
251.743654,-20.999827,9.039933,F
251.755824,-21.001345,9.039687,F
251.755979,-21.001188,9.039740,F
251.743814,-21.000308,9.039784,F
251.754244,-21.002183,9.039392,F
251.748929,-20.997332,9.040822,F
251.749082,-21.002582,9.039167,F
251.751062,-21.002669,9.039177,F
251.745129,-20.998057,9.040520,F
251.743647,-20.999765,9.039952,F
251.744808,-20.998217,9.040464,F
251.751443,-21.002656,9.039188,F
251.749370,-21.002610,9.039163,F
251.743649,-20.999591,9.040007,F
251.745772,-20.997814,9.040610,F
251.745198,-21.001505,9.039432,F
251.753668,-21.002346,9.039329,F
251.746234,-21.001954,9.039310,F
251.755236,-20.998752,9.040495,F
251.751478,-21.002655,9.039190,F
251.753304,-21.002429,9.039296,F
251.754680,-21.002023,9.039451,F
251.754290,-21.002167,9.039398,F
251.744066,-21.000662,9.039677,F
251.746063,-21.001891,9.039327,F
251.748634,-21.002527,9.039175,F
251.744063,-21.000656,9.039678,F
251.754805,-21.001972,9.039469,F
251.753211,-21.002448,9.039288,F
251.756028,-21.001135,9.039757,F
251.752034,-20.997584,9.040803,F
251.745187,-20.998034,9.040529,F
251.756314,-21.000011,9.040118,F
251.743689,-21.000002,9.039878,F
251.751513,-20.997495,9.040821,F
251.745796,-20.997805,9.040613,F
251.744085,-21.000684,9.039670,F
251.747168,-20.997486,9.040740,F
251.755351,-21.001694,9.039568,F
251.752292,-21.002587,9.039227,F
251.745923,-20.997765,9.040628,F
251.750154,-20.997354,9.040839,F
251.749545,-21.002627,9.039161,F
251.752697,-20.997727,9.040770,F
251.745727,-20.997826,9.040605,F
251.755848,-20.999245,9.040351,F
251.746477,-21.002038,9.039288,F
251.755546,-21.001564,9.039613,F
251.745703,-21.001748,9.039365,F
251.743724,-20.999281,9.040106,F
251.756316,-21.000589,9.039935,F
251.746551,-20.997602,9.040691,F
251.743664,-20.999482,9.040042,F
251.746002,-20.997743,9.040636,F
251.756354,-21.000323,9.040020,F
251.754933,-21.001912,9.039491,F
251.755049,-20.998633,9.040529,F
251.744362,-21.000951,9.039591,F
251.756083,-21.001062,9.039781,F
251.750984,-21.002671,9.039175,F
251.744127,-20.998701,9.040298,F
251.753002,-20.997806,9.040751,F
251.747058,-20.997504,9.040732,F
251.756326,-21.000070,9.040100,F
251.755707,-20.999109,9.040391,F
251.745442,-21.001628,9.039398,F
251.745029,-21.001411,9.039459,F
251.750905,-21.002672,9.039173,F
251.755941,-21.001228,9.039726,F
251.752375,-20.997654,9.040787,F
251.756351,-21.000205,9.040057,F
251.756240,-20.999802,9.040183,F
251.751301,-21.002661,9.039184,F
251.751806,-20.997543,9.040811,F
251.750929,-21.002672,9.039174,F
251.743646,-20.999740,9.039960,F
251.744517,-21.001075,9.039555,F
251.753013,-21.002485,9.039273,F
251.755942,-20.999349,9.040320,F
251.756318,-21.000023,9.040114,F
251.756351,-21.000225,9.040051,F
251.753504,-20.997956,9.040713,F
251.743853,-21.000369,9.039765,F
251.754854,-20.998524,9.040560,F
251.751822,-20.997545,9.040811,F
251.749148,-21.002590,9.039165,F
251.748357,-20.997355,9.040804,F
251.743892,-20.998971,9.040208,F
251.746636,-20.997584,9.040699,F
251.751029,-20.997432,9.040831,F
251.752408,-20.997661,9.040785,F
251.748532,-21.002512,9.039178,F
251.756341,-21.000474,9.039972,F
251.744666,-21.001181,9.039524,F
251.746948,-20.997523,9.040724,F
251.755286,-20.998783,9.040486,F
251.746033,-21.001881,9.039329,F
251.754008,-21.002254,9.039365,F
251.752125,-21.002605,9.039218,F
251.755966,-21.001204,9.039734,F
251.744678,-21.001193,9.039521,F
251.753317,-21.002426,9.039297,F
251.754793,-20.998491,9.040569,F
251.743725,-20.999277,9.040108,F
251.744895,-20.998171,9.040480,F
251.756339,-21.000128,9.040081,F
251.754165,-20.998199,9.040649,F
251.756349,-21.000191,9.040062,F
251.749789,-21.002642,9.039161,F
251.755442,-21.001636,9.039588,F
251.747330,-21.002279,9.039229,F
251.753275,-21.002434,9.039294,F
251.747488,-20.997439,9.040761,F
251.755828,-20.999227,9.040356,F
251.745862,-20.997784,9.040621,F
251.752639,-20.997714,9.040773,F
251.743684,-20.999979,9.039885,F
251.750707,-20.997397,9.040836,F
251.744944,-20.998145,9.040489,F
251.745980,-20.997750,9.040634,F
251.745735,-20.997824,9.040605,F
251.750357,-20.997367,9.040839,F
251.743662,-20.999516,9.040031,F
251.743845,-21.000360,9.039768,F
251.755566,-21.001553,9.039616,F
251.744412,-20.998463,9.040378,F
251.743665,-20.999475,9.040044,F
251.747732,-20.997410,9.040775,F
251.756144,-21.000978,9.039809,F
251.749050,-21.002579,9.039167,F
251.756335,-21.000102,9.040090,F
251.754786,-21.001980,9.039466,F
251.750302,-21.002667,9.039163,F
251.756237,-21.000810,9.039864,F
251.754708,-21.002013,9.039455,F
251.745262,-20.998002,9.040540,F
251.756348,-21.000172,9.040068,F
251.745737,-21.001762,9.039361,F
251.753529,-21.002380,9.039316,F
251.747352,-21.002284,9.039227,F
251.755524,-21.001583,9.039606,F
251.750763,-20.997401,9.040836,F
251.755865,-20.999263,9.040346,F
251.743661,-20.999881,9.039916,F
251.755332,-21.001704,9.039564,F
251.745417,-20.997939,9.040563,F
251.748010,-20.997382,9.040789,F
251.743648,-20.999725,9.039965,F
251.743683,-20.999981,9.039884,F
251.749128,-20.997328,9.040828,F
251.743888,-21.000429,9.039747,F
251.743906,-20.998951,9.040214,F
251.756078,-20.999520,9.040268,F
251.745265,-20.997999,9.040541,F
251.755354,-21.001692,9.039568,F
251.752105,-20.997598,9.040799,F
251.744428,-21.001002,9.039576,F
251.755862,-20.999261,9.040346,F
251.753755,-20.998042,9.040691,F
251.746124,-20.997708,9.040650,F
251.746864,-21.002157,9.039258,F
251.748694,-21.002534,9.039174,F
251.745048,-21.001423,9.039455,F
251.749686,-20.997333,9.040837,F
251.743694,-20.999364,9.040080,F
251.754138,-20.998186,9.040653,F
251.744567,-21.001112,9.039544,F
251.753201,-20.997862,9.040737,F
251.753281,-21.002433,9.039294,F
251.755783,-20.999182,9.040370,F
251.756145,-20.999623,9.040237,F
251.743787,-20.999137,9.040153,F
251.755541,-20.998970,9.040432,F
251.743906,-21.000456,9.039739,F
251.756355,-21.000266,9.040038,F
251.744482,-21.001049,9.039563,F
251.751901,-20.997559,9.040808,F
251.751651,-21.002643,9.039197,F
251.744835,-21.001296,9.039491,F
251.755984,-20.999401,9.040304,F
251.746931,-20.997526,9.040723,F
251.744944,-21.001363,9.039472,F
251.747786,-20.997404,9.040778,F
251.754976,-20.998591,9.040541,F
251.750291,-20.997362,9.040839,F
251.744314,-21.000909,9.039603,F
251.756284,-20.999916,9.040147,F
251.745446,-20.997927,9.040567,F
251.747786,-20.997404,9.040778,F
251.745674,-20.997845,9.040598,F
251.753378,-20.997916,9.040724,F
251.751654,-20.997517,9.040816,F
251.755329,-21.001705,9.039564,F
251.752476,-21.002566,9.039237,F
251.746620,-20.997587,9.040698,F
251.745605,-21.001703,9.039377,F
251.754832,-21.001958,9.039474,F
251.756252,-21.000782,9.039873,F
251.745634,-21.001717,9.039374,F
251.752887,-21.002506,9.039264,F
251.745479,-20.997915,9.040572,F
251.749052,-20.997330,9.040826,F
251.749240,-21.002599,9.039164,F
251.751467,-21.002653,9.039190,F
251.756099,-21.001042,9.039788,F
251.756083,-20.999528,9.040266,F
251.744039,-20.998790,9.040268,F
251.755355,-20.998832,9.040472,F
251.745219,-21.001516,9.039429,F
251.756334,-21.000093,9.040092,F
251.744762,-20.998243,9.040454,F
251.746367,-21.002000,9.039298,F
251.746121,-21.001915,9.039320,F
251.752820,-20.997758,9.040763,F
251.744714,-20.998269,9.040445,F
251.753174,-21.002455,9.039285,F
251.752452,-20.997670,9.040783,F
251.754963,-21.001900,9.039495,F
251.755806,-21.001359,9.039682,F
251.748514,-20.997346,9.040810,F
251.755598,-21.001529,9.039625,F
251.756276,-21.000717,9.039894,F
251.744449,-21.001020,9.039571,F
251.746345,-21.001993,9.039300,F
251.744171,-21.000775,9.039643,F
251.746440,-20.997629,9.040681,F
251.744613,-21.001146,9.039534,F
251.746756,-21.002125,9.039266,F
251.755190,-21.001785,9.039536,F
251.750809,-21.002672,9.039171,F
251.749380,-20.997328,9.040833,F
251.756023,-20.999448,9.040290,F
251.754539,-20.998363,9.040604,F
251.754535,-20.998362,9.040605,F
251.752411,-21.002573,9.039233,F
251.756223,-20.999766,9.040194,F
251.744368,-20.998497,9.040367,F
251.743822,-20.999077,9.040173,F
251.755613,-21.001518,9.039628,F
251.755788,-21.001378,9.039676,F
251.753747,-20.998038,9.040692,F
251.749242,-20.997329,9.040830,F
251.755787,-21.001381,9.039675,F
251.745076,-20.998083,9.040511,F
251.756346,-21.000450,9.039980,F
251.750334,-21.002666,9.039164,F
251.750958,-21.002671,9.039174,F
251.746066,-20.997724,9.040644,F
251.745787,-20.997807,9.040612,F
251.752884,-21.002506,9.039264,F
251.748025,-21.002428,9.039195,F
251.756062,-20.999499,9.040275,F
251.755936,-20.999344,9.040321,F
251.750793,-21.002673,9.039171,F
251.753676,-21.002345,9.039330,F
251.755976,-21.001191,9.039739,F
251.743676,-20.999433,9.040058,F
251.743883,-20.998986,9.040203,F
251.755966,-21.001205,9.039734,F
251.746603,-21.002077,9.039278,F
251.755092,-20.998661,9.040521,F
251.755194,-21.001782,9.039537,F
251.756219,-21.000847,9.039852,F
251.755515,-20.998949,9.040438,F
251.743806,-21.000291,9.039789,F
251.755793,-21.001375,9.039677,F
251.755026,-21.001868,9.039506,F
251.750091,-21.002659,9.039162,F
251.744323,-21.000916,9.039601,F
251.744491,-20.998409,9.040397,F
251.753283,-21.002433,9.039294,F
251.756153,-20.999642,9.040231,F
251.745480,-20.997915,9.040572,F
251.744603,-20.998337,9.040422,F
251.744032,-20.998800,9.040264,F
251.745317,-21.001566,9.039415,F
251.755803,-21.001362,9.039681,F
251.743915,-20.998937,9.040219,F
251.753310,-20.997896,9.040729,F
251.754238,-21.002185,9.039391,F
251.749775,-20.997336,9.040838,F
251.750111,-20.997351,9.040839,F
251.745491,-21.001652,9.039391,F
251.755015,-21.001876,9.039504,F
251.752093,-21.002609,9.039216,F
251.744991,-21.001390,9.039465,F
251.751688,-20.997523,9.040815,F
251.743646,-20.999730,9.039963,F
251.754778,-21.001983,9.039465,F
251.748985,-20.997332,9.040824,F
251.748263,-21.002469,9.039187,F
251.755888,-20.999290,9.040338,F
251.745853,-21.001811,9.039348,F
251.753255,-20.997879,9.040733,F
251.749847,-21.002646,9.039161,F
251.754181,-20.998205,9.040648,F
251.747405,-20.997451,9.040756,F
251.743902,-20.998958,9.040212,F
251.744541,-21.001094,9.039549,F
251.756024,-20.999448,9.040290,F
251.753997,-21.002257,9.039364,F
251.746024,-21.001878,9.039330,F
251.752207,-20.997619,9.040795,F
251.755266,-21.001742,9.039551,F
251.755240,-21.001758,9.039545,F
251.745967,-20.997752,9.040633,F
251.747519,-21.002324,9.039218,F
251.748781,-20.997335,9.040819,F
251.755264,-21.001742,9.039551,F
251.756050,-21.001103,9.039768,F
251.743693,-20.999379,9.040075,F
251.748879,-21.002559,9.039170,F
251.745223,-21.001519,9.039428,F
251.746201,-20.997686,9.040658,F
251.755659,-20.999070,9.040403,F
251.744731,-20.998260,9.040449,F
251.746946,-21.002180,9.039253,F
251.746712,-21.002112,9.039270,F
251.753668,-20.998011,9.040699,F
251.744228,-21.000829,9.039627,F
251.747709,-21.002364,9.039209,F
251.744678,-21.001191,9.039521,F
251.755604,-20.999022,9.040417,F
251.750358,-21.002667,9.039164,F
251.756349,-21.000402,9.039995,F
251.755365,-21.001685,9.039571,F
251.745746,-20.997822,9.040606,F
251.746376,-21.002003,9.039297,F
251.755345,-21.001696,9.039567,F
251.747090,-20.997499,9.040735,F
251.756352,-21.000311,9.040024,F
251.745282,-20.997991,9.040544,F
251.753491,-20.997953,9.040714,F
251.755918,-21.001253,9.039718,F
251.743885,-21.000426,9.039748,F
251.755623,-20.999036,9.040413,F
251.744010,-20.998822,9.040257,F
251.744073,-20.998753,9.040280,F
251.750083,-21.002658,9.039162,F
251.752569,-20.997698,9.040777,F
251.756341,-21.000492,9.039967,F
251.751809,-20.997543,9.040811,F
251.755114,-21.001826,9.039521,F
251.748900,-21.002561,9.039170,F
251.745615,-20.997865,9.040590,F
251.743848,-20.999037,9.040186,F
251.751816,-20.997544,9.040811,F
251.746842,-20.997543,9.040716,F
251.756307,-20.999977,9.040129,F
251.755154,-20.998697,9.040511,F
251.756306,-20.999980,9.040128,F
251.744637,-20.998314,9.040430,F
251.755737,-20.999139,9.040383,F
251.745071,-20.998085,9.040510,F
251.756214,-21.000858,9.039848,F
251.755318,-20.998807,9.040479,F
251.751272,-21.002662,9.039183,F
251.743783,-21.000250,9.039801,F
251.752650,-20.997716,9.040773,F
251.746686,-20.997574,9.040703,F
251.751884,-21.002628,9.039206,F
251.746216,-21.001949,9.039311,F
251.744876,-20.998182,9.040476,F
251.756340,-21.000129,9.040081,F
251.745429,-21.001620,9.039400,F
251.752949,-21.002495,9.039268,F
251.750690,-20.997394,9.040837,F
251.752142,-21.002604,9.039219,F
251.743833,-21.000339,9.039774,F
251.745484,-20.997915,9.040572,F
251.756309,-20.999986,9.040126,F
251.755966,-20.999380,9.040311,F
251.748030,-21.002428,9.039195,F
251.745665,-21.001730,9.039370,F
251.756116,-21.001015,9.039797,F
251.753664,-20.998011,9.040699,F
251.745100,-20.998070,9.040516,F
251.756317,-21.000604,9.039931,F
251.745684,-21.001737,9.039368,F
251.745394,-20.997948,9.040560,F
251.747826,-20.997400,9.040780,F
251.756349,-21.000209,9.040056,F
251.744729,-21.001226,9.039511,F
251.745370,-20.997956,9.040557,F
251.743905,-20.998952,9.040214,F
251.751335,-20.997469,9.040825,F
251.748823,-20.997334,9.040820,F
251.744528,-21.001083,9.039553,F
251.747357,-21.002285,9.039227,F
251.746042,-21.001884,9.039329,F
251.755975,-21.001196,9.039737,F
251.754840,-21.001955,9.039475,F
251.756326,-21.000561,9.039944,F
251.743735,-20.999256,9.040115,F
251.755944,-21.001230,9.039726,F
251.743794,-20.999128,9.040156,F
251.755577,-20.999000,9.040423,F
251.749152,-21.002590,9.039165,F
251.755349,-21.001695,9.039567,F
251.745558,-21.001680,9.039384,F
251.755957,-21.001216,9.039730,F
251.755599,-20.999016,9.040419,F
251.755422,-21.001649,9.039583,F
251.751562,-20.997504,9.040819,F
251.753656,-21.002350,9.039328,F
251.755118,-21.001824,9.039522,F
251.756106,-20.999562,9.040256,F
251.754599,-21.002057,9.039439,F
251.754170,-21.002206,9.039383,F
251.755139,-20.998690,9.040513,F
251.751205,-21.002666,9.039181,F
251.744372,-21.000958,9.039589,F
251.755282,-20.998783,9.040486,F
251.754624,-20.998404,9.040593,F
251.743970,-21.000544,9.039712,F
251.748786,-21.002547,9.039172,F
251.756188,-20.999701,9.040213,F
251.747240,-20.997475,9.040745,F
251.750998,-20.997428,9.040832,F
251.750467,-20.997376,9.040838,F
251.751702,-21.002641,9.039198,F
251.753133,-20.997843,9.040742,F
251.746985,-20.997517,9.040727,F
251.744298,-21.000893,9.039608,F
251.753300,-21.002429,9.039296,F
251.747115,-21.002224,9.039242,F
251.750868,-20.997413,9.040834,F
251.749964,-21.002654,9.039161,F
251.752346,-20.997648,9.040788,F
251.743801,-21.000278,9.039793,F
251.748410,-21.002493,9.039182,F
251.748749,-21.002542,9.039173,F
251.756216,-21.000855,9.039849,F
251.755725,-21.001431,9.039658,F
251.756346,-21.000172,9.040068,F
251.750019,-20.997347,9.040839,F
251.746102,-21.001907,9.039323,F
251.754929,-21.001916,9.039489,F
251.747375,-20.997454,9.040754,F
251.746296,-21.001977,9.039304,F
251.745209,-20.998025,9.040532,F
251.745037,-21.001414,9.039458,F
251.755576,-20.998997,9.040424,F
251.756345,-21.000467,9.039975,F
251.744252,-20.998587,9.040336,F
251.756356,-21.000323,9.040020,F
251.749468,-20.997329,9.040834,F
251.750441,-20.997373,9.040839,F
251.752926,-21.002500,9.039266,F
251.756083,-20.999529,9.040266,F
251.743809,-20.999098,9.040166,F
251.743645,-20.999741,9.039960,F
251.754928,-21.001914,9.039490,F
251.744461,-20.998428,9.040390,F
251.749798,-20.997337,9.040838,F
251.750579,-20.997385,9.040838,F
251.755078,-21.001843,9.039515,F
251.752754,-20.997742,9.040767,F
251.751194,-21.002665,9.039181,F
251.755244,-21.001755,9.039546,F
251.743725,-20.999274,9.040109,F
251.753964,-21.002268,9.039360,F
251.752519,-21.002560,9.039240,F
251.749015,-20.997330,9.040825,F
251.750306,-20.997363,9.040839,F
251.746294,-20.997664,9.040667,F
251.755151,-21.001805,9.039529,F
251.751951,-21.002622,9.039209,F
251.749538,-21.002626,9.039162,F
251.750039,-21.002657,9.039161,F
251.749177,-21.002593,9.039165,F
251.756272,-21.000733,9.039889,F
251.752167,-20.997610,9.040797,F
251.747806,-21.002385,9.039204,F
251.751397,-20.997478,9.040824,F
251.750434,-20.997373,9.040839,F
251.753612,-21.002360,9.039324,F
251.752849,-21.002512,9.039261,F
251.743946,-20.998902,9.040231,F
251.743690,-21.000011,9.039875,F
251.755239,-21.001759,9.039545,F
251.749299,-20.997328,9.040831,F
251.744301,-21.000897,9.039607,F
251.743645,-20.999676,9.039980,F
251.755600,-20.999017,9.040418,F
251.752080,-21.002610,9.039215,F
251.755750,-20.999149,9.040379,F
251.754489,-21.002096,9.039424,F
251.746661,-20.997580,9.040700,F
251.743658,-20.999539,9.040024,F
251.753056,-20.997822,9.040747,F
251.752551,-20.997693,9.040778,F
251.754940,-20.998571,9.040547,F
251.754989,-20.998599,9.040539,F
251.748758,-21.002543,9.039173,F
251.755200,-21.001780,9.039538,F
251.753820,-21.002308,9.039344,F
251.743829,-21.000335,9.039776,F
251.756109,-21.001029,9.039792,F
251.754518,-20.998353,9.040607,F
251.753127,-20.997841,9.040742,F
251.749740,-21.002640,9.039161,F
251.744748,-20.998250,9.040452,F
251.753249,-21.002439,9.039292,F
251.746679,-20.997576,9.040702,F
251.750661,-20.997393,9.040837,F
251.755837,-20.999233,9.040355,F
251.743974,-21.000551,9.039710,F
251.755576,-21.001543,9.039620,F
251.749632,-21.002633,9.039161,F
251.746832,-20.997545,9.040715,F
251.748936,-20.997331,9.040823,F
251.752302,-21.002586,9.039227,F
251.748374,-21.002487,9.039183,F
251.743646,-20.999631,9.039994,F
251.755937,-21.001237,9.039723,F
251.745381,-20.997952,9.040558,F
251.750144,-21.002661,9.039162,F
251.753983,-20.998126,9.040669,F
251.752214,-20.997620,9.040795,F
251.746449,-20.997626,9.040682,F
251.743710,-20.999322,9.040093,F
251.745746,-20.997820,9.040607,F
251.744220,-21.000823,9.039629,F
251.743646,-20.999743,9.039959,F
251.743949,-20.998896,9.040233,F
251.744057,-21.000651,9.039680,F
251.743710,-21.000070,9.039857,F
251.746200,-20.997688,9.040658,F
251.743677,-20.999432,9.040058,F
251.756341,-21.000136,9.040079,F
251.751408,-21.002657,9.039187,F
251.756346,-21.000423,9.039989,F
251.747162,-21.002237,9.039239,F
251.744110,-21.000709,9.039663,F
251.744034,-21.000624,9.039688,F
251.753778,-20.998050,9.040689,F
251.750832,-21.002672,9.039172,F
251.744741,-21.001235,9.039509,F
251.743738,-21.000142,9.039835,F
251.744124,-20.998702,9.040297,F
251.749297,-20.997328,9.040831,F
251.751670,-20.997520,9.040816,F
251.743741,-20.999234,9.040122,F
251.752987,-20.997803,9.040752,F
251.743663,-20.999491,9.040039,F
251.749540,-21.002626,9.039162,F
251.743867,-21.000396,9.039757,F
251.748544,-20.997345,9.040811,F
251.744285,-21.000884,9.039611,F
251.754776,-21.001984,9.039465,F
251.754698,-21.002017,9.039453,F
251.755093,-21.001836,9.039518,F
251.743762,-20.999188,9.040137,F
251.749757,-20.997336,9.040837,F
251.755008,-20.998610,9.040536,F
251.744327,-21.000921,9.039600,F
251.748010,-21.002425,9.039196,F
251.748115,-20.997374,9.040794,F
251.756281,-20.999903,9.040151,F
251.753607,-21.002362,9.039323,F
251.749304,-21.002604,9.039164,F
251.755674,-20.999082,9.040399,F
251.744884,-21.001324,9.039483,F
251.745737,-21.001761,9.039362,F
251.756342,-21.000484,9.039969,F
251.755587,-20.999006,9.040421,F
251.747156,-20.997489,9.040739,F
251.750770,-20.997403,9.040836,F
251.753131,-21.002463,9.039282,F
251.743679,-20.999418,9.040062,F
251.748428,-21.002496,9.039181,F
251.754543,-20.998366,9.040604,F
251.754289,-20.998250,9.040635,F
251.745940,-21.001844,9.039339,F
251.756325,-21.000056,9.040104,F
251.749061,-20.997329,9.040826,F
251.747671,-21.002357,9.039211,F
251.744011,-20.998824,9.040256,F
251.755501,-20.998939,9.040441,F
251.754054,-21.002241,9.039370,F
251.756061,-21.001092,9.039772,F
251.744602,-20.998336,9.040422,F
251.756309,-21.000626,9.039924,F
251.752596,-21.002549,9.039244,F
251.754919,-21.001918,9.039488,F
251.756333,-21.000528,9.039955,F
251.746216,-21.001949,9.039312,F
251.755142,-20.998690,9.040513,F
251.749905,-20.997342,9.040838,F
251.751446,-21.002656,9.039188,F
251.754549,-20.998369,9.040603,F
251.744423,-20.998456,9.040381,F
251.755859,-20.999258,9.040347,F
251.754473,-20.998332,9.040613,F
251.745686,-20.997841,9.040599,F
251.744560,-20.998362,9.040413,F
251.755194,-20.998723,9.040504,F
251.750476,-21.002671,9.039165,F
251.743675,-20.999944,9.039896,F
251.743835,-20.999057,9.040179,F
251.747143,-20.997489,9.040739,F
251.751505,-20.997494,9.040821,F
251.749060,-20.997329,9.040826,F
251.744363,-21.000952,9.039591,F
251.746967,-21.002186,9.039251,F
251.755974,-21.001197,9.039737,F
251.744501,-20.998403,9.040399,F
251.755344,-20.998824,9.040474,F
251.756225,-20.999774,9.040191,F
251.751894,-21.002627,9.039207,F
251.743974,-20.998863,9.040243,F
251.756355,-21.000293,9.040030,F
251.755917,-20.999322,9.040328,F
251.744577,-21.001120,9.039542,F
251.746196,-20.997688,9.040658,F
251.745985,-21.001863,9.039334,F
251.744782,-21.001260,9.039502,F
251.744235,-21.000836,9.039625,F
251.749471,-20.997329,9.040834,F
251.750121,-20.997352,9.040839,F
251.750064,-20.997349,9.040839,F
251.744137,-21.000736,9.039655,F
251.746916,-21.002171,9.039255,F
251.755180,-20.998714,9.040506,F
251.746825,-20.997546,9.040715,F
251.743888,-20.998975,9.040206,F
251.746439,-21.002024,9.039292,F
251.743772,-20.999168,9.040143,F
251.746645,-21.002090,9.039275,F
251.749043,-20.997330,9.040825,F
251.743681,-20.999407,9.040066,F
251.756110,-21.001028,9.039793,F
251.743695,-21.000029,9.039870,F
251.743682,-20.999413,9.040064,F
251.745966,-20.997752,9.040633,F
251.756088,-20.999536,9.040264,F
251.743819,-20.999082,9.040171,F
251.756297,-21.000661,9.039912,F
251.756161,-21.000953,9.039817,F
251.745500,-21.001656,9.039390,F
251.747647,-20.997420,9.040770,F
251.747030,-21.002201,9.039247,F
251.750575,-20.997385,9.040838,F
251.753534,-21.002379,9.039316,F
251.745565,-20.997883,9.040584,F
251.755611,-21.001519,9.039628,F
251.744397,-21.000978,9.039583,F
251.756315,-21.000600,9.039932,F
251.747444,-20.997445,9.040758,F
251.743867,-21.000398,9.039756,F
251.748395,-20.997353,9.040806,F
251.752433,-20.997668,9.040784,F
251.755944,-20.999350,9.040320,F
251.752327,-20.997644,9.040789,F
251.752027,-20.997584,9.040802,F
251.751306,-20.997467,9.040826,F
251.754261,-21.002177,9.039394,F
251.756354,-21.000347,9.040013,F
251.748872,-20.997333,9.040821,F
251.754602,-20.998394,9.040596,F
251.756111,-21.001029,9.039792,F
251.752803,-21.002520,9.039258,F
251.747887,-20.997393,9.040783,F
251.755471,-20.998915,9.040448,F
251.744613,-20.998330,9.040424,F
251.749149,-20.997328,9.040828,F
251.755466,-21.001620,9.039593,F
251.745701,-20.997837,9.040601,F
251.755478,-20.998921,9.040446,F
251.756163,-21.000947,9.039819,F
251.743841,-21.000350,9.039771,F
251.749209,-20.997327,9.040829,F
251.746462,-21.002034,9.039289,F
251.743701,-20.999343,9.040087,F
251.748875,-21.002559,9.039170,F
251.753735,-20.998035,9.040693,F
251.747766,-21.002376,9.039206,F
251.756305,-20.999971,9.040131,F
251.745193,-20.998029,9.040531,F
251.749766,-20.997336,9.040837,F
251.743672,-20.999938,9.039898,F
251.748081,-21.002437,9.039193,F
251.756349,-21.000219,9.040053,F
251.747869,-21.002397,9.039202,F
251.743771,-21.000224,9.039809,F
251.756311,-21.000616,9.039927,F
251.756313,-21.000003,9.040121,F
251.749186,-21.002592,9.039165,F
251.756350,-21.000234,9.040048,F
251.744325,-21.000916,9.039601,F
251.743881,-20.998985,9.040203,F
251.748712,-20.997339,9.040816,F
251.756349,-21.000192,9.040061,F
251.748190,-20.997367,9.040797,F
251.748985,-21.002572,9.039168,F
251.753148,-20.997847,9.040741,F
251.751042,-21.002670,9.039176,F
251.753954,-21.002271,9.039358,F
251.755642,-20.999054,9.040408,F
251.753038,-20.997817,9.040748,F
251.743833,-21.000338,9.039775,F
251.744663,-20.998298,9.040435,F
251.756062,-20.999499,9.040275,F
251.754655,-21.002033,9.039447,F
251.750916,-20.997418,9.040833,F
251.743759,-20.999198,9.040133,F
251.744265,-20.998577,9.040339,F
251.751479,-20.997490,9.040822,F
251.752027,-21.002615,9.039213,F
251.756303,-20.999967,9.040132,F
251.744207,-20.998627,9.040323,F
251.744634,-20.998318,9.040428,F
251.744964,-20.998135,9.040493,F
251.750548,-21.002671,9.039166,F
251.756291,-20.999929,9.040143,F
251.743760,-20.999193,9.040135,F
251.751301,-20.997466,9.040826,F
251.744276,-20.998567,9.040343,F
251.756346,-21.000170,9.040068,F
251.752900,-20.997779,9.040758,F
251.756340,-21.000121,9.040084,F
251.745068,-20.998087,9.040510,F
251.743670,-20.999463,9.040048,F
251.744000,-21.000581,9.039701,F
251.744850,-21.001305,9.039489,F
251.753088,-21.002471,9.039279,F
251.746296,-20.997663,9.040667,F
251.751055,-20.997434,9.040831,F
251.755661,-20.999069,9.040403,F
251.748457,-21.002501,9.039180,F
251.750566,-20.997384,9.040838,F
251.755455,-21.001627,9.039591,F
251.752933,-20.997788,9.040755,F
251.756330,-21.000079,9.040097,F
251.745742,-20.997822,9.040606,F
251.749242,-20.997328,9.040830,F
251.756348,-21.000444,9.039982,F
251.752859,-20.997770,9.040760,F
251.743833,-21.000336,9.039775,F
251.756079,-20.999522,9.040268,F
251.754534,-21.002081,9.039430,F
251.752347,-20.997648,9.040788,F
251.754615,-20.998401,9.040594,F
251.753720,-21.002333,9.039334,F
251.753995,-20.998132,9.040667,F
251.746798,-21.002137,9.039263,F
251.752878,-21.002508,9.039263,F
251.745804,-21.001790,9.039354,F
251.743668,-20.999923,9.039903,F
251.746190,-21.001939,9.039314,F
251.750686,-21.002673,9.039169,F
251.746067,-21.001894,9.039326,F
251.756281,-20.999911,9.040149,F
251.743926,-20.998923,9.040223,F
251.743880,-20.998988,9.040202,F
251.755877,-20.999279,9.040341,F
251.746122,-20.997708,9.040650,F
251.748865,-21.002556,9.039171,F
251.755033,-20.998624,9.040532,F
251.748640,-21.002528,9.039175,F
251.755665,-20.999072,9.040402,F
251.751974,-20.997574,9.040805,F
251.743766,-20.999183,9.040138,F
251.744632,-20.998317,9.040429,F
251.747663,-20.997418,9.040771,F
251.754121,-20.998180,9.040654,F
251.745465,-21.001639,9.039395,F
251.751399,-21.002657,9.039187,F
251.753834,-21.002305,9.039345,F
251.743679,-20.999953,9.039893,F
251.746156,-21.001926,9.039318,F
251.756023,-20.999449,9.040290,F
251.752504,-21.002563,9.039238,F
251.743671,-20.999917,9.039904,F
251.746573,-21.002069,9.039280,F
251.744007,-20.998824,9.040256,F
251.746844,-20.997543,9.040716,F
251.755336,-21.001702,9.039565,F
251.755823,-21.001345,9.039687,F
251.746488,-21.002041,9.039288,F
251.744232,-20.998606,9.040330,F
251.756340,-21.000479,9.039971,F
251.745113,-21.001458,9.039445,F
251.747193,-21.002245,9.039237,F
251.754800,-20.998495,9.040568,F
251.746070,-20.997724,9.040644,F
251.753951,-21.002272,9.039358,F
251.754610,-21.002053,9.039440,F
251.750755,-21.002672,9.039170,F
251.751759,-20.997534,9.040813,F
251.744912,-20.998163,9.040483,F
251.744073,-20.998755,9.040279,F
251.753710,-20.998027,9.040695,F
251.754742,-20.998465,9.040576,F
251.752862,-21.002510,9.039262,F
251.748815,-20.997335,9.040820,F
251.749653,-20.997333,9.040836,F
251.747138,-21.002231,9.039240,F
251.755841,-20.999241,9.040352,F
251.747120,-20.997493,9.040737,F
251.750585,-21.002671,9.039167,F
251.753528,-20.997964,9.040711,F
251.750144,-20.997353,9.040839,F
251.743676,-20.999436,9.040057,F
251.753828,-20.998068,9.040684,F
251.756183,-20.999686,9.040218,F
251.749338,-21.002607,9.039163,F
251.743923,-21.000479,9.039732,F
251.751905,-20.997560,9.040808,F
251.751183,-20.997449,9.040829,F
251.747399,-20.997451,9.040756,F
251.755725,-20.999126,9.040386,F
251.744267,-20.998576,9.040340,F
251.755879,-21.001292,9.039705,F
251.753350,-21.002419,9.039300,F
251.749524,-21.002624,9.039162,F
251.745432,-20.997932,9.040566,F
251.752669,-21.002540,9.039249,F
251.756269,-20.999874,9.040161,F
251.747303,-20.997465,9.040749,F
251.756185,-20.999696,9.040215,F
251.743656,-20.999851,9.039925,F
251.743751,-21.000178,9.039824,F
251.752523,-20.997687,9.040780,F
251.743742,-20.999235,9.040121,F
251.751832,-20.997548,9.040810,F
251.745466,-20.997919,9.040570,F
251.747098,-21.002221,9.039242,F
251.747383,-20.997454,9.040754,F
251.743729,-20.999266,9.040111,F
251.753219,-20.997868,9.040736,F
251.746293,-20.997663,9.040667,F
251.751916,-21.002624,9.039208,F
251.745907,-20.997769,9.040626,F
251.749122,-20.997328,9.040828,F
251.744135,-20.998694,9.040300,F
251.750498,-20.997377,9.040838,F
251.753594,-21.002365,9.039322,F
251.746573,-20.997598,9.040693,F
251.744141,-21.000742,9.039653,F
251.754437,-21.002117,9.039416,F
251.750933,-21.002672,9.039174,F
251.755908,-21.001266,9.039714,F
251.755033,-20.998625,9.040531,F
251.746541,-20.997605,9.040690,F
251.743652,-20.999559,9.040017,F
251.754901,-20.998550,9.040553,F
251.753064,-20.997823,9.040747,F
251.743805,-20.999107,9.040163,F
251.755687,-20.999094,9.040396,F
251.749964,-21.002653,9.039161,F
251.755306,-21.001721,9.039558,F
251.755229,-20.998746,9.040497,F
251.755504,-20.998944,9.040440,F
251.755996,-21.001172,9.039745,F
251.750259,-20.997361,9.040839,F
251.753989,-20.998128,9.040668,F
251.753988,-20.998128,9.040668,F
251.754571,-21.002068,9.039435,F
251.750826,-21.002673,9.039171,F
251.751496,-21.002652,9.039191,F
251.744284,-20.998561,9.040345,F
251.749054,-20.997329,9.040826,F
251.747861,-21.002396,9.039202,F
251.750359,-21.002667,9.039164,F
251.748236,-20.997364,9.040799,F
251.747847,-21.002393,9.039203,F
251.743651,-20.999576,9.040012,F
251.749071,-21.002581,9.039167,F
251.746900,-21.002167,9.039256,F
251.750539,-21.002672,9.039166,F
251.753347,-20.997906,9.040726,F
251.751393,-20.997477,9.040824,F
251.755042,-21.001862,9.039509,F
251.756224,-21.000837,9.039855,F
251.743658,-20.999869,9.039920,F
251.754514,-21.002090,9.039427,F
251.744136,-20.998691,9.040301,F
251.744356,-21.000944,9.039593,F
251.750950,-20.997422,9.040833,F
251.751463,-21.002655,9.039189,F
251.746849,-21.002152,9.039260,F
251.744332,-21.000925,9.039599,F
251.755485,-20.998928,9.040444,F
251.743878,-20.998992,9.040201,F
251.755295,-20.998792,9.040484,F
251.748677,-20.997340,9.040815,F
251.754677,-20.998430,9.040586,F
251.754896,-20.998546,9.040554,F
251.755817,-21.001349,9.039686,F
251.747710,-20.997413,9.040773,F
251.748560,-20.997344,9.040812,F
251.751590,-21.002648,9.039194,F
251.753949,-20.998112,9.040672,F
251.755657,-21.001485,9.039640,F
251.745913,-21.001833,9.039342,F
251.744976,-20.998131,9.040494,F
251.746116,-21.001911,9.039322,F
251.755771,-20.999169,9.040374,F
251.748089,-20.997375,9.040793,F
251.756046,-21.001109,9.039766,F
251.756349,-21.000191,9.040062,F
251.744634,-21.001161,9.039530,F
251.756335,-21.000518,9.039958,F
251.756103,-20.999562,9.040256,F
251.753366,-21.002416,9.039301,F
251.746738,-20.997563,9.040708,F
251.743878,-21.000414,9.039751,F
251.743652,-20.999562,9.040016,F
251.746208,-20.997685,9.040659,F
251.746222,-20.997681,9.040660,F
251.756353,-21.000261,9.040040,F
251.756202,-21.000881,9.039841,F
251.747251,-21.002260,9.039233,F
251.744457,-20.998431,9.040389,F
251.753885,-20.998089,9.040679,F
251.755200,-20.998729,9.040502,F
251.743900,-20.998958,9.040212,F
251.756348,-21.000177,9.040066,F
251.756348,-21.000201,9.040059,F
251.754029,-20.998143,9.040664,F
251.748003,-20.997383,9.040789,F
251.748349,-20.997356,9.040804,F
251.755148,-21.001808,9.039528,F
251.750797,-21.002673,9.039171,F
251.745351,-20.997964,9.040554,F
251.752776,-21.002524,9.039256,F
251.744768,-21.001251,9.039504,F
251.743908,-20.998946,9.040216,F
251.744546,-20.998372,9.040410,F
251.744949,-21.001366,9.039471,F
251.752667,-20.997721,9.040771,F
251.743673,-20.999449,9.040052,F
251.746273,-20.997669,9.040665,F
251.747935,-20.997389,9.040786,F
251.754416,-20.998307,9.040620,F
251.751616,-21.002647,9.039195,F
251.747066,-20.997502,9.040733,F
251.749582,-21.002628,9.039162,F
251.755808,-21.001359,9.039682,F
251.743825,-21.000327,9.039778,F
251.755692,-21.001458,9.039649,F
251.755263,-20.998769,9.040490,F
251.756355,-21.000293,9.040030,F
251.754306,-20.998258,9.040633,F
251.756322,-21.000034,9.040111,F
251.754780,-20.998483,9.040571,F
251.747416,-21.002299,9.039224,F
251.752068,-21.002610,9.039215,F
251.752563,-20.997695,9.040778,F
251.753726,-21.002332,9.039335,F
251.756354,-21.000283,9.040033,F
251.754703,-20.998446,9.040581,F
251.744658,-21.001176,9.039526,F
251.750143,-21.002662,9.039162,F
251.745445,-20.997926,9.040568,F
251.754685,-20.998434,9.040585,F
251.748476,-21.002503,9.039180,F
251.743652,-20.999792,9.039944,F
251.744283,-21.000881,9.039612,F
251.743651,-20.999797,9.039942,F
251.751994,-20.997576,9.040804,F
251.746053,-20.997727,9.040643,F
251.748832,-20.997335,9.040820,F
251.747503,-21.002320,9.039219,F
251.744255,-20.998584,9.040337,F
251.747727,-21.002369,9.039208,F
251.744971,-21.001377,9.039468,F
251.748218,-21.002462,9.039188,F
251.751486,-20.997492,9.040821,F
251.754029,-20.998143,9.040664,F
251.748874,-21.002557,9.039170,F
251.743949,-21.000516,9.039721,F
251.755707,-21.001447,9.039653,F
251.752658,-21.002541,9.039248,F
251.743664,-20.999480,9.040043,F
251.756248,-21.000790,9.039871,F
251.746663,-20.997578,9.040701,F
251.745016,-20.998111,9.040501,F
251.755189,-20.998722,9.040504,F
251.756354,-21.000268,9.040037,F
251.754080,-21.002233,9.039373,F
251.745938,-21.001844,9.039339,F
251.752699,-20.997729,9.040770,F
251.743939,-21.000503,9.039724,F
251.753435,-20.997935,9.040719,F
251.749048,-21.002579,9.039167,F
251.747218,-21.002252,9.039235,F
251.754603,-21.002054,9.039440,F
251.752314,-21.002586,9.039228,F
251.756352,-21.000251,9.040043,F
251.756139,-20.999612,9.040241,F
251.754085,-20.998166,9.040658,F
251.743655,-20.999823,9.039934,F
251.754424,-20.998311,9.040619,F
251.744824,-20.998210,9.040466,F
251.755409,-20.998870,9.040461,F
251.743827,-21.000328,9.039778,F
251.743684,-20.999407,9.040066,F
251.749135,-20.997327,9.040828,F
251.755958,-21.001211,9.039732,F
251.756054,-20.999486,9.040279,F
251.750967,-21.002671,9.039175,F
251.753701,-20.998022,9.040696,F
251.743995,-21.000576,9.039702,F
251.743718,-20.999295,9.040102,F
251.753527,-20.997965,9.040711,F
251.756121,-21.001011,9.039798,F
251.755953,-21.001220,9.039729,F
251.751751,-21.002637,9.039200,F
251.753064,-21.002474,9.039277,F
251.746469,-20.997621,9.040684,F
251.753087,-21.002471,9.039279,F
251.744454,-20.998434,9.040388,F
251.744663,-20.998300,9.040435,F
251.747955,-21.002414,9.039198,F
251.755100,-21.001832,9.039519,F
251.754850,-21.001952,9.039476,F
251.743823,-20.999076,9.040173,F
251.747639,-21.002350,9.039212,F
251.747397,-21.002296,9.039225,F
251.743780,-21.000242,9.039804,F
251.755847,-20.999244,9.040351,F
251.755774,-20.999173,9.040372,F
251.745915,-21.001835,9.039342,F
251.744193,-21.000794,9.039637,F
251.743660,-20.999880,9.039916,F
251.754211,-20.998216,9.040645,F
251.755047,-20.998632,9.040529,F
251.747152,-20.997488,9.040739,F
251.746439,-21.002025,9.039292,F
251.750663,-20.997392,9.040837,F
251.756355,-21.000302,9.040027,F
251.743870,-21.000403,9.039755,F
251.747618,-20.997423,9.040769,F
251.752020,-21.002616,9.039212,F
251.752710,-20.997732,9.040769,F
251.744220,-20.998614,9.040327,F
251.751746,-20.997533,9.040813,F
251.746273,-21.001969,9.039306,F
251.753052,-20.997820,9.040748,F
251.743854,-20.999030,9.040188,F
251.755557,-20.998983,9.040428,F
251.751435,-20.997485,9.040823,F
251.752573,-21.002553,9.039243,F
251.747087,-21.002217,9.039243,F
251.744555,-20.998368,9.040411,F
251.756344,-21.000156,9.040073,F
251.747402,-20.997452,9.040755,F
251.755951,-21.001222,9.039728,F
251.744169,-21.000771,9.039644,F
251.756314,-21.000003,9.040121,F
251.754760,-21.001990,9.039463,F
251.744151,-20.998677,9.040305,F
251.756279,-21.000713,9.039895,F
251.744024,-21.000611,9.039692,F
251.754942,-21.001911,9.039491,F
251.748678,-20.997339,9.040815,F
251.748398,-21.002492,9.039182,F
251.745626,-20.997860,9.040592,F
251.743824,-21.000327,9.039778,F
251.746758,-20.997560,9.040709,F
251.752852,-21.002512,9.039261,F
251.745352,-21.001585,9.039410,F
251.756355,-21.000313,9.040023,F
251.755351,-21.001691,9.039568,F
251.755710,-21.001441,9.039655,F
251.756345,-21.000432,9.039986,F
251.753001,-20.997807,9.040751,F
251.744841,-20.998200,9.040470,F
251.743752,-21.000182,9.039822,F
251.744437,-21.001014,9.039573,F
251.752932,-20.997789,9.040755,F
251.756195,-20.999710,9.040211,F
251.746828,-21.002145,9.039261,F
251.755500,-21.001598,9.039601,F
251.746490,-21.002043,9.039287,F
251.755507,-21.001592,9.039603,F
251.755708,-21.001446,9.039653,F
251.743698,-20.999354,9.040083,F
251.748673,-21.002532,9.039175,F
251.743819,-20.999081,9.040171,F
251.751217,-21.002665,9.039181,F
251.755060,-21.001850,9.039513,F
251.749276,-21.002602,9.039164,F
251.743778,-20.999161,9.040146,F
251.755919,-21.001256,9.039717,F
251.749555,-20.997331,9.040835,F
251.756262,-20.999849,9.040168,F
251.746451,-21.002028,9.039291,F
251.748316,-21.002478,9.039185,F
251.755458,-20.998907,9.040450,F
251.755815,-21.001355,9.039684,F
251.755970,-20.999381,9.040310,F
251.743773,-21.000225,9.039809,F
251.754680,-20.998432,9.040586,F
251.750021,-21.002655,9.039161,F
251.755810,-21.001357,9.039683,F
251.743903,-20.998958,9.040212,F
251.752752,-21.002527,9.039255,F
251.744053,-20.998774,9.040273,F
251.744745,-20.998252,9.040451,F
251.752687,-21.002537,9.039250,F
251.749496,-21.002621,9.039162,F
251.755904,-21.001269,9.039713,F
251.747785,-21.002380,9.039205,F
251.745558,-21.001683,9.039383,F
251.744092,-21.000687,9.039669,F
251.755341,-21.001697,9.039567,F
251.756355,-21.000254,9.040042,F
251.751449,-20.997486,9.040822,F
251.744912,-21.001342,9.039478,F
251.744366,-20.998497,9.040367,F
251.747726,-21.002368,9.039208,F
251.753511,-20.997959,9.040713,F
251.751169,-21.002667,9.039180,F
251.754440,-21.002114,9.039418,F
251.745896,-20.997773,9.040625,F
251.744879,-21.001321,9.039484,F
251.748498,-21.002507,9.039179,F
251.753329,-21.002424,9.039298,F
251.752384,-21.002576,9.039232,F
251.748649,-20.997341,9.040814,F
251.756331,-21.000075,9.040098,F
251.747412,-20.997451,9.040756,F
251.750321,-21.002667,9.039163,F
251.755691,-21.001456,9.039649,F
251.743652,-20.999591,9.040007,F
251.756163,-21.000947,9.039819,F
251.752484,-20.997678,9.040782,F
251.744467,-20.998424,9.040391,F
251.744784,-21.001261,9.039501,F
251.748230,-21.002464,9.039188,F
251.756180,-21.000920,9.039828,F
251.751729,-20.997530,9.040814,F
251.744521,-21.001080,9.039554,F
251.751286,-20.997464,9.040826,F
251.756325,-21.000567,9.039943,F
251.749479,-20.997329,9.040834,F
251.744240,-20.998597,9.040333,F
251.747678,-21.002357,9.039211,F
251.756316,-21.000015,9.040117,F
251.744001,-21.000582,9.039701,F
251.755916,-20.999319,9.040329,F
251.750845,-20.997410,9.040835,F
251.754553,-20.998370,9.040603,F
251.753684,-20.998017,9.040698,F
251.746969,-21.002185,9.039251,F
251.743689,-20.999377,9.040076,F
251.745199,-21.001506,9.039432,F
251.744299,-21.000896,9.039607,F
251.755329,-20.998814,9.040477,F
251.756166,-21.000940,9.039821,F
251.747130,-21.002230,9.039240,F
251.745067,-20.998088,9.040509,F
251.748618,-21.002524,9.039176,F
251.744325,-20.998528,9.040356,F
251.744880,-20.998180,9.040477,F
251.743992,-21.000573,9.039703,F
251.752597,-21.002549,9.039244,F
251.745110,-20.998066,9.040517,F
251.747381,-20.997453,9.040754,F
251.755042,-21.001861,9.039509,F
251.745137,-20.998054,9.040521,F
251.749895,-20.997341,9.040838,F
251.746976,-21.002187,9.039251,F
251.754907,-21.001925,9.039486,F
251.744024,-20.998811,9.040261,F
251.745910,-21.001833,9.039342,F
251.755733,-20.999134,9.040384,F
251.752304,-20.997638,9.040791,F
251.751236,-21.002665,9.039182,F
251.751587,-21.002648,9.039194,F
251.750006,-20.997346,9.040839,F
251.752527,-21.002559,9.039240,F
251.753284,-20.997887,9.040731,F
251.747813,-20.997401,9.040779,F
251.750712,-20.997397,9.040836,F
251.755118,-20.998677,9.040517,F
251.753546,-21.002376,9.039317,F
251.754962,-20.998583,9.040543,F
251.756282,-20.999902,9.040152,F
251.744409,-21.000991,9.039579,F
251.755671,-20.999079,9.040400,F
251.743711,-20.999315,9.040095,F
251.746819,-20.997547,9.040714,F
251.750679,-21.002673,9.039169,F
251.743986,-20.998848,9.040248,F
251.747768,-20.997406,9.040777,F
251.746295,-21.001977,9.039304,F
251.743653,-20.999564,9.040016,F
251.756137,-20.999613,9.040240,F
251.743953,-20.998891,9.040234,F
251.750994,-21.002671,9.039175,F
251.749238,-21.002597,9.039165,F
251.755431,-20.998887,9.040456,F
251.755360,-21.001688,9.039570,F
251.753068,-21.002474,9.039277,F
251.755312,-21.001715,9.039560,F
251.752999,-20.997806,9.040751,F
251.744995,-21.001393,9.039464,F
251.747898,-20.997392,9.040784,F
251.756274,-21.000726,9.039891,F
251.756294,-21.000667,9.039910,F
251.744170,-21.000773,9.039644,F
251.744728,-20.998263,9.040447,F
251.743965,-21.000537,9.039714,F
251.752467,-21.002567,9.039237,F
251.755961,-20.999370,9.040314,F
251.745911,-21.001833,9.039342,F
251.745531,-21.001670,9.039386,F
251.755282,-20.998782,9.040486,F
251.756294,-21.000663,9.039911,F
251.749239,-21.002599,9.039164,F
251.756285,-20.999919,9.040147,F
251.756172,-21.000929,9.039825,F
251.746537,-20.997606,9.040690,F
251.748621,-20.997342,9.040813,F
251.744757,-20.998244,9.040454,F
251.747522,-20.997435,9.040763,F
251.752908,-21.002502,9.039265,F
251.755808,-21.001362,9.039681,F
251.743672,-20.999446,9.040053,F
251.743765,-21.000208,9.039814,F
251.751818,-20.997545,9.040811,F
251.754533,-20.998361,9.040605,F
251.756352,-21.000251,9.040043,F
251.745247,-21.001530,9.039425,F
251.756347,-21.000427,9.039987,F
251.744288,-20.998561,9.040345,F
251.745661,-21.001728,9.039370,F
251.753153,-21.002459,9.039284,F
251.751885,-21.002627,9.039206,F
251.748365,-21.002486,9.039183,F
251.744431,-20.998449,9.040383,F
251.756223,-21.000836,9.039856,F
251.744339,-20.998518,9.040360,F
251.743660,-20.999873,9.039918,F
251.752814,-20.997757,9.040763,F
251.755533,-21.001576,9.039608,F
251.744415,-20.998463,9.040378,F
251.755980,-20.999392,9.040307,F
251.744250,-20.998589,9.040335,F
251.747176,-21.002241,9.039238,F
251.754428,-21.002120,9.039415,F
251.751293,-21.002662,9.039184,F
251.746825,-21.002146,9.039261,F
251.747662,-21.002355,9.039211,F
251.743645,-20.999674,9.039981,F
251.744178,-20.998652,9.040314,F
251.747585,-21.002338,9.039215,F
251.743960,-21.000531,9.039716,F
251.755344,-20.998823,9.040475,F
251.747761,-20.997406,9.040777,F
251.756333,-21.000531,9.039954,F
251.746987,-20.997516,9.040727,F
251.752450,-21.002568,9.039236,F
251.746615,-21.002082,9.039277,F
251.743650,-20.999767,9.039952,F
251.744395,-21.000978,9.039583,F
251.748531,-20.997346,9.040810,F
251.743786,-21.000253,9.039800,F
251.748576,-21.002518,9.039177,F
251.754987,-21.001887,9.039500,F
251.752939,-20.997789,9.040755,F
251.756114,-20.999575,9.040252,F
251.753184,-20.997858,9.040738,F
251.743649,-20.999712,9.039969,F
251.747595,-21.002341,9.039214,F
251.755441,-20.998893,9.040454,F
251.755312,-20.998801,9.040481,F
251.748274,-20.997361,9.040801,F
251.753829,-21.002306,9.039345,F
251.744422,-20.998456,9.040381,F
251.756166,-21.000945,9.039820,F
251.745776,-21.001778,9.039357,F
251.756322,-21.000579,9.039939,F
251.756233,-20.999789,9.040186,F
251.747368,-21.002288,9.039227,F
251.755867,-20.999264,9.040345,F
251.756237,-21.000814,9.039863,F
251.750065,-21.002658,9.039161,F
251.754846,-21.001952,9.039476,F
251.753919,-21.002280,9.039355,F
251.745942,-21.001845,9.039339,F
251.755067,-20.998646,9.040525,F
251.745593,-21.001698,9.039379,F
251.755886,-20.999286,9.040339,F
251.744718,-21.001219,9.039513,F
251.748041,-20.997379,9.040791,F
251.751568,-21.002649,9.039193,F
251.752046,-21.002614,9.039213,F
251.756150,-21.000970,9.039812,F
251.745722,-21.001754,9.039363,F
251.755575,-20.999000,9.040423,F
251.756355,-21.000338,9.040015,F
251.749018,-20.997329,9.040825,F
251.745047,-20.998097,9.040506,F
251.750067,-21.002657,9.039162,F
251.750255,-21.002664,9.039163,F
251.749563,-20.997330,9.040835,F
251.750660,-20.997393,9.040837,F
251.743665,-20.999491,9.040039,F
251.745159,-20.998045,9.040525,F
251.756194,-21.000896,9.039836,F
251.748041,-21.002431,9.039194,F
251.752166,-21.002600,9.039220,F
251.745488,-20.997912,9.040573,F
251.749885,-21.002649,9.039161,F
251.745085,-21.001444,9.039449,F
251.746540,-21.002058,9.039283,F
251.744553,-20.998368,9.040411,F
251.744791,-21.001267,9.039500,F
251.754361,-21.002143,9.039407,F
251.753523,-20.997964,9.040711,F
251.745355,-20.997962,9.040555,F
251.753808,-20.998060,9.040686,F
251.756335,-21.000103,9.040089,F
251.756348,-21.000435,9.039985,F
251.755906,-21.001269,9.039713,F
251.750949,-20.997422,9.040833,F
251.745699,-21.001744,9.039366,F
251.748571,-20.997345,9.040812,F
251.754689,-21.002019,9.039452,F
251.756071,-21.001078,9.039776,F
251.744474,-21.001043,9.039564,F
251.748121,-21.002443,9.039192,F
251.746902,-21.002167,9.039256,F
251.750048,-20.997348,9.040839,F
251.755900,-20.999304,9.040333,F
251.756339,-21.000145,9.040076,F
251.749319,-20.997328,9.040831,F
251.750292,-21.002667,9.039163,F
251.755925,-21.001248,9.039720,F
251.755733,-21.001425,9.039660,F
251.747807,-21.002384,9.039205,F
251.744839,-21.001298,9.039491,F
251.752843,-21.002512,9.039261,F
251.756119,-21.001016,9.039797,F
251.752463,-20.997674,9.040783,F
251.755808,-21.001359,9.039682,F
251.747370,-20.997455,9.040754,F
251.753968,-20.998119,9.040671,F
251.755960,-20.999368,9.040314,F
251.756349,-21.000401,9.039995,F
251.749748,-21.002641,9.039161,F
251.748061,-21.002434,9.039194,F
251.749448,-21.002618,9.039162,F
251.745410,-20.997940,9.040563,F
251.745435,-20.997931,9.040566,F
251.748825,-21.002552,9.039171,F
251.746701,-20.997570,9.040704,F
251.748596,-20.997343,9.040813,F
251.744273,-21.000873,9.039614,F
251.744934,-21.001356,9.039474,F
251.744268,-21.000868,9.039616,F
251.743853,-21.000375,9.039763,F
251.753951,-21.002272,9.039358,F
251.744890,-20.998172,9.040479,F
251.752752,-20.997742,9.040767,F
251.744755,-20.998247,9.040453,F
251.751930,-20.997564,9.040807,F
251.746105,-21.001908,9.039322,F
251.743708,-20.999331,9.040090,F
251.754610,-20.998398,9.040595,F
251.753357,-20.997910,9.040725,F
251.750082,-21.002659,9.039162,F
251.750087,-20.997349,9.040839,F
251.752648,-20.997717,9.040772,F
251.755588,-21.001538,9.039621,F
251.755093,-20.998663,9.040521,F
251.755578,-20.999002,9.040423,F
251.750097,-20.997350,9.040839,F
251.749783,-20.997336,9.040838,F
251.743653,-20.999549,9.040021,F
251.746168,-20.997697,9.040654,F
251.748379,-21.002487,9.039183,F
251.750186,-20.997356,9.040839,F
251.755401,-21.001661,9.039579,F
251.753267,-20.997883,9.040732,F
251.746159,-20.997699,9.040653,F
251.753655,-21.002349,9.039328,F
251.746053,-21.001889,9.039327,F
251.747298,-20.997466,9.040749,F
251.755962,-20.999373,9.040313,F
251.751492,-20.997493,9.040821,F
251.754165,-21.002208,9.039382,F
251.749308,-21.002605,9.039164,F
251.744555,-20.998365,9.040412,F
251.748472,-20.997349,9.040808,F
251.744997,-20.998120,9.040498,F
251.747822,-20.997401,9.040779,F
251.756331,-21.000080,9.040096,F
251.753272,-21.002435,9.039294,F
251.755946,-20.999353,9.040319,F
251.752510,-21.002561,9.039239,F
251.756306,-21.000629,9.039923,F
251.747848,-21.002393,9.039202,F
251.743851,-20.999029,9.040189,F
251.755129,-20.998682,9.040515,F
251.755902,-20.999302,9.040334,F
251.751268,-21.002663,9.039183,F
251.754798,-21.001973,9.039469,F
251.753017,-21.002483,9.039273,F
251.749821,-20.997337,9.040838,F
251.756094,-21.001049,9.039786,F
251.744680,-20.998288,9.040439,F
251.745501,-20.997906,9.040575,F
251.747205,-21.002247,9.039236,F
251.744687,-20.998285,9.040440,F
251.743986,-21.000566,9.039705,F
251.755394,-21.001667,9.039577,F
251.755864,-21.001305,9.039700,F
251.745314,-21.001565,9.039416,F
251.754668,-21.002029,9.039449,F
251.755366,-20.998839,9.040470,F
251.743644,-20.999695,9.039974,F
251.755605,-20.999021,9.040417,F
251.752462,-21.002567,9.039236,F
251.755853,-21.001318,9.039696,F
251.749481,-20.997329,9.040834,F
251.743667,-20.999908,9.039907,F
251.748535,-20.997346,9.040810,F
251.755024,-20.998619,9.040533,F
251.745473,-21.001642,9.039394,F
251.746632,-20.997585,9.040698,F
251.750273,-20.997361,9.040839,F
251.755878,-21.001292,9.039705,F
251.748202,-20.997366,9.040798,F
251.744205,-20.998627,9.040322,F
251.744119,-21.000720,9.039660,F
251.743890,-20.998978,9.040206,F
251.753650,-20.998004,9.040701,F
251.755647,-21.001494,9.039637,F
251.747395,-20.997452,9.040755,F
251.751989,-21.002618,9.039211,F
251.756352,-21.000224,9.040051,F
251.745227,-21.001521,9.039428,F
251.744939,-21.001358,9.039474,F
251.744407,-20.998468,9.040377,F
251.743994,-21.000575,9.039703,F
251.755257,-20.998767,9.040491,F
251.756354,-21.000270,9.040037,F
251.756347,-21.000173,9.040067,F
251.749192,-21.002594,9.039165,F
251.750371,-21.002668,9.039164,F
251.747862,-21.002396,9.039202,F
251.750579,-21.002672,9.039167,F
251.744434,-20.998449,9.040383,F
251.749749,-20.997336,9.040837,F
251.754077,-21.002235,9.039372,F
251.746095,-20.997715,9.040647,F
251.751345,-20.997471,9.040825,F
251.754540,-20.998366,9.040604,F
251.752403,-20.997659,9.040786,F
251.755162,-21.001801,9.039530,F
251.752390,-20.997657,9.040786,F
251.743702,-21.000046,9.039864,F
251.744365,-21.000954,9.039590,F
251.744461,-21.001031,9.039568,F
251.752782,-20.997749,9.040765,F
251.749090,-20.997328,9.040827,F
251.750782,-21.002673,9.039170,F
251.756350,-21.000233,9.040048,F
251.753314,-21.002426,9.039297,F
251.753557,-21.002374,9.039318,F
251.744326,-20.998529,9.040356,F
251.755505,-20.998942,9.040440,F
251.748940,-21.002566,9.039169,F
251.750534,-21.002671,9.039166,F
251.746655,-20.997580,9.040700,F
251.753979,-21.002263,9.039362,F
251.747652,-21.002353,9.039211,F
251.755802,-21.001363,9.039681,F
251.747984,-21.002419,9.039197,F
251.750560,-20.997383,9.040838,F
251.750059,-20.997349,9.040839,F
251.743648,-20.999780,9.039947,F
251.748483,-20.997349,9.040808,F
251.755554,-20.998979,9.040429,F
251.744674,-20.998293,9.040437,F
251.750244,-21.002664,9.039163,F
251.743743,-21.000159,9.039830,F
251.744001,-20.998835,9.040253,F
251.756325,-21.000571,9.039941,F
251.756329,-21.000551,9.039948,F
251.751313,-21.002662,9.039184,F
251.747896,-21.002402,9.039201,F
251.749307,-20.997327,9.040831,F
251.754529,-20.998358,9.040606,F
251.746584,-21.002071,9.039280,F
251.744721,-20.998267,9.040446,F
251.748614,-20.997343,9.040813,F
251.744879,-20.998179,9.040477,F
251.744866,-21.001315,9.039486,F
251.748186,-21.002456,9.039189,F
251.745826,-20.997795,9.040617,F
251.755435,-20.998890,9.040455,F
251.745703,-20.997835,9.040601,F
251.748527,-20.997347,9.040810,F
251.753311,-21.002428,9.039297,F
251.751208,-21.002666,9.039181,F
251.756248,-21.000789,9.039871,F
251.751465,-21.002654,9.039190,F
251.751632,-21.002646,9.039195,F
251.745403,-21.001609,9.039403,F
251.755633,-21.001503,9.039633,F
251.755671,-20.999081,9.040400,F
251.745930,-21.001839,9.039341,F
251.744170,-21.000771,9.039644,F
251.745684,-21.001739,9.039367,F
251.756198,-21.000886,9.039839,F
251.744508,-20.998397,9.040401,F
251.752420,-20.997665,9.040785,F
251.748363,-20.997356,9.040804,F
251.754368,-21.002142,9.039407,F
251.756245,-20.999818,9.040178,F
251.752385,-21.002577,9.039232,F
251.746540,-20.997605,9.040690,F
251.750892,-21.002672,9.039173,F
251.753055,-20.997821,9.040747,F
251.749358,-21.002610,9.039163,F
251.751357,-20.997472,9.040825,F
251.754505,-21.002093,9.039425,F
251.756278,-21.000711,9.039896,F
251.749082,-20.997329,9.040826,F
251.756349,-21.000392,9.039998,F
251.745715,-21.001751,9.039364,F
251.746417,-20.997634,9.040679,F
251.746042,-20.997731,9.040641,F
251.752427,-21.002571,9.039234,F
251.744116,-21.000715,9.039661,F
251.744557,-21.001103,9.039547,F
251.753839,-20.998073,9.040683,F
251.753668,-21.002347,9.039329,F
251.752372,-21.002579,9.039231,F
251.745171,-21.001491,9.039436,F
251.743924,-21.000479,9.039732,F
251.748306,-21.002477,9.039185,F
251.746610,-20.997589,9.040697,F
251.748035,-21.002430,9.039195,F
251.747519,-21.002323,9.039218,F
251.756204,-20.999728,9.040205,F
251.743730,-21.000123,9.039841,F
251.755688,-20.999093,9.040396,F
251.746779,-20.997555,9.040711,F
251.745803,-20.997803,9.040613,F
251.754627,-20.998406,9.040593,F
251.744059,-21.000654,9.039679,F
251.745024,-20.998106,9.040503,F
251.756037,-21.001124,9.039761,F
251.745940,-20.997760,9.040630,F
251.754135,-21.002217,9.039379,F
251.746638,-20.997583,9.040699,F
251.750417,-21.002669,9.039165,F
251.752195,-20.997617,9.040795,F
251.744037,-21.000627,9.039687,F
251.755649,-21.001491,9.039638,F
251.756035,-20.999465,9.040285,F
251.751837,-20.997548,9.040810,F
251.755090,-20.998660,9.040521,F
251.756175,-21.000930,9.039825,F
251.755472,-20.998918,9.040447,F
251.751212,-21.002665,9.039181,F
251.743833,-20.999060,9.040179,F
251.744389,-20.998481,9.040372,F
251.744971,-21.001379,9.039468,F
251.749197,-21.002594,9.039165,F
251.755811,-20.999209,9.040362,F
251.754804,-20.998497,9.040568,F
251.756345,-21.000184,9.040064,F
251.749024,-20.997329,9.040825,F
251.744556,-21.001106,9.039546,F
251.753248,-21.002440,9.039292,F
251.756324,-21.000572,9.039941,F
251.745930,-20.997763,9.040629,F
251.752741,-21.002527,9.039254,F
251.753605,-20.997990,9.040705,F
251.752285,-20.997635,9.040791,F
251.752580,-20.997700,9.040776,F
251.744606,-20.998335,9.040422,F
251.750128,-21.002660,9.039162,F
251.743664,-20.999876,9.039917,F
251.753120,-21.002464,9.039281,F
251.756339,-21.000493,9.039966,F
251.743707,-20.999325,9.040092,F
251.755354,-20.998831,9.040472,F
251.746915,-21.002171,9.039255,F
251.753355,-20.997908,9.040726,F
251.755497,-20.998935,9.040442,F
251.748573,-21.002518,9.039177,F
251.751655,-20.997518,9.040816,F
251.750432,-20.997373,9.040839,F
251.750235,-21.002664,9.039163,F
251.753302,-21.002430,9.039296,F
251.743647,-20.999776,9.039949,F
251.745757,-20.997817,9.040608,F
251.750359,-21.002667,9.039164,F
251.748671,-20.997339,9.040815,F
251.744533,-21.001087,9.039551,F
251.746307,-20.997660,9.040669,F
251.743657,-20.999554,9.040019,F
251.747300,-20.997465,9.040749,F
251.746258,-20.997672,9.040664,F
251.745673,-20.997846,9.040598,F
251.745124,-20.998061,9.040519,F
251.743665,-20.999904,9.039909,F
251.755345,-21.001694,9.039567,F
251.755799,-21.001369,9.039679,F
251.749921,-20.997341,9.040839,F
251.743909,-20.998949,9.040215,F
251.743746,-21.000165,9.039828,F
251.753647,-21.002353,9.039327,F
251.756350,-21.000412,9.039992,F
251.755701,-20.999106,9.040392,F
251.745497,-20.997908,9.040574,F
251.747643,-20.997421,9.040770,F
251.744649,-21.001172,9.039527,F
251.755225,-21.001766,9.039543,F
251.753108,-21.002466,9.039280,F
251.744548,-20.998370,9.040410,F
251.753744,-20.998039,9.040692,F
251.747376,-20.997454,9.040754,F
251.756212,-21.000863,9.039847,F
251.752877,-20.997773,9.040759,F
251.752044,-21.002614,9.039214,F
251.755158,-21.001803,9.039530,F
