auth-key-required	lasair_ztf_alerts_north	https://lasair-ztf.lsst.ac.uk/api/cone/?ra=180.0&dec=30.0&radius=10.0&requestedColumns=objectId,ramean,decmean,gmag,rmag,classification&token=
auth-key-required	lasair_ztf_alerts_south	https://lasair-ztf.lsst.ac.uk/api/cone/?ra=60.0&dec=-30.0&radius=10.0&requestedColumns=objectId,ramean,decmean,gmag,rmag,classification&token=
auth-key-required	movebank_public_animal_tracking_studies	https://www.movebank.org/movebank/service/direct-read?entity_type=study&format=json&i_have_download_access=true&license_terms_accepted=true
auth-key-required	movebank_white_stork_migration	https://www.movebank.org/movebank/service/direct-read?entity_type=event&study_id=1099562&format=json&sensor_type_id=653&limit=1000
auth-key-required	nasa_ads_astrophysics_recent_publications	https://api.adsabs.harvard.edu/v1/search/query?q=arxiv_class:astro-ph.HE+AND+pubdate:{year}-{month}&fl=bibcode,title,author,ra,dec,object,abstract,pubdate&rows=200&sort=date+desc&format=json
auth-key-required	onc_observatory_stations	https://data.oceannetworks.ca/api/locations?method=getTree&token=&locationCode=&includeChildren=Y&deviceCategoryCode=CTD
auth-key-required	openaq_no2_global	https://api.openaq.org/v3/measurements?parameter_id=7&limit=1000&date_from={today}T00:00:00Z&date_to={today}T23:59:59Z&order_by=datetime&sort_order=desc
auth-key-required	openaq_o3_global	https://api.openaq.org/v3/measurements?parameter_id=3&limit=1000&date_from={today}T00:00:00Z&date_to={today}T23:59:59Z&order_by=datetime&sort_order=desc
auth-key-required	openaq_pm25_global	https://api.openaq.org/v3/measurements?parameter_id=2&limit=1000&date_from={today}T00:00:00Z&date_to={today}T23:59:59Z&order_by=datetime&sort_order=desc
auth-key-required	openaq_stations_global	https://api.openaq.org/v3/locations?limit=2000&order_by=lastUpdated&sort_order=desc&is_active=true
auth-key-required	opentopography_copernicus_dem30_elevation	https://portal.opentopography.org/API/globaldem?demtype=COP30&south={lat_min}&north={lat_max}&west={lon_min}&east={lon_max}&outputFormat=JSON&API_Key=demoapikeyot
auth-key-required	rubin_dp02_forced_source_lightcurves	https://data.lsst.cloud/api/tap/sync?REQUEST=doQuery&LANG=ADQL&FORMAT=csv&QUERY=SELECT+TOP+2000+objectId,sourceId,ccdVisitId,band,forcedPsfFlux,forcedPsfFluxErr,psfFlux,psfFluxErr,midPointTai+FROM+dp02_dc2_catalogs.ForcedSource+WHERE+objectId%3D1249537790362809730+ORDER+BY+midPointTai+ASC
auth-key-required	rubin_dp02_object_catalog_galaxies	https://data.lsst.cloud/api/tap/sync?REQUEST=doQuery&LANG=ADQL&FORMAT=csv&QUERY=SELECT+TOP+3000+objectId,coord_ra,coord_dec,g_psfFlux,r_psfFlux,i_psfFlux,z_psfFlux,extendedness,photoz_mode_1+FROM+dp02_dc2_catalogs.Object+WHERE+coord_ra+BETWEEN+55+AND+57+AND+coord_dec+BETWEEN+-32+AND+-30+AND+extendedness>0.5+ORDER+BY+r_psfFlux+DESC
auth-key-required	rubin_dp03_solar_system_objects	https://data.lsst.cloud/api/tap/sync?REQUEST=doQuery&LANG=ADQL&FORMAT=csv&QUERY=SELECT+TOP+3000+ssObjectId,mpcDesignation,nObs,arc,ra,dec,heliocentricDist,topocentricDist,phaseAngle,H,G12,trailedSourceMag+FROM+dp03_catalogs.SSObject+WHERE+H+IS+NOT+NULL+AND+H<22+ORDER+BY+H+ASC
auth-key-required	sios_svalbard_metadata	https://sios-svalbard.org/metsis/api/datasets?format=json&limit=200&subject=atmosphere
auth-key-required	tns_transient_name_server_recent	https://www.wis-tns.org/api/get/search?api_key=&ra=&dec=&radius=&units=arcsec&objtype=3,4,50&type=JSON&format=json&internal_name=&unclassified_at=1&classified_sne=0&include_frb=0&date_end={today}&num_page=50
auth-key-required	ucar_cosmic2_l3_monthly_temperature_grid	https://cdaac-www.cosmic.ucar.edu/cdaac/rest/users/catalog/cosmic2/{year}/climtempL3/temp_{year}_{month}.nc.json
auth-key-required	ucar_cosmic2_ro_temperature_profiles	https://cdaac-www.cosmic.ucar.edu/cdaac/rest/users/catalog/cosmic2/{year}/{day}/atmPrf/profile_list.json
bad-params	cneos_nasa_fireball_bolide_reports	https://ssd-api.jpl.nasa.gov/fireball.api?limit=200&date-min={year}-01-01&sort=date&order=desc
bad-params	emsc_seismicportal_events	https://www.seismicportal.eu/fdsnws/event/1/query?format=geojson&minmagnitude=2.0&limit=500&orderby=time
bad-params	esa_swarm_magnetic_field_hapi	https://vires.services/hapi/data?dataset=SW_OPER_MAGA_LR_1B&parameters=Latitude,Longitude,Radius,F,B_NEC&start={today}T00:00:00.000Z&stop={today}T01:00:00.000Z&format=csv
bad-params	esa_worldcover_stac	https://services.terrascope.be/catalogue/products?collection=urn:eop:VITO:ESA_WorldCover_10m_2021_V2&bbox=-180,-60,180,60&format=json&limit=100
bad-params	eso_tapcat_4most_survey_observations	https://archive.eso.org/tap_cat/sync?REQUEST=doQuery&LANG=ADQL&FORMAT=csv&QUERY=SELECT+TOP+1000+target_name,ra,dec,instrument,filter,exp_time,band,snr,prog_id+FROM+ivoa.ObsCore+WHERE+instrument_name+LIKE+'4MOST%25'+AND+dataproduct_type%3D'spectrum'+AND+calib_level%3D3+ORDER+BY+t_min+DESC
bad-params	eso_tapcat_vhs_dr6_near_infrared	https://archive.eso.org/tap_cat/sync?REQUEST=doQuery&LANG=ADQL&FORMAT=csv&QUERY=SELECT+TOP+3000+ID,RAJ2000,DEJ2000,J_FLUX_DEFAULT,H_FLUX_DEFAULT,Ks_FLUX_DEFAULT,J_AB,Ks_AB,class_flag+FROM+VHS.main+WHERE+RAJ2000+IS+NOT+NULL+AND+Ks_AB<16+ORDER+BY+Ks_AB+ASC
bad-params	eso_tapcat_vista_viking_photometry	https://archive.eso.org/tap_cat/sync?REQUEST=doQuery&LANG=ADQL&FORMAT=csv&QUERY=SELECT+TOP+3000+ID,RAJ2000,DEJ2000,Z_FLUX,Y_FLUX,J_FLUX,H_FLUX,Ks_FLUX,Z_AB,J_AB,Ks_AB+FROM+VIKING.main+WHERE+RAJ2000+IS+NOT+NULL+AND+Ks_AB<18+ORDER+BY+Ks_AB+ASC
bad-params	gcn_icecube_neutrino_alerts	https://gcn.nasa.gov/api/circulars?subject=IceCube&limit=100
bad-params	geonet_gnss_stations	https://api.geonet.org.nz/gnss/1.0.2/site
bad-params	geonet_nz_dart_buoys	https://api.geonet.org.nz/tsunami/dart
bad-params	geonet_nz_gnss_network	https://api.geonet.org.nz/sensor/type/cgps
bad-params	geonet_nz_strong_motion_sensors	https://api.geonet.org.nz/sensor/type/strong
bad-params	geonet_nz_tsunami_observations	https://api.geonet.org.nz/tsunami/observation
bad-params	geonet_nz_volcano_alerts	https://api.geonet.org.nz/volcano/alert/level
bad-params	geonet_strong_motion_sites	https://api.geonet.org.nz/strong-motion/site
bad-params	gfz_potsdam_earthquakes	https://geofon.gfz-potsdam.de/fdsnws/event/1/query?format=geojson&minmagnitude=1.0&limit=500&orderby=time&starttime={today}T00:00:00
bad-params	global_forest_watch_tree_cover_loss	https://data-api.globalforestwatch.org/dataset/umd_tree_cover_loss/latest/query?format=json&sql=SELECT+latitude,longitude,year,area__ha,relative_humidity_weight+FROM+umd_tree_cover_loss+WHERE+year>{year}&geostore_id=&limit=500
bad-params	icos_carbon_portal_co2_station_data	https://meta.icos-cp.eu/sparql?format=json&query=SELECT+?s+?name+?lat+?lon+?alt+?country+?stType+WHERE{?s+a+<http://meta.icos-cp.eu/ontologies/cpmeta/ES>+;+<http://www.w3.org/2000/01/rdf-schema#label>+?name+;+<http://meta.icos-cp.eu/ontologies/cpmeta/hasLatitude>+?lat+;+<http://meta.icos-cp.eu/ontologies/cpmeta/hasLongitude>+?lon+;+<http://meta.icos-cp.eu/ontologies/cpmeta/hasCountry>+?country+}+LIMIT+200
bad-params	icos_fluxnet_tower_stations	https://meta.icos-cp.eu/sparql?format=json&query=SELECT+?uri+?name+?lat+?lon+?alt+?country+?ecosys+WHERE+{?uri+a+<http://meta.icos-cp.eu/ontologies/cpmeta/ES>+;+<http://www.w3.org/2000/01/rdf-schema#label>+?name+;+<http://meta.icos-cp.eu/ontologies/cpmeta/hasLatitude>+?lat+;+<http://meta.icos-cp.eu/ontologies/cpmeta/hasLongitude>+?lon+}
bad-params	intermagnet_geomagnetic_observatories	https://imag-data.bgs.ac.uk/GIN_V1/GINServices?Request=GetObservatoryList&format=json
bad-params	intermagnet_niemegk_realtime	https://imag-data.bgs.ac.uk/GIN_V1/GINServices?Request=GetData&observatoryIagaCode=NGK&dataStartDate={today}T00:00:00&dataDuration=P1D&elements=X,Y,Z,F&publicationState=adjusted&format=json
bad-params	iris_fdsn_obs_ocean_bottom_stations	https://service.iris.edu/fdsnws/station/1/query?level=station&format=text&minlatitude=-90&maxlatitude=90&minlongitude=-180&maxlongitude=180&startbefore={today}&includerestricted=false&channel=BH*&minlatitude=-60&sensortype=broadband
bad-params	jpl_sbdb_didymos_dart_target	https://ssd-api.jpl.nasa.gov/sbdb.api?sstr=65803&full_prec=1&format=json&phys-par=Y
bad-params	jpl_sbdb_distant_objects_tno	https://ssd-api.jpl.nasa.gov/sbdb_query.api?fields=full_name,a,e,i,om,w,ma,epoch,H,class,diameter&sb-cdata=%7B%22AND%22%3A%5B%22a%7CGT%7C30%22%2C%22e%7CLT%7C1%22%5D%7D&sb-kind=a&limit=500&sb-class=TNO,SDO,CEN&full_prec=Y
bad-params	jpl_sbdb_kbo_extended_sample	https://ssd-api.jpl.nasa.gov/sbdb_query.api?fields=full_name,a,e,i,om,w,ma,epoch,H,class&sb-cdata=%7B%22AND%22%3A%5B%22a%7CGT%7C30%22%2C%22a%7CLT%7C200%22%2C%22e%7CLT%7C0.9%22%5D%7D&sb-kind=a&limit=1000&sb-class=KBO,SDO,RES&full_prec=Y&format=json
bad-params	jpl_sbdb_nea_close_approach_future	https://ssd-api.jpl.nasa.gov/cad.api?date-min={today}&date-max=2030-01-01&dist-max=0.05&h-max=25&fullname=1&format=json
bad-params	jpl_sbdb_neos	https://ssd-api.jpl.nasa.gov/sbdb_query.api?fields=full_name,epoch,H,diameter,albedo,class,neo&sb-class=APO,AMO,ATE,IEO&sb-kind=a&limit=5000&limit-from=0&sort=H&order=asc
bad-params	mast_hsc_ssp_deep_roman_prep_catalog	https://mast.stsci.edu/vo-tap/api/v0.1/caom/sync?LANG=ADQL&FORMAT=csv&QUERY=SELECT+TOP+3000+observationID,target_name,s_ra,s_dec,t_exptime,instrument_name,energy_bandpassName,em_min,em_max+FROM+caom2.Observation+WHERE+collection%3D'HSC'+AND+dataRights%3D'PUBLIC'+AND+calib_level%3D3+AND+instrument_name+LIKE+'HSC%25'+ORDER+BY+t_exptime+DESC
bad-params	mast_hst_cos_igm_metal_absorber_survey	https://mast.stsci.edu/vo-tap/api/v0.1/caom/sync?LANG=ADQL&FORMAT=csv&QUERY=SELECT+TOP+500+observationID,target_name,s_ra,s_dec,t_exptime,instrument_name,energy_bandpassName,em_min,em_max+FROM+caom2.Observation+WHERE+collection%3D'HST'+AND+dataRights%3D'PUBLIC'+AND+calib_level%3D3+AND+instrument_name%3D'COS%2FNUV'+ORDER+BY+t_exptime+DESC
bad-params	mast_hst_public_observations	https://mast.stsci.edu/vo-tap/api/v0.1/caom/sync?LANG=ADQL&FORMAT=csv&QUERY=SELECT+TOP+3000+observationID,target_name,s_ra,s_dec,t_exptime,instrument_name,energy_bandpassName,em_min,em_max+FROM+caom2.Observation+WHERE+collection%3D'HST'+AND+dataRights%3D'PUBLIC'+AND+calib_level%3D3+AND+t_exptime%3E3600+ORDER+BY+t_exptime+DESC
bad-params	mast_jwst_cosmosweb_nircam_mosaic	https://mast.stsci.edu/vo-tap/api/v0.1/caom/sync?LANG=ADQL&FORMAT=csv&QUERY=SELECT+TOP+500+observationID,target_name,s_ra,s_dec,t_exptime,instrument_name,energy_bandpassName,em_min,em_max+FROM+caom2.Observation+WHERE+collection%3D'JWST'+AND+dataRights%3D'PUBLIC'+AND+calib_level%3D3+AND+proposal_id%3D'1727'+ORDER+BY+t_exptime+DESC
bad-params	mast_jwst_jades_nirspec_spectroscopy	https://mast.stsci.edu/vo-tap/api/v0.1/caom/sync?LANG=ADQL&FORMAT=csv&QUERY=SELECT+TOP+500+observationID,target_name,s_ra,s_dec,t_exptime,instrument_name,energy_bandpassName,em_min,em_max+FROM+caom2.Observation+WHERE+collection%3D'JWST'+AND+dataRights%3D'PUBLIC'+AND+calib_level%3D3+AND+instrument_name+LIKE+'NIRSPEC%25'+AND+(proposal_id%3D'1180'+OR+proposal_id%3D'1286')+ORDER+BY+t_exptime+DESC
bad-params	mast_jwst_miri_ceers_deep_field	https://mast.stsci.edu/vo-tap/api/v0.1/caom/sync?LANG=ADQL&FORMAT=csv&QUERY=SELECT+TOP+500+observationID,target_name,s_ra,s_dec,t_exptime,instrument_name,energy_bandpassName,em_min,em_max,t_min+FROM+caom2.Observation+WHERE+collection%3D'JWST'+AND+dataRights%3D'PUBLIC'+AND+calib_level%3D3+AND+instrument_name+LIKE+'MIRI%25'+AND+proposal_id%3D'1345'+ORDER+BY+t_exptime+DESC
bad-params	mast_jwst_miri_public	https://mast.stsci.edu/vo-tap/api/v0.1/caom/sync?LANG=ADQL&FORMAT=csv&QUERY=SELECT+TOP+2000+observationID,target_name,s_ra,s_dec,t_exptime,instrument_name,energy_bandpassName,em_min,em_max,t_min+FROM+caom2.Observation+WHERE+collection%3D'JWST'+AND+dataRights%3D'PUBLIC'+AND+calib_level%3D3+AND+instrument_name+LIKE+'MIRI%25'+ORDER+BY+t_min+DESC
bad-params	mast_jwst_nircam_public	https://mast.stsci.edu/vo-tap/api/v0.1/caom/sync?LANG=ADQL&FORMAT=csv&QUERY=SELECT+TOP+2000+observationID,target_name,s_ra,s_dec,t_exptime,instrument_name,energy_bandpassName,em_min,em_max,t_min+FROM+caom2.Observation+WHERE+collection%3D'JWST'+AND+dataRights%3D'PUBLIC'+AND+calib_level%3D3+AND+instrument_name+LIKE+'NIRCAM%25'+ORDER+BY+t_min+DESC
bad-params	mast_jwst_niriss_soss_transits	https://mast.stsci.edu/vo-tap/api/v0.1/caom/sync?LANG=ADQL&FORMAT=csv&QUERY=SELECT+TOP+500+observationID,target_name,s_ra,s_dec,t_exptime,instrument_name,energy_bandpassName,em_min,em_max+FROM+caom2.Observation+WHERE+collection%3D'JWST'+AND+dataRights%3D'PUBLIC'+AND+calib_level%3D3+AND+instrument_name+LIKE+'NIRISS%25'+ORDER+BY+t_exptime+DESC
bad-params	mast_jwst_nirspec_exoplanet_atmospheres	https://mast.stsci.edu/vo-tap/api/v0.1/caom/sync?LANG=ADQL&FORMAT=csv&QUERY=SELECT+TOP+500+observationID,target_name,s_ra,s_dec,t_exptime,instrument_name,energy_bandpassName,em_min,em_max,t_min+FROM+caom2.Observation+WHERE+collection%3D'JWST'+AND+dataRights%3D'PUBLIC'+AND+calib_level%3D3+AND+instrument_name+LIKE+'NIRSPEC%25'+AND+(target_name+LIKE+'%25b%25'+OR+target_name+LIKE+'%25HOT%25'+OR+target_name+LIKE+'%25TRAPPIST%25')+ORDER+BY+t_min+DESC
bad-params	mast_jwst_nirspec_public	https://mast.stsci.edu/vo-tap/api/v0.1/caom/sync?LANG=ADQL&FORMAT=csv&QUERY=SELECT+TOP+2000+observationID,target_name,s_ra,s_dec,t_exptime,instrument_name,energy_bandpassName,em_min,em_max,t_min+FROM+caom2.Observation+WHERE+collection%3D'JWST'+AND+dataRights%3D'PUBLIC'+AND+calib_level%3D3+AND+instrument_name+LIKE+'NIRSPEC%25'+ORDER+BY+t_min+DESC
bad-params	mast_kepler_k2_legacy	https://mast.stsci.edu/vo-tap/api/v0.1/caom/sync?LANG=ADQL&FORMAT=csv&QUERY=SELECT+TOP+3000+observationID,target_name,s_ra,s_dec,t_exptime,instrument_name,t_min,t_max+FROM+caom2.Observation+WHERE+collection+IN+('Kepler','K2')+AND+dataRights%3D'PUBLIC'+AND+calib_level%3D2+ORDER+BY+t_min+DESC
bad-params	mast_tess_observations_public	https://mast.stsci.edu/vo-tap/api/v0.1/caom/sync?LANG=ADQL&FORMAT=csv&QUERY=SELECT+TOP+3000+observationID,target_name,s_ra,s_dec,t_exptime,instrument_name,t_min,t_max+FROM+caom2.Observation+WHERE+collection%3D'TESS'+AND+dataRights%3D'PUBLIC'+AND+calib_level%3D2+ORDER+BY+t_min+DESC
bad-params	nasa_calipso_caliop_l3_aerosol_profiles	https://opendap.earthdata.nasa.gov/providers/GES_DISC/collections/CAL_LID_L3_APro_AllSky-Standard-V4-21/granules?temporal[]={year}-{month}-01T00:00:00Z,{year}-{month}-28T23:59:59Z&format=json&limit=50
bad-params	nasa_exoplanet_toi	https://exoplanetarchive.ipac.caltech.edu/TAP/sync?LANG=ADQL&FORMAT=json&QUERY=SELECT+toi,ra,dec,sy_dist,pl_orbper,pl_rade,tfopwg_disp+FROM+toi+WHERE+ra+IS+NOT+NULL+AND+tfopwg_disp+IN+('PC','KP','CP')+ORDER+BY+sy_dist+ASC
bad-params	nasa_firms_global_fire_count_summary	https://firms.modaps.eosdis.nasa.gov/api/country/csv/{nasa_key}/VIIRS_SNPP_NRT/{today}
bad-params	nasa_firms_viirs_global	https://firms.modaps.eosdis.nasa.gov/api/area/csv/DEMO_KEY/VIIRS_SNPP_NRT/World/1/{today}
bad-params	nasa_firms_viirs_noaa20_active_fire	https://firms.modaps.eosdis.nasa.gov/api/area/csv/{nasa_key}/VIIRS_NOAA20_NRT/{lat_min},{lon_min},{lat_max},{lon_max}/1/{today}
bad-params	nasa_firms_viirs_snpp_active_fire	https://firms.modaps.eosdis.nasa.gov/api/area/csv/{nasa_key}/VIIRS_SNPP_NRT/{lat_min},{lon_min},{lat_max},{lon_max}/1/{today}
bad-params	nasa_laads_modis_active_fire_c6	https://firms.modaps.eosdis.nasa.gov/api/area/csv/{nasa_key}/MODIS_NRT/{lat_min},{lon_min},{lat_max},{lon_max}/1/{today}
bad-params	nasa_sage3_iss_aerosol_profiles	https://opendap.earthdata.nasa.gov/providers/GES_DISC/collections/SAGE3_ISS_L2_SOLAR_V5.2/granules?format=json&temporal[]={today}T00:00:00Z,{today}T23:59:59Z
bad-params	noaa_asos_surface_wind_observations	https://api.weather.gov/stations?state=CA,TX,NY&limit=500&cursor=&format=json
bad-params	noaa_awc_pireps_turbulence	https://aviationweather.gov/api/data/pirep?format=json&age=2&type=turb&loc={lat},{lon}&distance=500
bad-params	noaa_cdr_ecv_soil_moisture_timeseries	https://www.ncei.noaa.gov/access/services/data/v1?dataset=global-land-surface-soil-moisture&dataTypes=surface_soil_moisture&startDate={today}&endDate={today}&stations=GLOBAL&format=json&limit=1000
bad-params	noaa_cdr_land_surface_temperature_avhrr	https://www.ncei.noaa.gov/access/services/data/v1?dataset=land-surface-temperature&dataTypes=LST_MEAN,LST_MAX,LST_MIN&startDate={today}&endDate={today}&bbox={lon_min},{lat_min},{lon_max},{lat_max}&format=json&limit=500
bad-params	noaa_crw_baa_erddap_tropics	https://coastwatch.noaa.gov/erddap/griddap/noaacrwbaa7dDaily.csv?bleaching_alert_area%5Blast%5D%5B-30:10:30%5D%5B-180:10:180%5D
bad-params	noaa_ghcnd_global_daily	https://www.ncei.noaa.gov/access/services/data/v1?dataset=daily-summaries&dataTypes=TMAX,TMIN,PRCP,SNOW,SNWD&startDate={today}&endDate={today}&includeAttributes=false&format=json&limit=10000
bad-params	noaa_gsod_global_daily_weather_today	https://www.ncei.noaa.gov/access/services/data/v1?dataset=global-summary-of-the-day&dataTypes=TEMP,MAX,MIN,PRCP,WDSP,SLP,VISIB,GUST&startDate={today}&endDate={today}&bbox=-90,-180,90,180&limit=500&format=json
bad-params	noaa_isd_central_asia_daily	https://www.ncei.noaa.gov/access/services/data/v1?dataset=global-summary-of-the-day&dataTypes=TEMP,DEWP,WDSP,PRCP,SLP&countries=UZ,TX,KG,TI&startDate={today}&endDate={today}&includeAttributes=false&format=json
bad-params	noaa_isd_china_daily	https://www.ncei.noaa.gov/access/services/data/v1?dataset=global-summary-of-the-day&dataTypes=TEMP,DEWP,WDSP,PRCP,SLP,MAX,MIN&countries=CH&startDate={today}&endDate={today}&includeAttributes=false&format=json
bad-params	noaa_isd_east_africa_daily	https://www.ncei.noaa.gov/access/services/data/v1?dataset=global-summary-of-the-day&dataTypes=TEMP,DEWP,WDSP,PRCP&countries=CG,TZ,KE,UG&startDate={today}&endDate={today}&includeAttributes=false&format=json
bad-params	noaa_isd_ethiopia_daily	https://www.ncei.noaa.gov/access/services/data/v1?dataset=global-summary-of-the-day&dataTypes=TEMP,DEWP,WDSP,PRCP,SLP&countries=ET&startDate={today}&endDate={today}&includeAttributes=false&format=json
bad-params	noaa_isd_kazakhstan_daily	https://www.ncei.noaa.gov/access/services/data/v1?dataset=global-summary-of-the-day&dataTypes=TEMP,DEWP,WDSP,PRCP,SLP&countries=KZ&startDate={today}&endDate={today}&includeAttributes=false&format=json
bad-params	noaa_isd_mozambique_daily	https://www.ncei.noaa.gov/access/services/data/v1?dataset=global-summary-of-the-day&dataTypes=TEMP,DEWP,WDSP,PRCP,SLP&countries=MZ&startDate={today}&endDate={today}&includeAttributes=false&format=json
bad-params	noaa_isd_russia_daily	https://www.ncei.noaa.gov/access/services/data/v1?dataset=global-summary-of-the-day&dataTypes=TEMP,DEWP,SLP,WDSP,PRCP&countries=RS&startDate={today}&endDate={today}&includeAttributes=false&format=json
bad-params	noaa_isd_south_africa_daily	https://www.ncei.noaa.gov/access/services/data/v1?dataset=global-summary-of-the-day&dataTypes=TEMP,DEWP,WDSP,PRCP,SLP,MAX,MIN&countries=SF&startDate={today}&endDate={today}&includeAttributes=false&format=json
bad-params	noaa_isd_west_africa_daily	https://www.ncei.noaa.gov/access/services/data/v1?dataset=global-summary-of-the-day&dataTypes=TEMP,DEWP,WDSP,PRCP&countries=NI,GH,SG,IV&startDate={today}&endDate={today}&includeAttributes=false&format=json
bad-params	noaa_ncei_climate_extremes_monthly	https://www.ncei.noaa.gov/access/services/data/v1?dataset=global-summary-of-the-month&dataTypes=TMAX,TMIN,PRCP,TAVG&startDate={year}-{month}-01&endDate={year}-{month}-{day}&includeAttributes=false&format=json&limit=5000
bad-params	noaa_ncei_icoads_marine_surface_meteorology	https://www.ncei.noaa.gov/access/services/data/v1?dataset=icoads-daily&dataTypes=SST,WSPD,AT,SLP&startDate={today}&endDate={today}&bbox={lon_min},{lat_min},{lon_max},{lat_max}&limit=500&format=json
bad-params	noaa_ncei_vessel_traffic_density	https://www.ncei.noaa.gov/access/services/data/v1?dataset=vessel-traffic-density&dataTypes=DENSITY&startDate={year}-{month}-01&endDate={year}-{month}-{day}&bbox={lon_min},{lat_min},{lon_max},{lat_max}&format=json&limit=500
bad-params	noaa_ncei_vic_soil_moisture_climatology	https://www.ncei.noaa.gov/access/services/data/v1?dataset=gld-daily&dataTypes=SOILM_0-10cm,SOILM_10-40cm,SOILM_40-100cm,SOILM_100-200cm&startDate={today}&endDate={today}&bbox={lon_min},{lat_min},{lon_max},{lat_max}&format=json&limit=500
bad-params	noaa_ncei_winter_snowfall_records_usa	https://www.ncei.noaa.gov/access/services/data/v1?dataset=daily-summaries&dataTypes=SNOW,SNWD&startDate={year}-11-01&endDate={today}&bbox=25,-125,50,-65&limit=500&format=json
bad-params	noaa_paleo_enso_millennium_reconstruction	https://www.ncei.noaa.gov/paleo-search/study/search.json?dataPublisher=NOAA&keyword=ENSO+reconstruction+millennium&dataTypeId=31&format=json&limit=100
bad-params	noaa_paleo_eocene_oligocene_transition	https://www.ncei.noaa.gov/paleo-search/study/search.json?dataPublisher=NOAA&dataTypeId=31&keyword=Eocene+Oligocene+transition+benthic&format=json&limit=100
bad-params	noaa_paleo_epica_dome_c_co2	https://www.ncei.noaa.gov/paleo-search/study/search.json?dataPublisher=NOAA&dataTypeId=31&keyword=EPICA+Dome+C&format=json
bad-params	noaa_paleo_lr04_benthic_d18o_stack	https://www.ncei.noaa.gov/paleo-search/study/search.json?dataPublisher=NOAA&keyword=LR04+benthic&dataTypeId=31&format=json
bad-params	noaa_paleo_organic_carbon_flux_proxy	https://www.ncei.noaa.gov/paleo-search/study/search.json?dataPublisher=NOAA&dataTypeId=31&keyword=organic+carbon+export+production&format=json&limit=100
bad-params	noaa_paleo_vostok_ice_core	https://www.ncei.noaa.gov/paleo-search/study/search.json?dataPublisher=NOAA&dataTypeId=31&keyword=Vostok+ice+core&format=json
bad-params	noaa_paleo_wais_divide_ice_core	https://www.ncei.noaa.gov/paleo-search/study/search.json?dataPublisher=NOAA&dataTypeId=31&keyword=WAIS+Divide&format=json
bad-params	noaa_radiosonde_upper_air_profiles	https://www.ncei.noaa.gov/access/services/data/v1?dataset=global-radiosonde&dataTypes=HGHT,TEMP,UWND,VWND,DWPD,PRES&stations=48698,10868,89571,89009&startDate={today}&endDate={today}&format=json
bad-params	noaa_storm_events_hail	https://www.ncdc.noaa.gov/stormevents/csv?eventType=%28Z%29+Hail&beginDate_mm={month}&beginDate_dd=01&beginDate_yyyy={year}&endDate_mm={month}&endDate_dd={day}&endDate_yyyy={year}&hailsize=1.00&State=&statetype=C&country=US&formatType=CSV&timeout=10&maxresults=5000
bad-params	noaa_storm_events_lightning	https://www.ncdc.noaa.gov/stormevents/csv?eventType=%28Z%29+Lightning&beginDate_mm={month}&beginDate_dd={day}&beginDate_yyyy={year}&endDate_mm={month}&endDate_dd={day}&endDate_yyyy={year}&hailsize=&windspeed=&State=&statetype=C&country=US&region=&countyorzone=&datum=&lat=&lon=&radius=&formatType=CSV&timeout=10&maxresults=10000
bad-params	noaa_storm_events_significant_monthly	https://www.ncdc.noaa.gov/stormevents/csv?eventType=ALL&beginDate_mm={month}&beginDate_dd=01&beginDate_yyyy={year}&endDate_mm={month}&endDate_dd={day}&endDate_yyyy={year}&hailsize=&windspeed=58&State=&statetype=C&country=US&formatType=CSV&timeout=10&maxresults=10000
bad-params	noaa_storm_events_tornadoes	https://www.ncdc.noaa.gov/stormevents/csv?eventType=%28Z%29+Tornado&beginDate_mm={month}&beginDate_dd=01&beginDate_yyyy={year}&endDate_mm={month}&endDate_dd={day}&endDate_yyyy={year}&hailsize=&windspeed=&State=&statetype=C&country=US&region=&countyorzone=&datum=&lat=&lon=&radius=&formatType=CSV&timeout=10&maxresults=5000
bad-params	open_meteo_access_g_australia	https://api.open-meteo.com/v1/forecast?latitude={lat}&longitude={lon}&hourly=temperature_2m,precipitation,windspeed_10m,uv_index&models=access_global&forecast_days=7&format=json
bad-params	open_meteo_arctic_surface	https://api.open-meteo.com/v1/forecast?latitude=80.0&longitude=0.0&hourly=temperature_2m,snowfall,snow_depth,frozen_precipitation_percent,wind_speed_10m&models=icon_seamless&forecast_days=3&format=json
bad-params	open_meteo_arpae_cosmo5m	https://api.open-meteo.com/v1/forecast?latitude={lat}&longitude={lon}&hourly=temperature_2m,precipitation,windspeed_10m&models=arpae_cosmo_5m&forecast_days=3&format=json
bad-params	open_meteo_fire_weather_index_global	https://api.open-meteo.com/v1/forecast?latitude={lat}&longitude={lon}&daily=fire_danger_index,wind_speed_10m_max,temperature_2m_max,precipitation_sum,relative_humidity_2m_min&models=era5_seamless&forecast_days=7&format=json
bad-params	open_meteo_gem_canada	https://api.open-meteo.com/v1/forecast?latitude={lat}&longitude={lon}&hourly=temperature_2m,snow_depth,freezinglevel_height,precipitation&models=gem&forecast_days=7&format=json
bad-params	open_meteo_gfs_pressure_levels	https://api.open-meteo.com/v1/forecast?latitude={lat}&longitude={lon}&hourly=temperature_500hPa,temperature_700hPa,temperature_850hPa,geopotential_height_500hPa&models=gfs&forecast_days=5&format=json
bad-params	open_meteo_snow_permafrost_proxy	https://api.open-meteo.com/v1/forecast?latitude={lat}&longitude={lon}&hourly=snow_depth,frozen_soil_0_to_7cm,frozen_soil_7_to_28cm,soil_temperature_0cm,soil_temperature_6cm&forecast_days=7&format=json
bad-params	open_meteo_vegetation_proxy	https://api.open-meteo.com/v1/forecast?latitude={lat}&longitude={lon}&daily=et0_fao_evapotranspiration,vapor_pressure_deficit,growing_degree_days_base_0_limit_50&models=era5_seamless&forecast_days=1&format=json
bad-params	pvgis_jrc_solar_irradiance	https://re.jrc.ec.europa.eu/api/v5_2/seriescalc?lat={lat}&lon={lon}&raddatabase=PVGIS-CMSAF&startyear=2023&endyear=2023&pvcalculation=0&pvtechchoice=crystSi&mountingplace=free&optimalangles=1&outputformat=json
bad-params	usgs_nwis_groundwater_percentile	https://waterservices.usgs.gov/nwis/stat/?parameterCd=72019&statReportType=daily&statType=median&siteType=GW&siteStatus=active&format=rdb
bad-params	usgs_nwis_groundwater_usa	https://waterservices.usgs.gov/nwis/iv/?parameterCd=72019&statCd=00001&siteType=GW&siteStatus=active&period=PT24H&format=json
bad-params	usgs_nwis_streamflow_realtime	https://waterservices.usgs.gov/nwis/iv/?format=json&parameterCd=00060&siteStatus=active&modifiedSince=PT1H&bbox=-125,24,-66,50&siteType=ST
bad-params	usgs_nwis_streamflow_usa	https://waterservices.usgs.gov/nwis/iv/?parameterCd=00060&statCd=00001&siteType=ST&siteStatus=active&period=PT1H&format=json
bad-params	usgs_nwis_water_quality_realtime	https://waterservices.usgs.gov/nwis/iv/?format=json&parameterCd=00400,00095,00300,63680&siteStatus=active&modifiedSince=PT1H&bbox=-125,24,-66,50&siteType=ST
bad-params	usgs_nwis_water_temperature_realtime	https://waterservices.usgs.gov/nwis/iv/?format=json&parameterCd=00010&siteStatus=active&modifiedSince=PT1H&bbox=-125,24,-66,50&siteType=ST,LK
endpoint-gone	aavso_alert_notices_recent	https://www.aavso.org/api/v2/alerts/?format=json&limit=100&ordering=-created
endpoint-gone	aavso_recent_observations_24h	https://www.aavso.org/api/v2/observations/?format=json&limit=500&obstype=vis,ccd&date_obs__gte={today}T00:00:00
endpoint-gone	aim_sofie_mesosphere_temperature	https://lasp.colorado.edu/lisird/latis/dap/aim_sofie_temperature.csv?time>={today}
endpoint-gone	bas_polar_data_centre_monitoring	https://api.bas.ac.uk/uk-pdc-catalogue/v1/items?format=json&category=environmental_monitoring&limit=200&region=antarctica
endpoint-gone	bfs_odl_dose_rate_germany	https://odlinfo.bfs.de/daten/odl-status-de.json
endpoint-gone	bgs_wdc_eskdalemuir_minute_data	https://wdc.bgs.ac.uk/api/v1/data?observatories=ESK&elements=X,Y,Z,F&sampling_period=minute&format=json&start_date={today}T00:00:00&end_date={today}T23:59:59
endpoint-gone	bgs_wdc_geomagnetic_observatory_annual	https://wdc.bgs.ac.uk/api/v1/data?observatories=ESK,NGK,CLF,ABK,HER,KAK,GUA,HON,TUC&elements=F,H,D,Z&sampling_period=year&format=json&start_date=2000-01-01&end_date={today}
endpoint-gone	bold_v5_country_statistics	https://portal.boldsystems.org/api/summary/geo?format=json&limit=250
endpoint-gone	bom_marine_warnings_atom	http://www.bom.gov.au/fwo/marine_warnings.json
endpoint-gone	bom_nsw_observations	http://reg.bom.gov.au/fwo/IDN60901.json
endpoint-gone	bom_nt_observations	http://reg.bom.gov.au/fwo/IDD60901.json
endpoint-gone	bom_qld_observations	http://reg.bom.gov.au/fwo/IDQ60901.json
endpoint-gone	bom_sa_observations	http://reg.bom.gov.au/fwo/IDS60901.json
endpoint-gone	bom_tas_observations	http://reg.bom.gov.au/fwo/IDT60901.json
endpoint-gone	bom_vic_observations	http://reg.bom.gov.au/fwo/IDV60901.json
endpoint-gone	bom_wa_observations	http://reg.bom.gov.au/fwo/IDW60901.json
endpoint-gone	cams_gfas_fire_emissions_daily	https://atmosphere.copernicus.eu/sites/default/files/custom-uploads/CAMS-Monitoring-Products/fire/cams_gfas_nrt_daily_summary.json
endpoint-gone	cams_global_methane_nrt_bulletin	https://atmosphere.copernicus.eu/sites/default/files/custom-uploads/CAMS-Monitoring-Products/methane/cams_ch4_nrt_global_summary.json
endpoint-gone	cams_nrt_aerosol_optical_depth	https://atmosphere.copernicus.eu/sites/default/files/custom-uploads/CAMS-Monitoring-Products/aod/cams_aod_nrt_global_daily_summary.json
endpoint-gone	cams_nrt_stratospheric_ozone_analysis	https://atmosphere.copernicus.eu/sites/default/files/custom-uploads/CAMS-Monitoring-Products/ozone/cams_o3_nrt_global_daily_summary.json
endpoint-gone	ccmc_iri2016_ionosphere_tec	https://kauai.ccmc.gsfc.nasa.gov/ISWA/iSWAGateway?action=getdata&id=iri_tec&format=json
endpoint-gone	climada_hazard_api	https://climada.ethz.ch/api/v1/hazard/?limit=500&format=json
endpoint-gone	cmems_oscar_surface_currents_global	https://coastwatch.pfeg.noaa.gov/erddap/griddap/jplOscarv2.csv?u%5Blast%5D%5B0%5D%5B(-60.0):(60.0):4%5D%5B(-180.0):(180.0):4%5D,v%5Blast%5D%5B0%5D%5B(-60.0):(60.0):4%5D%5B(-180.0):(180.0):4%5D
endpoint-gone	comet_lics_co_eruptive_deformation	https://comet.nerc.ac.uk/lics-portal/api/events/?format=json&limit=200&type=eruption&status=active
endpoint-gone	comet_lics_insar_deformation	https://comet.nerc.ac.uk/lics-portal/api/volcanoes/?format=json&limit=200
endpoint-gone	copernicus_cgls_swi_10day_europe	https://land.copernicus.eu/api/v2/datasets?dataset=SWI10&format=json&date={year}-{month}-{day}
endpoint-gone	copernicus_ems_damage_assessment	https://emergency.copernicus.eu/mapping/rest/map/grading?page=0&limit=100&format=json
endpoint-gone	copernicus_ems_rapid_mapping_activations	https://emergency.copernicus.eu/mapping/rest/map/list?page=0&limit=200&format=json&status=COMPLETED,ONGOING
endpoint-gone	cpom_cryosat2_antarctica_mass_change	https://www.cpom.ucl.ac.uk/csopr/icesheets2/antarctica_mass_change.txt
endpoint-gone	cpom_cryosat2_greenland_mass_change	https://www.cpom.ucl.ac.uk/csopr/icesheets2/greenland_mass_change.txt
endpoint-gone	dartmouth_flood_observatory_active	https://floodobservatory.colorado.edu/FloodArchive/active_floods.geojson
endpoint-gone	earlinet_aerosol_backscatter_profiles	https://data.earlinet.org/api/services/products?type=backscatter&wavelength=532&level=2&format=json&startDate={today}&limit=500
endpoint-gone	earlinet_lidar_station_network	https://data.earlinet.org/api/services/stationsearch?format=json&limit=100
endpoint-gone	earthref_magic_site_data	https://earthref.org/MagIC/api/v1/site/search?format=json&per_page=500&result_type=site&age_type=calendar&site_type_include=s
endpoint-gone	ebas_nilu_emep_no2_stations	https://ebas-data.nilu.no/api/v1/station/?format=json&parameter=NOx&limit=300&status=active
endpoint-gone	ecallisto_solar_radio_burst_events	https://www.e-callisto.org/api/v1/events?format=json&start={today}&type=II,III,IV&limit=200
endpoint-gone	ecallisto_solar_radio_station_network	https://www.e-callisto.org/api/v1/stations?format=json&active=true&limit=200
endpoint-gone	eea_airbase_no2_measurements	https://aqportal.discomap.eea.europa.eu/api/observations?pollutant=NO2&startDate={today}&endDate={today}&format=json&limit=500
endpoint-gone	ember_electricity_generation	https://api.ember-climate.org/v1/electricity-generation?aggregate_by=country&date_from={year}-01-01&date_to={year}-12-31&format=json
endpoint-gone	emsc_felt_earthquake_reports	https://www.emsc-csem.org/service/rss/rss.php?typ=felt&limit=100
endpoint-gone	esa_biomass_cci_v5_aboveground	https://www.esa.int/api/earthobservation/biomass-cci/v1/data?year={year}&bbox={lon_min},{lat_min},{lon_max},{lat_max}&format=json&limit=500
endpoint-gone	eumetsat_hsaf_msg_snow_cover_europe	https://hsaf.meteoam.it/Products/Detail?prod=H10&format=json&date={today}
endpoint-gone	eurdep_eastern_europe_radiation	https://remon.jrc.ec.europa.eu/Home/Pages/DataExchange/REM-json.aspx?LonMin=20&LonMax=45&LatMin=44&LatMax=56&DateStart={today}&DateEnd={today}&nuts=0&format=json
endpoint-gone	eurdep_european_radiation_monitoring	https://remon.jrc.ec.europa.eu/Home/Pages/DataExchange/REM-json.aspx?LonMin=-10&LonMax=30&LatMin=35&LatMax=72&DateStart={today}&DateEnd={today}&nuts=0&format=json
endpoint-gone	eurobats_bat_monitoring_network	https://www.eurobats.org/api/v1/monitoring/sites?format=json&active=true&limit=500
endpoint-gone	exofop_tess_confirmed_planets	https://exofop.ipac.caltech.edu/tess/download_confirmed.php?output=csv
endpoint-gone	fao_aquastat_water_resources	https://www.fao.org/aquastat/en/databases/agromat/api/v1/water?year={year}&format=json
endpoint-gone	fluxnet_arctic_subarctic_ecosystem_stations	https://ameriflux.lbl.gov/api/public/v2/sites?format=json&climate_zone=arctic,subarctic&data_product=FLUXNET2015&active=true
endpoint-gone	fmi_globsnow_v4_swe_daily_nh	https://www.globsnow.info/swe/tif/{year}/{year}{month}{day}_northern_SWE.tif.json
endpoint-gone	fripon_fireball_network_europe	https://www.fripon.org/api/events?format=json&limit=100&year={year}&month={month}
endpoint-gone	gats_saber_ozone_profiles_middle_atm	https://saber.gats-inc.com/saw3.php?date={today}&type=daily&format=json&version=2.0&vars=o3_96,o3_127
endpoint-gone	gats_saber_temperature_profiles	https://saber.gats-inc.com/saw3.php?date={today}&type=daily&format=json&version=2.0
endpoint-gone	gcn_einstein_probe_fxt_followup_alerts	https://gcn.nasa.gov/api/v0.1/circulars?subject=Einstein+Probe+FXT&limit=100&format=json
endpoint-gone	gcn_einstein_probe_wxt_transient_alerts	https://gcn.nasa.gov/api/v0.1/circulars?subject=Einstein+Probe&limit=200&format=json
endpoint-gone	gcn_grb_optical_afterglow_circulars	https://gcn.nasa.gov/api/v0.1/circulars?subject=GRB+optical&limit=100&format=json
endpoint-gone	gcn_icecube_circulars_recent	https://gcn.nasa.gov/api/v0.1/circulars?subject=IceCube&limit=100&format=json
endpoint-gone	gem_global_seismic_hazard	https://maps.openquake.org/api/v1/hazard/pga/?model=GEM_GLOBAL_2023&poe=0.1&periods=475
endpoint-gone	gem_openquake_pga_hazard_2475yr_critical	https://api.openquake.org/v1/hazard/pga/?model=GEM_GLOBAL_v2023.1&poe=0.02&investigation_time=50&bbox={lon_min},{lat_min},{lon_max},{lat_max}&format=json&limit=500
endpoint-gone	gem_openquake_pga_hazard_475yr_global	https://api.openquake.org/v1/hazard/pga/?model=GEM_GLOBAL_v2023.1&poe=0.1&investigation_time=50&bbox={lon_min},{lat_min},{lon_max},{lat_max}&format=json&limit=500
endpoint-gone	gem_openquake_seismic_risk_model	https://api.openquake.org/v1/risk/loss/?model=GEM_GLOBAL_v2023.1&return_period=475&bbox={lon_min},{lat_min},{lon_max},{lat_max}&format=json&limit=500
endpoint-gone	geoscope_france_stations	http://geoscope.ipgp.fr/fdsnws/station/1/query?level=station&format=text&network=G
endpoint-gone	gfed5_global_burned_area_monthly	https://www.globalfiredata.org/api/v5/burned_area?start={year}-{month}-01&end={year}-{month}-{day}&bbox={lon_min},{lat_min},{lon_max},{lat_max}&format=json&limit=500
endpoint-gone	gfz_grace_fo_rotation_excitation	http://gravis.gfz-potsdam.de/api/v1/timeseries/?product=GRACE_LOD&format=json
endpoint-gone	gfz_gravis_amazon_water_storage	http://gravis.gfz-potsdam.de/api/v1/timeseries/?basin=AMAZON&product=GRACE_TWS&format=json
endpoint-gone	gfz_gravis_antarctica_mass_balance	http://gravis.gfz-potsdam.de/api/v1/timeseries/?basin=ANTARCTICA&product=GRACE_ICE&format=json
endpoint-gone	gfz_gravis_ganges_water_storage	http://gravis.gfz-potsdam.de/api/v1/timeseries/?basin=GANGES&product=GRACE_TWS&format=json
endpoint-gone	gfz_gravis_greenland_mass_balance	http://gravis.gfz-potsdam.de/api/v1/timeseries/?basin=GREENLAND&product=GRACE_ICE&format=json
endpoint-gone	giro_digisonde_network_stations	https://giro.uml.edu/SAOExplorer/index.php?action=getStations&format=json
endpoint-gone	glims_glacier_outlines_rgi7	https://www.glims.org/api/v1/glaciers?bbox={lon_min},{lat_min},{lon_max},{lat_max}&format=json&limit=500
endpoint-gone	global_carbon_project_budget_2024	https://www.icos-cp.eu/science-and-impact/global-carbon-budget/2024/data-products/json-summary
endpoint-gone	global_carbon_project_fossil_co2	https://www.icos-cp.eu/science-and-impact/global-carbon-budget/2023/data-products/json-summary
endpoint-gone	glofas_era5_historical_discharge_reanalysis	https://cems.ecmwf.int/api/v1/glofas/reanalysis?lat={lat}&lon={lon}&start=1979-01-01&end={today}&format=json
endpoint-gone	glofas_monitoring_station_network	https://cems.ecmwf.int/api/v1/glofas/stations?format=json&active=true&limit=1000
endpoint-gone	glofas_v4_global_discharge_forecast	https://cems.ecmwf.int/api/v1/glofas/forecast?lat={lat}&lon={lon}&format=json&ensemble=true
endpoint-gone	grace_tellus_global_sea_level_anomaly	https://grace.jpl.nasa.gov/media/documents/GMSL_RLv04_JPL_RL06.3_SLCC.txt
endpoint-gone	grdc_global_runoff_station_metadata	https://grdc.bafg.de/GRDC/EN/04_spcldtfmts/41_ArcGIS/GRDC_Stations.zip.json
endpoint-gone	gwosc_gw_events_all	https://gwosc.org/api/v2/events/?format=json&page_size=300
endpoint-gone	gwosc_gw_neutron_star_mergers	https://gwosc.org/api/v2/events/?format=json&page_size=200
endpoint-gone	gwosc_gwtc4_catalog	https://gwosc.org/api/v2/events/?catalog=GWTC-4-confident&format=json&page_size=200
endpoint-gone	gwosc_observing_runs	https://gwosc.org/api/v2/runs/?format=json
endpoint-gone	hash_planetary_nebula_database	http://hashpn.space/api/?PN_G=*&status=T&format=json&limit=1000
endpoint-gone	hdx_emdat_country_disasters	https://data.humdata.org/api/3/action/datastore_search?resource_id=13ac0b40-5e3e-4a01-8b3b-85fe6a0b47e7&limit=2000
endpoint-gone	hsaf_eumetsat_ascat_ssm_nrt_daily	https://hsaf.meteoam.it/Products/Detail?prod=H25&format=json&date={today}
endpoint-gone	hydrosheds_global_river_network	https://www.hydrosheds.org/api/v1/rivers?bbox={lon_min},{lat_min},{lon_max},{lat_max}&format=json&limit=500&order=8
endpoint-gone	hydrosheds_hydrobasins_catchment_metadata	https://www.hydrosheds.org/api/v1/basins?bbox={lon_min},{lat_min},{lon_max},{lat_max}&level=7&format=json&limit=500
endpoint-gone	iaea_nucleus_nuclear_event_reports	https://nucleus.iaea.org/ILIS/api/v1/events?format=json&limit=100&status=current&category=nuclear
endpoint-gone	iaea_pris_nuclear_reactors	https://pris.iaea.org/api/reactors?format=json&limit=500&status=Operational
endpoint-gone	iagos_aircraft_measurements	https://iagos.aeris-data.fr/api/json/products?domain=IAGOS-CORE&variables=O3,CO&start={today}T00:00:00&stop={today}T23:59:59&limit=500
endpoint-gone	icecube_hese_12yr_event_catalog_public	https://icecube.wisc.edu/data-releases/2023/07/icecube-hese-12-year-data-release/hese_12yr_events.csv
endpoint-gone	icos_atc_greenhouse_gas_nrt	https://meta.icos-cp.eu/objects/latest?spec=http://meta.icos-cp.eu/resources/cpmeta/atcCo2NrtDataObject&format=json&limit=100
endpoint-gone	icos_nordic_ch4_flux_measurements	https://meta.icos-cp.eu/objects/latest?spec=http://meta.icos-cp.eu/resources/cpmeta/icosEtcCh4NrtDataObject&format=json&limit=200
endpoint-gone	icos_otc_pco2_buoy_timeseries	https://meta.icos-cp.eu/objects/latest?spec=http://meta.icos-cp.eu/resources/cpmeta/etcFrench&format=json&limit=200
endpoint-gone	iers_bulletin_a_eop_predictions	https://datacenter.iers.org/data/latestVersion/A_dailyrapid_finals.txt
endpoint-gone	iers_eop_c04_combined_timeseries	https://datacenter.iers.org/data/csv/eopc04.csv
endpoint-gone	igrac_ggmn_stations	https://ggis.un-igrac.org/api/v1/well/?format=json&limit=2000
endpoint-gone	imbie_antarctica_ice_sheet_mass_balance	https://imbie.org/data/antarctica_mass_balance.csv
endpoint-gone	imbie_greenland_ice_sheet_mass_balance	https://imbie.org/data/greenland_mass_balance.csv
endpoint-gone	imd_cyclone_tracks	https://rsmcnewdelhi.imd.gov.in/uploads/cyclone/cyclone_track.geojson
endpoint-gone	incois_high_wave_alert_rss	https://incois.gov.in/portal/wave/rssnews.jsp
endpoint-gone	incois_osf_fishermen_alert	https://incois.gov.in/portal/osf/json/osf_alert.jsp
endpoint-gone	invasivesnet_global_invasive_species	https://www.invasivesnet.org/api/v1/occurrences?format=json&limit=500&environment=marine&year_from={year}
endpoint-gone	iodp_janus_drill_sites	https://web.iodp.tamu.edu/janusweb/general/dsdp.cgi?leg=&site=&hole=&format=json
endpoint-gone	iodp_janus_sites	https://web.iodp.tamu.edu/janusWeb/api/janus/site
endpoint-gone	iris_spud_sks_shear_wave_splitting_database	https://ds.iris.edu/spud/sks?startTime={year}-01-01&endTime={today}&format=text&nodata=404
endpoint-gone	irsn_teleray_dose_rate_france	https://www.irsn.fr/api/teleray/v1/stations?format=json&limit=500
endpoint-gone	itrf2020_co_seismic_displacements	https://itrf.ign.fr/docs/solutions/itrf2020/Discontinuities/ITRF2020-soln-gnss.snx
endpoint-gone	itslive_glacier_velocity_greenland	https://its-live-regional.s3.amazonaws.com/v02/GRE/GRE_G0240_2021.zarr/.zmetadata
endpoint-gone	jmp_wash_water_access	https://washdata.org/api/countries?format=json&service=drinking-water&year={year}
endpoint-gone	jrc_global_forest_cover_change	https://jeodpp.jrc.ec.europa.eu/ftp/jrc-opendata/DRAXIS/FOREST/GFC/api/v1/data?year={year}&bbox={lon_min},{lat_min},{lon_max},{lat_max}&format=json&limit=500
endpoint-gone	jrc_global_surface_water_aral	https://global-surface-water.appspot.com/api/info?lat=45.0&lon=59.5
endpoint-gone	kmtnet_microlensing_events	https://kmtnet.kasi.re.kr/ulens/event/{year}/list.json
endpoint-gone	kyoto_wdc_ae_index_realtime	https://wdc.kugi.kyoto-u.ac.jp/ae_realtime/{year}{month}/ae{year}{month}{day}.for.request
endpoint-gone	kyoto_wdc_dst_index_realtime	https://wdc.kugi.kyoto-u.ac.jp/dst_realtime/{year}{month}/dst{year}{month}{day}.for.request
endpoint-gone	lambda_nasa_act_dr6_tsz_compton_y_map	https://lambda.gsfc.nasa.gov/data/act/actpol_dr6/act_dr6_tsz_compton_y_statistics.txt
endpoint-gone	lambda_nasa_cmb_hd_forecast_data	https://lambda.gsfc.nasa.gov/data/concept/CMB-HD/cmb_hd_forecast_noise.txt
endpoint-gone	lambda_nasa_spt3g_cmb_power_spectrum	https://lambda.gsfc.nasa.gov/data/suborbital/SPT/spt3g_2019-2020/spt3g_bandpowers_2019-2020.txt
endpoint-gone	lambda_nasa_wmap_9yr_cmb_statistics	https://lambda.gsfc.nasa.gov/data/map/dr5/dfp/wmap_9yr_imap_r9_v5.txt
endpoint-gone	lambda_planck_pr4_power_spectrum	https://lambda.gsfc.nasa.gov/data/planck/pr4/cmb/COM_PowerSpect_CMB-TT-full_R4.01.txt
endpoint-gone	lasair_ztf_lsst_transient_broker	https://lasair-ztf.lsst.ac.uk/api/v1/objects/?format=json&limit=300&objectId=&classStar=0&rb=0.3&dt_start={today}T00:00:00
endpoint-gone	lasp_aim_cips_pmc_occurrence	https://lasp.colorado.edu/lisird/latis/dap/aim_cips_pmc_nh_occurrence.csv?time>={today}
endpoint-gone	lasp_lisird_aa_geomagnetic_index	https://lasp.colorado.edu/lisird/latis/dap/noaa_aa_index.csv?time>=1868-01-01
endpoint-gone	lasp_lisird_pmod_tsi_composite	https://lasp.colorado.edu/lisird/latis/dap/pmod_composite.csv?time>=1978-01-01
endpoint-gone	lasp_lisird_sorce_tsi_legacy	https://lasp.colorado.edu/lisird/latis/dap/sorce_tsi_24hr.csv?time>=2003-01-01
endpoint-gone	lasp_sdo_eve_esp_euv_photometer	https://lasp.colorado.edu/lisird/latis/dap/eve_esp_l3.csv?time>={today}
endpoint-gone	lasp_sdo_eve_l3_emission_lines	https://lasp.colorado.edu/lisird/latis/dap/eve_lines_l3.csv?time>={today}
endpoint-gone	magic_paleomagnetic_database	https://earthref.org/MagIC/api/v1/contribution/search?format=json&n_max_specimens=0&n_max_samples=0&n_max_sites=100&n_max_locations=20&page=1&per_page=100&contribution_type=Paleomagnetism
endpoint-gone	mpc_neocp_candidates	https://www.minorplanetcenter.net/cgi-bin/neocp.cgi?style=json
endpoint-gone	mpe_erosita_spectral_products_catalog	https://erosita.mpe.mpg.de/api/v1/sources?format=json&det_like_min=15&limit=500&sort=flux&order=desc
endpoint-gone	mpe_erosita_srge_population_statistics	https://erosita.mpe.mpg.de/api/v1/populations?format=json&survey=eRASS4&type=AGN&flux_min=1e-14&limit=500
endpoint-gone	nasa_cdaw_cme_catalog	https://cdaw.gsfc.nasa.gov/CME_list/UNIVERSAL/json/univ_{year}{month}.json
endpoint-gone	nasa_jpl_mur_sst_1km_global	https://coastwatch.noaa.gov/erddap/griddap/jplMURSST41.csv?analysed_sst%5Blast%5D%5B(-60.0):(75.0):3%5D%5B(-180.0):(180.0):3%5D,analysis_error%5Blast%5D%5B(-60.0):(75.0):3%5D%5B(-180.0):(180.0):3%5D
endpoint-gone	nasa_meteorites_all	https://data.nasa.gov/resource/gh4g-9sfh.json?$limit=50000&$order=mass+DESC&$where=reclat+IS+NOT+NULL
endpoint-gone	nasa_meteorites_fell	https://data.nasa.gov/resource/gh4g-9sfh.json?$limit=5000&$where=fall=%27Fell%27+AND+reclat+IS+NOT+NULL&$order=year+DESC
endpoint-gone	nasa_meteorites_iron	https://data.nasa.gov/resource/gh4g-9sfh.json?$limit=5000&$where=recclass+LIKE+%27Iron%25%27+AND+reclat+IS+NOT+NULL&$order=mass+DESC
endpoint-gone	nasa_modis_aqua_chlorophyll_ocean_daily	https://coastwatch.noaa.gov/erddap/griddap/erdMH1chla1day.csv?chlorophyll%5Blast%5D%5B(-70.0):(70.0):4%5D%5B(-180.0):(180.0):4%5D
endpoint-gone	nasa_oceancolor_modis_sst_chla	https://oceandata.sci.gsfc.nasa.gov/ERDDAP/griddap/MODISA_L3m_CHL_MO.csv?chlor_a%5Blast%5D%5B(-60):(60):5%5D%5B(-180):(180):5%5D
endpoint-gone	ndbc_dart_46401_nepacific	https://www.ndbc.noaa.gov/data/realtime2/46401.dart
endpoint-gone	ngdc_volcanic_eruptions	https://www.ngdc.noaa.gov/hazel/hazard-service/api/v1/volcanicEruptions?maxRows=2000&startRow=1&orderBy=year&ascending=false
endpoint-gone	nhc_storm_track_forecast_geojson	https://www.nhc.noaa.gov/storm_graphics/api/AL012025_CONE.json
endpoint-gone	nied_fnet_japan_stations	https://www.fnet.bosai.go.jp/fdsnws/station/1/query?level=station&format=text&network=F-net
endpoint-gone	noaa_awc_gtg_turbulence_forecast	https://aviationweather.gov/api/data/gtg?format=json&level=FL300&time=0
endpoint-gone	noaa_calipso_aerosol_extinction_monthly	https://coastwatch.noaa.gov/erddap/griddap/erdCALIPSOAer532monthly.csv?ext532%5Blast%5D%5B0%5D%5B(-60.0):(75.0):3%5D%5B(-180.0):(180.0):3%5D
endpoint-gone	noaa_carbontracker_co2_flux_analysis	https://gml.noaa.gov/ccgg/carbontracker/CT2023/api/flux?start={year}-01-01&end={year}-12-31&region=globe&format=json&components=land,ocean,fossil
endpoint-gone	noaa_climate_services_spi_usa	https://www.ncei.noaa.gov/access/monitoring/climate-at-a-glance/divisional/time-series/0101/spi/1/{month}/{year}/{year}.json
endpoint-gone	noaa_cmip6_land_npp_monthly	https://coastwatch.noaa.gov/erddap/griddap/cmip6_NPP_monthly.csv?npp%5Blast%5D%5B(-60.0):(75.0):4%5D%5B(-180.0):(180.0):4%5D
endpoint-gone	noaa_coastwatch_oisst_v21_global	https://coastwatch.noaa.gov/erddap/griddap/ncdcOisst21Agg.csv?sst%5Blast%5D%5B0%5D%5B(-60.0):(75.0):3%5D%5B(-180.0):(180.0):3%5D,err%5Blast%5D%5B0%5D%5B(-60.0):(75.0):3%5D%5B(-180.0):(180.0):3%5D
endpoint-gone	noaa_coral_reef_watch_bleaching_alerts	https://coralreefwatch.noaa.gov/satellite/vs/data/vs_alldata_cur.json
endpoint-gone	noaa_cpc_amo_index	https://www.cpc.ncep.noaa.gov/data/indices/amon.us.long.data
endpoint-gone	noaa_cpc_mjo_monitoring_realtime	https://www.cpc.ncep.noaa.gov/products/precip/CWlink/MJO/mjo_indices.txt
endpoint-gone	noaa_cpc_pdo_index	https://www.cpc.ncep.noaa.gov/products/GODAS/godas.shtml
endpoint-gone	noaa_cpc_qbo_stratospheric_wind_index	https://www.cpc.ncep.noaa.gov/data/indices/qbo.u50.index.ascii
endpoint-gone	noaa_crw_dhw_erddap_tropics	https://coastwatch.noaa.gov/erddap/griddap/noaacrwdhwdaily.csv?degree_heating_week%5Blast%5D%5B-30:10:30%5D%5B-180:10:180%5D
endpoint-gone	noaa_crw_sst_anomaly_erddap	https://coastwatch.noaa.gov/erddap/griddap/noaacrwsstdaily.csv?sea_surface_temperature_anomaly%5Blast%5D%5B-30:10:30%5D%5B-180:10:180%5D
endpoint-gone	noaa_crw_sst_caribbean	https://api.coral.tsr.lol/stations/eastern_caribbean/current
endpoint-gone	noaa_crw_sst_gbr	https://api.coral.tsr.lol/stations/great_barrier_reef_north/current
endpoint-gone	noaa_crw_sst_red_sea	https://api.coral.tsr.lol/stations/red_sea_north/current
endpoint-gone	noaa_dobson_halley_bay_ozone	https://gml.noaa.gov/aftp/data/ozwv/Dobson/dobsonNetworkData.json
endpoint-gone	noaa_glm_goes16_erddap	https://coastwatch.noaa.gov/erddap/griddap/noaagoesglm5mfd.csv?flash_count%5Blast%5D%5B(-60.0):(60.0)%5D%5B(-180.0):(180.0)%5D&.draw=surface&.vars=longitude%7Clatitude%7Cflash_count
endpoint-gone	noaa_gml_atmospheric_electric_field	https://gml.noaa.gov/webdata/atmospheric_electricity/electric_field_summary.json
endpoint-gone	noaa_gml_baseline_network_summary	https://gml.noaa.gov/aftp/data/ccgg/flask/multispecies/multi_station_all.txt
endpoint-gone	noaa_gml_brewer_uv_station_network	https://gml.noaa.gov/webdata/ozwv/UVB/Brewer/brewer_station_summary.json
endpoint-gone	noaa_gml_co2_global_network	https://gml.noaa.gov/aftp/data/trace_gases/co2/flask/surface/co2_surface-flask_ccgg_text.txt
endpoint-gone	noaa_gml_co_ocs_flask_global_network	https://gml.noaa.gov/webdata/ccgg/flask/co/co_network_summary.json
endpoint-gone	noaa_gml_ozone_dobson_stations	https://gml.noaa.gov/webdata/ozwv/Dobson/dobsonNetworkData.json
endpoint-gone	noaa_gml_radiocarbon_14c_timeseries	https://gml.noaa.gov/webdata/ccgg/trends/radiocarbon/14co2_mm_gl.txt
endpoint-gone	noaa_gml_radon_222_stations	https://gml.noaa.gov/webdata/atmospheric_composition/radon/radon_network_summary.json
endpoint-gone	noaa_gml_uv_surface_monitoring	https://gml.noaa.gov/webdata/ozwv/UVB/TotalOzone/daily_summary.json
endpoint-gone	noaa_gml_voc_flask_network	https://gml.noaa.gov/webdata/ccgg/flask/hydrocarbons/hc_network_summary.json
endpoint-gone	noaa_gpm_imerg_precipitation_daily	https://coastwatch.noaa.gov/erddap/griddap/gpmIMERGHHF.csv?precipitation%5Blast%5D%5B(-60.0):(60.0):3%5D%5B(-180.0):(180.0):3%5D
endpoint-gone	noaa_hab_harmful_algal_bloom_monitoring	https://habsos.noaa.gov/data/habsos_all.json
endpoint-gone	noaa_habsos_harmful_algal_blooms	https://coastwatch.noaa.gov/erddap/tabledap/noaaHabsosData.csv?latitude,longitude,sample_date,genus,species,cellcount,cellcount_units,hab_category&time%3E=now-30days&orderBy(%22time%22)
endpoint-gone	noaa_hms_fire_smoke_north_america	https://satepsanone.nesdis.noaa.gov/HMS/web/HMS_Fire_{today}.json
endpoint-gone	noaa_ibtracs_v4_all_storms_current_year	https://www.ncei.noaa.gov/data/international-best-track-archive-for-climate-stewardship-ibtracs/v04r00/access/csv/ibtracs.{year}.list.v04r00.csv
endpoint-gone	noaa_ionosonde_athens	https://lgdc.uml.edu/common/DIDBGetValues?ursiCode=AT138&charName=foF2&DMUF=3000&fromDate={today}&toDate={today}&subdiv=hour&desc=false
endpoint-gone	noaa_ionosonde_buenos_aires	https://lgdc.uml.edu/common/DIDBGetValues?ursiCode=LS166&charName=foF2&DMUF=3000&fromDate={today}&toDate={today}&subdiv=hour&desc=false
endpoint-gone	noaa_ionosonde_delhi	https://lgdc.uml.edu/common/DIDBGetValues?ursiCode=DB049&charName=foF2&DMUF=3000&fromDate={today}&toDate={today}&subdiv=hour&desc=false
endpoint-gone	noaa_ionosonde_juliusruh	https://lgdc.uml.edu/common/DIDBGetValues?ursiCode=JR055&charName=foF2&DMUF=3000&fromDate={today}&toDate={today}&subdiv=hour&desc=false
endpoint-gone	noaa_ionosonde_tokyo	https://lgdc.uml.edu/common/DIDBGetValues?ursiCode=TO536&charName=foF2&DMUF=3000&fromDate={today}&toDate={today}&subdiv=hour&desc=false
endpoint-gone	noaa_mauna_kea_solar_spectral_irradiance	https://www.ncei.noaa.gov/data/solar-spectral-irradiance/access/spectral/{year}/ssi_{year}{month}.txt
endpoint-gone	noaa_modis_aqua_deep_blue_aod	https://coastwatch.noaa.gov/erddap/griddap/erdMH1aod550daily.csv?AOD550%5Blast%5D%5B(-60.0):(75.0):4%5D%5B(-180.0):(180.0):4%5D
endpoint-gone	noaa_modis_aqua_lai_8day_global	https://coastwatch.noaa.gov/erddap/griddap/erdMA1LAI8day.csv?Lai%5Blast%5D%5B(-60.0):(75.0):4%5D%5B(-180.0):(180.0):4%5D
endpoint-gone	noaa_modis_chla_monthly_global	https://coastwatch.noaa.gov/erddap/griddap/erdMH1chlaM.csv?chlorophyll%5Blast%5D%5B(-60.0):(60.0):6%5D%5B(-180.0):(180.0):6%5D
endpoint-gone	noaa_modis_et_8day_global	https://coastwatch.noaa.gov/erddap/griddap/erdMH1ET8day.csv?ET%5Blast%5D%5B(-60.0):(75.0):5%5D%5B(-180.0):(180.0):5%5D
endpoint-gone	noaa_modis_evi_monthly_global	https://coastwatch.noaa.gov/erddap/griddap/erdMT1VImonthly.csv?EVI%5Blast%5D%5B(-60.0):(75.0):5%5D%5B(-180.0):(180.0):5%5D
endpoint-gone	noaa_modis_ndvi_monthly_global	https://coastwatch.noaa.gov/erddap/griddap/erdMT1VImonthly.csv?NDVI%5Blast%5D%5B(-60.0):(75.0):5%5D%5B(-180.0):(180.0):5%5D
endpoint-gone	noaa_modis_terra_burned_area_monthly	https://coastwatch.noaa.gov/erddap/griddap/erdMT1BurnedArea.csv?burnedArea%5Blast%5D%5B(-60.0):(75.0):4%5D%5B(-180.0):(180.0):4%5D
endpoint-gone	noaa_modis_terra_lai_8day_global	https://coastwatch.noaa.gov/erddap/griddap/erdMT1LAI8day.csv?Lai%5Blast%5D%5B(-60.0):(75.0):4%5D%5B(-180.0):(180.0):4%5D,Fpar%5Blast%5D%5B(-60.0):(75.0):4%5D%5B(-180.0):(180.0):4%5D
endpoint-gone	noaa_ncei_atlantic_primary_production_modis	https://coastwatch.noaa.gov/erddap/griddap/erdMH1pp1day.csv?productivity%5Blast%5D%5B(-70.0):(70.0):3%5D%5B(-180.0):(180.0):3%5D
endpoint-gone	noaa_ncei_climdex_extreme_precipitation	https://www.ncei.noaa.gov/access/monitoring/climate-at-a-glance/global/time-series/globe/prcp/land/12/{month}/{year}/{year}.json
endpoint-gone	noaa_ncei_climdex_heat_extreme_tx90p	https://www.ncei.noaa.gov/access/monitoring/climate-at-a-glance/global/time-series/globe/tavg/land/12/{month}/{year}/{year}.json
endpoint-gone	noaa_ncei_deep_ocean_heat_content_700_2000m	https://www.ncei.noaa.gov/data/oceans/woa/DATA_ANALYSIS/3M_HEAT_CONTENT/DATA/basin/3month/h22-w0-7p.dat
endpoint-gone	noaa_ncei_ersst_v5_global_ocean_temp	https://www.ncei.noaa.gov/data/sea-surface-temperature-optimum-interpolation/v2.1/access/avhrr/{year}/{year}{month}01_NCOIv21_L4_GHRSST_SHN_IP.nc
endpoint-gone	noaa_ncei_gld360_lightning_flash_rate	https://www.ncei.noaa.gov/data/lightning-global/access/gld360/{year}/{year}{month}{day}_GLD360_statistics.json
endpoint-gone	noaa_ncei_global_heat_flow_database	https://www.ngdc.noaa.gov/geomag/ghf/data/geoHeatFlow.json?lat_min={lat_min}&lat_max={lat_max}&lon_min={lon_min}&lon_max={lon_max}&format=json&limit=500
endpoint-gone	noaa_ncei_global_sst_anomaly_monthly	https://www.ncei.noaa.gov/access/monitoring/climate-at-a-glance/global/time-series/globe/sst/1/{month}/{year}/{year}.json
endpoint-gone	noaa_ncei_gmsl_altimetry_timeseries	https://www.star.nesdis.noaa.gov/sod/lsa/SeaLevelRise/slr/slr_sla_gbl_free_txj1j2j3j3a_90.csv
endpoint-gone	noaa_ncei_hurdat2_hurricane_tracks	https://www.nhc.noaa.gov/data/hurdat/hurdat2-1851-2023-050423.txt
endpoint-gone	noaa_ncei_hurricane_rapid_intensification_stats	https://www.nhc.noaa.gov/data/ri/ri_atl.dat
endpoint-gone	noaa_ncei_land_subsidence_hazard_zones	https://www.ngdc.noaa.gov/hazard-service/api/v1/land-subsidence?maxResults=500&format=json&bbox={lon_min},{lat_min},{lon_max},{lat_max}
endpoint-gone	noaa_ncei_marine_debris_database	https://www.ncei.noaa.gov/access/marine-debris/observations?format=json&bbox={lon_min},{lat_min},{lon_max},{lat_max}&startDate={year}-01-01&limit=500
endpoint-gone	noaa_ncei_multibeam_seafloor_survey	https://www.ncei.noaa.gov/api/geophysics/cruise/?format=json&data_type=multibeam&limit=200&sort_by=start_date&order=desc
endpoint-gone	noaa_ncei_natural_hazards_today_summary	https://www.ngdc.noaa.gov/hazel/hazard-service/api/v1/events?maxResults=100&sort=date&format=json&startYear={year}&startMonth={month}&startDay={day}
endpoint-gone	noaa_ncei_ocean_co2_surface_flux_compilation	https://www.ncei.noaa.gov/data/oceans/co2/surface/netcdf/OceanFlux_v2024.nc.json
endpoint-gone	noaa_ncei_ocean_heat_content_quarterly	https://www.ncei.noaa.gov/data/oceans/woa/DATA_ANALYSIS/3M_HEAT_CONTENT/DATA/basin/3month/h22-w0-2p.dat
endpoint-gone	noaa_ncei_ocean_noise_passive_acoustic	https://www.ncei.noaa.gov/api/passive-acoustic-data?format=json&limit=200&bbox={lon_min},{lat_min},{lon_max},{lat_max}&startDate={year}-01-01&endDate={today}
endpoint-gone	noaa_ncei_pdsi_global_monthly	https://www.ncei.noaa.gov/access/monitoring/climate-at-a-glance/global/time-series/globe/pdsi/land/1/{month}/{year}/{year}.json
endpoint-gone	noaa_ncei_sea_ice_index_monthly_both	https://noaadata.apps.nsidc.org/NOAA/G02135/seaice_analysis/Sea_Ice_Index_Monthly_Data_with_Statistics_G02135_v3.0.csv
endpoint-gone	noaa_ncei_soil_moisture_monitoring	https://www.ncei.noaa.gov/access/monitoring/drought/zscore-precip/global-zscore.json
endpoint-gone	noaa_ncei_tsunami_event_database	https://www.ngdc.noaa.gov/hazel/hazard-service/api/v1/tsunamis?minYear=1900&maxResults=1000&format=json
endpoint-gone	noaa_ngdc_tsunami_events	https://www.ngdc.noaa.gov/hazel/hazard-service/api/v1/tsunamiEvents?maxRows=2000&startRow=1&orderBy=year&ascending=false
endpoint-gone	noaa_pmel_hydrothermal_vent_database	https://www.pmel.noaa.gov/vents/api/v1/vents?format=json&limit=500&activity=active
endpoint-gone	noaa_pmel_vents_hydrophone_events	https://www.pmel.noaa.gov/vents/acoustics/seismicity/seismicity.json
endpoint-gone	noaa_psd_ncep_surface_pressure	https://psl.noaa.gov/thredds/ncss/Datasets/ncep.reanalysis.dailyavgs/surface/slp.{year}.nc?var=slp&north=90&west=-180&east=180&south=-90&disableLLSubset=on&disableProjSubset=on&horizStride=4&time_start={year}-{month}-{day}T00%3A00%3A00Z&time_end={year}-{month}-{day}T23%3A59%3A59Z&timeStride=1&accept=csv
endpoint-gone	noaa_psl_indian_ocean_dipole_index	https://psl.noaa.gov/gcos_wgsp/Timeseries/Data/iod.long.data
endpoint-gone	noaa_smos_sea_surface_salinity	https://coastwatch.noaa.gov/erddap/griddap/erdSMOSsss.csv?sss%5Blast%5D%5B(-60.0):(75.0):3%5D%5B(-180.0):(180.0):3%5D
endpoint-gone	noaa_so2_volcanic_alerts	https://so2.gsfc.nasa.gov/measures/measures_so2.html
endpoint-gone	noaa_star_ssh_sea_level_trend_map	https://www.star.nesdis.noaa.gov/sod/lsa/SeaLevelRise/api/v1/trend?format=json&bbox={lon_min},{lat_min},{lon_max},{lat_max}&period=1993-{year}&limit=500
endpoint-gone	noaa_star_viirs_land_surface_reflectance	https://coastwatch.noaa.gov/erddap/griddap/VNP09GAv001_NRT.csv?M3Refl%5Blast%5D%5B(-60.0):(75.0):5%5D%5B(-180.0):(180.0):5%5D,I1Refl%5Blast%5D%5B(-60.0):(75.0):5%5D%5B(-180.0):(180.0):5%5D
endpoint-gone	noaa_swpc_aia_304_solar_summary	https://services.swpc.noaa.gov/products/solar-wind/summary.json
endpoint-gone	noaa_swpc_aurora_oval_south	https://services.swpc.noaa.gov/json/ovation_aurora_latest_south.json
endpoint-gone	noaa_swpc_dscovr_mag_realtime	https://services.swpc.noaa.gov/products/solar-wind/mag-7-day.json
endpoint-gone	noaa_swpc_dscovr_solar_wind_realtime	https://services.swpc.noaa.gov/products/solar-wind/plasma-7-day.json
endpoint-gone	noaa_swpc_dst_index_realtime	https://services.swpc.noaa.gov/json/geomag/dst_index.json
endpoint-gone	noaa_swpc_gong_solar_activity_regions	https://services.swpc.noaa.gov/products/solar-region-summary.json
endpoint-gone	noaa_swpc_hemispheric_power_index	https://services.swpc.noaa.gov/products/geospace/hemisphere-power-index.json
endpoint-gone	noaa_swpc_solar_filament_list	https://services.swpc.noaa.gov/json/solar_filaments.json
endpoint-gone	noaa_swpc_solar_flares	https://services.swpc.noaa.gov/json/solar_events/solar_events.json
endpoint-gone	noaa_swpc_solar_proton_events	https://services.swpc.noaa.gov/json/solar-geophysical-activity-summary.json
endpoint-gone	noaa_swpc_solar_wind_dscovr	https://services.swpc.noaa.gov/products/solar-wind/mag-7-day.json
endpoint-gone	noaa_swpc_solar_wind_plasma	https://services.swpc.noaa.gov/products/solar-wind/plasma-7-day.json
endpoint-gone	noaa_swpc_vtec_global_ionosphere	https://services.swpc.noaa.gov/json/ionosphere/tec/tec.json
endpoint-gone	noaa_tropomi_ch4_column_daily_global	https://coastwatch.noaa.gov/erddap/griddap/tropomiCH4daily.csv?methane_mixing_ratio_bias_corrected%5Blast%5D%5B(-60.0):(70.0):3%5D%5B(-180.0):(180.0):3%5D
endpoint-gone	noaa_tropomi_no2_tropospheric_column	https://coastwatch.noaa.gov/erddap/griddap/tropomiNO2daily.csv?tropospheric_NO2_column_number_density%5Blast%5D%5B(-60.0):(70.0):3%5D%5B(-180.0):(180.0):3%5D
endpoint-gone	noaa_tropomi_tropospheric_ozone_daily	https://coastwatch.noaa.gov/erddap/griddap/tropomiO3daily.csv?tropospheric_ozone_column%5Blast%5D%5B(-60.0):(70.0):3%5D%5B(-180.0):(180.0):3%5D
endpoint-gone	noaa_viirs_boat_detection	https://coastwatch.noaa.gov/erddap/tabledap/noaaVIIRSboatdetect.csv?latitude,longitude,time,bright_ti4&time%3E=now-24hours&orderBy(%22time%22)&limit=5000
endpoint-gone	noaa_viirs_chla_weekly_global	https://coastwatch.noaa.gov/erddap/griddap/nesdisVHNSNPPchlaW.csv?chlor_a%5Blast%5D%5B(-40.0):(40.0):5%5D%5B(-180.0):(180.0):5%5D
endpoint-gone	noaa_woa23_salinity_climatology	https://www.ncei.noaa.gov/erddap/griddap/nceiWoa23Sal1.csv?s_an%5B0%5D%5B0%5D%5B(-60.0):(75.0):3%5D%5B(-180.0):(180.0):3%5D
endpoint-gone	noaa_woa23_sound_speed_climatology	https://www.ncei.noaa.gov/erddap/griddap/nceiWoa23SounSpd1.csv?s_an%5B0%5D%5B0%5D%5B(-60.0):(65.0):3%5D%5B(-180.0):(180.0):3%5D
endpoint-gone	noaa_wod_oxygen_select	https://www.ncei.noaa.gov/access/world-ocean-database-select/wparms.json?dataset=OSD&variables=oxygen&time_from={year}-{month}-01&time_to={year}-{month}-{day}&lat_from=-90&lat_to=90&lon_from=-180&lon_to=180&depth_from=0&depth_to=1000&format=json
endpoint-gone	nsidc_bedmap3_antarctica_subglacial_topography	https://noaadata.apps.nsidc.org/NOAA/G04001/bedmap3/bedmap3_tif/{year}/bedmap3_bed.tif.json
endpoint-gone	nsidc_cryosat2_sea_ice_thickness_arctic	https://noaadata.apps.nsidc.org/NOAA/G10006_SeaIceThickness/monthly/NH/seaicethickness_NH_monthly_latest.csv
endpoint-gone	nsidc_ims_arctic_snow_cover	https://noaadata.apps.nsidc.org/NOAA/G02156/data/4km/{year}/{year}{month}{day}_IMS4km_v1.3.nc
endpoint-gone	nsidc_ims_snow_depth_4km_nh	https://noaadata.apps.nsidc.org/NOAA/G02156/data/4km/{year}/{year}{month}{day}_IMS4km_v1.3_SnowDepth.csv
endpoint-gone	nsidc_piomas_sea_ice_thickness_climatology	https://noaadata.apps.nsidc.org/NOAA/G02202/combined/icevolume_monthly.csv
endpoint-gone	nsidc_sea_ice_extent_daily_nh	https://noaadata.apps.nsidc.org/NOAA/G02135/north/daily/data/N_seaice_extent_daily_v3.0.csv
endpoint-gone	nsidc_sea_ice_extent_daily_sh	https://noaadata.apps.nsidc.org/NOAA/G02135/south/daily/data/S_seaice_extent_daily_v3.0.csv
endpoint-gone	nsidc_seaice_antarctic_daily_csv	https://noaadata.apps.nsidc.org/NOAA/G02135/south/daily/data/S_seaice_extent_daily_v3.0.csv
endpoint-gone	nsidc_seaice_arctic_daily_csv	https://noaadata.apps.nsidc.org/NOAA/G02135/north/daily/data/N_seaice_extent_daily_v3.0.csv
endpoint-gone	nso_gong_station_network	https://gong.nso.edu/DataArchive/GongDataArchive.pl?type=json&query=stations
endpoint-gone	ocean_cleanup_gpgp_plastic_concentration	https://theoceancleanup.com/api/v1/data/gpgp?format=json&year={year}&depth=surface&limit=500
endpoint-gone	ogle_ews_bulge_events_current_year	https://ogle.astrouw.edu.pl/ogle4/ews/{year}/blg.htm
endpoint-gone	ogle_ews_microlensing_current_events	https://ogle.astrouw.edu.pl/ogle4/ews/last.list
endpoint-gone	openghg_global_ghg_data_hub	https://openghg.org/api/v1/data?species=CO2&network=ICOS&start_date={today}&end_date={today}&format=json&limit=500
endpoint-gone	ospar_beach_litter_monitoring	https://odims.ospar.org/api/v1/data?theme=beach_litter&format=json&limit=500&year={year}
endpoint-gone	ospar_underwater_noise_register	https://odims.ospar.org/api/v1/data?theme=underwater_noise&format=json&limit=500&year={year}
endpoint-gone	owid_historical_land_use_statistics	https://ourworldindata.org/grapher/land-use-over-the-long-run.csv?csvType=full&useColumnShortNames=true
endpoint-gone	owid_living_planet_index_vertebrates	https://ourworldindata.org/grapher/living-planet-index-vertebrates.csv?csvType=full&useColumnShortNames=true
endpoint-gone	pangaea_benthic_foram_geochemistry	https://www.pangaea.de/api/datasets?format=json&maxResults=200&query=benthic+foraminifera+Mg+Ca+temperature&topic=PALEOCLIMATE&access=open
endpoint-gone	pangaea_black_shale_oae_organic_carbon	https://www.pangaea.de/api/datasets?format=json&maxResults=100&query=Cretaceous+OAE+organic+carbon+black+shale&topic=CHEMISTRY&access=open
endpoint-gone	pangaea_dsdp_odp_total_organic_carbon	https://www.pangaea.de/api/datasets?format=json&maxResults=200&query=total+organic+carbon+DSDP+ODP+sediment&topic=CHEMISTRY&access=open
endpoint-gone	pangaea_geotraces_iron_ocean_sections	https://www.pangaea.de/api/datasets?format=json&maxResults=200&query=GEOTRACES+dissolved+iron&topic=CHEMISTRY&access=open
endpoint-gone	pangaea_geotraces_trace_metals_zn_cu_mn	https://www.pangaea.de/api/datasets?format=json&maxResults=200&query=GEOTRACES+dissolved+zinc+copper+manganese&topic=CHEMISTRY&access=open
endpoint-gone	pangaea_gnip_oxygen_isotopes	https://www.pangaea.de/api/datasets?format=json&maxResults=500&query=GNIP+oxygen+isotope&topic=HYDROLOGY&access=open
endpoint-gone	pangaea_gnir_river_isotopes	https://www.pangaea.de/api/datasets?format=json&maxResults=300&query=GNIR+river+isotope&topic=HYDROLOGY&access=open
endpoint-gone	pangaea_ihfc_global_heat_flow	https://www.pangaea.de/api/datasets?format=json&maxResults=200&query=heat+flow+global&topic=GEOCHEMISTRY&access=open&keyword=IHFC
endpoint-gone	pangaea_iodp_methane_hydrate_sites	https://www.pangaea.de/api/datasets?format=json&maxResults=200&query=methane+hydrate+IODP+BSR&topic=GEOCHEMISTRY&access=open
endpoint-gone	pangaea_kosmos_kiel_mesocosm_data	https://www.pangaea.de/api/datasets?format=json&maxResults=100&query=KOSMOS+mesocosm+GEOMAR&topic=OCEANS&access=open
endpoint-gone	pangaea_mesocosm_ocean_acidification_ph	https://www.pangaea.de/api/datasets?format=json&maxResults=200&query=mesocosm+ocean+acidification+pH+CO2&topic=OCEANS&access=open
endpoint-gone	pangaea_ocean_datasets	https://www.pangaea.de/api/catalog?q=CTD+ocean+oxygen&count=500&type=dataset&maxDate={today}T00:00:00&minDate={year}-01-01T00:00:00
endpoint-gone	pangaea_ocean_microstructure_turbulence	https://www.pangaea.de/api/datasets?format=json&maxResults=200&query=microstructure+turbulence+dissipation+ocean&topic=PHYSICAL+OCEANOGRAPHY&access=open
endpoint-gone	pangaea_odp_iodp_porewater_geochemistry	https://www.pangaea.de/api/datasets?format=json&maxResults=200&query=porewater+geochemistry+ODP&topic=GEOCHEMISTRY&access=open
endpoint-gone	pangaea_odp_paleomagnetic_reversal_timescale	https://www.pangaea.de/api/datasets?format=json&maxResults=200&query=paleomagnetic+reversal+ODP+GPTS&topic=PALEOCLIMATE&access=open
endpoint-gone	pangaea_permafrost_ghg_flux_timeseries	https://www.pangaea.de/api/datasets?format=json&maxResults=200&query=permafrost+carbon+flux+CH4+CO2&topic=BIOCHEMISTRY&access=open
endpoint-gone	pangaea_ridge2000_hydrothermal_biology	https://www.pangaea.de/api/datasets?format=json&maxResults=200&query=hydrothermal+vent+biology+fauna&topic=BIOLOGY&access=open
endpoint-gone	pangaea_sediment_cores_deepocean	https://www.pangaea.de/api/datasets?format=json&maxResults=500&query=sediment+core+age+model&topic=PALEOCLIMATE&access=open
endpoint-gone	pangaea_sisal_speleothem_isotopes	https://www.pangaea.de/api/datasets?format=json&maxResults=200&query=speleothem+isotope+SISAL&topic=PALEOCLIMATE&access=open
endpoint-gone	pangaea_tex86_paleo_sst_reconstruction	https://www.pangaea.de/api/datasets?format=json&maxResults=200&query=TEX86+paleo+sea+surface+temperature&topic=PALEOCLIMATE&access=open
endpoint-gone	pangaea_uk37_alkenon_sst_ghost_database	https://www.pangaea.de/api/datasets?format=json&maxResults=200&query=UK37+alkenone+sea+surface+temperature+Holocene&topic=PALEOCLIMATE&access=open
endpoint-gone	pmel_dart_stations_geojson	https://www.pmel.noaa.gov/gt/dart/dart_map.json
endpoint-gone	pollynet_global_lidar_stations	http://polly.tropos.de/api/stations?format=json
endpoint-gone	psmsl_global_sea_level_trends	https://www.psmsl.org/data/obtaining/slowtrends/slowtrends.txt
endpoint-gone	psmsl_tide_gauge_stations	https://www.psmsl.org/data/obtaining/map.json
endpoint-gone	renass_france_earthquakes	https://renass.unistra.fr/fdsnws/event/1/query?format=geojson&minmagnitude=1.0&limit=500&orderby=time&starttime={today}T00:00:00
endpoint-gone	romsaf_gnss_ro_climatology	https://rom-saf.eumetsat.int/api/v1/products?format=json&type=climate&variable=temperature&limit=200
endpoint-gone	scisat_ace_fts_hcl_chlorine_reservoir	https://databace.scisat.ca/api/v2/profiles?species=HCl&version=v4.1&start={year}-{month}-01&end={year}-{month}-{day}&format=json&limit=200
endpoint-gone	scisat_ace_fts_methane_stratosphere	https://databace.scisat.ca/api/v2/profiles?species=CH4&version=v4.1&start={year}-{month}-01&end={year}-{month}-{day}&format=json&limit=500
endpoint-gone	scisat_ace_fts_ozone_profiles_monthly	https://databace.scisat.ca/api/v2/profiles?species=O3&version=v4.1&start={year}-{month}-01&end={year}-{month}-{day}&format=json&limit=500
endpoint-gone	sidc_daily_solar_activity_summary	https://www.sidc.be/products/bulletins/DAILY_BULLETIN.json
endpoint-gone	skao_sdc2_simulation_source_catalog	https://sdc2.astronomers.skatelescope.org/api/v1/catalog?format=json&limit=500&snr_min=5
endpoint-gone	socat_surface_ocean_co2_atlas	https://socat.info/api/v1/data?startdate={year}-01-01&enddate={today}&bbox={lon_min},{lat_min},{lon_max},{lat_max}&format=json&limit=500
endpoint-gone	soho_lasco_cme_catalog	https://cdaw.gsfc.nasa.gov/CME_list/UNIVERSAL/text_ver/univ_{year}_{month}.txt
endpoint-gone	sonel_gnss_sea_level_stations	https://www.sonel.org/spip.php?page=ls_gnss&format=json&limit=500
endpoint-gone	tccon_column_co2_ch4_network	https://data.caltech.edu/api/v1/records?q=tccon+methane&sort=mostrecent&size=50&format=json
endpoint-gone	temis_erythemal_uv_dose_daily	https://www.temis.nl/uvradiation/nrt/uvdose.php?date={year}{month}{day}&type=overpass&format=text
endpoint-gone	temis_gome2_total_ozone	https://www.temis.nl/airpollution/o3col/data/gome2_metopb/netcdf/o3_{year}{month}{day}.nc
endpoint-gone	temis_tropomi_no2_global	https://www.temis.nl/airpollution/no2col/data/tropomi/netcdf/no2_{year}{month}{day}.nc
endpoint-gone	temis_uv_index_global	https://www.temis.nl/uvradiation/UVindex/uvief_{year}{month}{day}.nc
endpoint-gone	unavco_nota_gps_network	https://www.unavco.org/instrumentation/networks/status/nota/sitelist.json
endpoint-gone	unosat_humanitarian_mapping_products	https://unosat.org/api/v1/products/?format=json&limit=200&ordering=-created_at&status=published&category=natural_disaster
endpoint-gone	usgs_mrds_mining_sites	https://mrdata.usgs.gov/mrds/geo-mrds.php?format=json&south=-90&north=90&west=-180&east=180&dep_type=PRODUCER&commod=&country=
endpoint-gone	uw_piomas_arctic_sea_ice_volume	http://psc.apl.uw.edu/research/projects/arctic-sea-ice-volume-anomaly/data/model_grid/PIOMAS.vol.daily.1979.2023.Current.v2.1.dat
endpoint-gone	vamdc_interstellar_molecules_catalog	https://cdms.astro.uni-koeln.de/vamdc/tap/rest/VAMDC-TAP/sync?REQUEST=doQuery&LANG=VSS2&FORMAT=application/x-xsams+xml&QUERY=SELECT+SPECIES+WHERE+MoleculeChemicalFormula%3D%27H2O%27
endpoint-gone	wdc_kyoto_geomag_aa_index	https://wdc.kugi.kyoto-u.ac.jp/aeasy/aeasy.cgi?Tens={year}0&Email=
endpoint-gone	wgms_fog_glacier_station_metadata	https://wgms.ch/api/v1/glaciers?format=json&has_mass_balance=true&limit=500
endpoint-gone	wgms_global_glacier_mass_balance_timeseries	https://wgms.ch/downloads/wgms_hd_ts.csv
endpoint-gone	who_airquality_database	https://data.who.int/api/3/action/datastore_search?resource_id=air-quality-pm25&limit=5000
endpoint-gone	who_global_air_quality_database_2022	https://data.who.int/api/v1/indicators/data?indicatorCode=AIR_10&format=json&limit=500&offset=0&areaCode=&year=2022
endpoint-gone	wri_global_power_plants_carto	https://cartocdn-gusc.global.ssl.fastly.net/wri-rw/api/v3/sql?q=SELECT+cartodb_id,the_geom,name,country,primary_fuel,capacity_mw,latitude,longitude+FROM+powerwatch_data_20180102+LIMIT+5000&format=geojson
endpoint-gone	wwlln_lightning_station_network	http://wwlln.net/cgi-bin/output.cgi?format=json&type=stations&limit=100
endpoint-gone	zenodo_hyde33_land_use_current_period	https://zenodo.org/api/records/3839861/files?access_token=&format=json
fabricated-vizier-table	vizier_2dfgrs_galaxy_redshift_survey	https://tapvizier.cds.unistra.fr/TAPVizieR/tap/sync?REQUEST=doQuery&LANG=ADQL&FORMAT=csv&QUERY=SELECT+TOP+3000+seqnum,RAJ2000,DEJ2000,z,bJ,eta,type+FROM+"VII/250/2dfgrs"+WHERE+RAJ2000+IS+NOT+NULL+AND+z>0.01+AND+z<0.3+ORDER+BY+bJ+ASC
fabricated-vizier-table	vizier_2mass_extended_source_catalog_xsc	https://tapvizier.cds.unistra.fr/TAPVizieR/tap/sync?REQUEST=doQuery&LANG=ADQL&FORMAT=csv&QUERY=SELECT+TOP+3000+designation,RAJ2000,DEJ2000,j_m_k20fe,h_m_k20fe,k_m_k20fe,j_ba,k_ba,type+FROM+"II/281/2massx"+WHERE+RAJ2000+IS+NOT+NULL+AND+k_m_k20fe<13+ORDER+BY+k_m_k20fe+ASC
fabricated-vizier-table	vizier_2mass_psc_nearby_bright	https://tapvizier.cds.unistra.fr/TAPVizieR/tap/sync?REQUEST=doQuery&LANG=ADQL&FORMAT=csv&QUERY=SELECT+TOP+3000+designation,RAJ2000,DEJ2000,Jmag,Hmag,Kmag,e_Jmag,Qflg+FROM+"II/246/out"+WHERE+Jmag<9+AND+RAJ2000+IS+NOT+NULL+ORDER+BY+Jmag+ASC
fabricated-vizier-table	vizier_2qz_quasar_survey	https://tapvizier.cds.unistra.fr/TAPVizieR/tap/sync?REQUEST=doQuery&LANG=ADQL&FORMAT=csv&QUERY=SELECT+TOP+2000+Name,RAJ2000,DEJ2000,z,bJ+FROM+"VII/241/2qz"+WHERE+RAJ2000+IS+NOT+NULL+AND+z>0+ORDER+BY+bJ+ASC
fabricated-vizier-table	vizier_3c_third_cambridge_radio_catalog	https://tapvizier.cds.unistra.fr/TAPVizieR/tap/sync?REQUEST=doQuery&LANG=ADQL&FORMAT=csv&QUERY=SELECT+TOP+340+Name,RAJ2000,DEJ2000,S178,S1400,z,Type+FROM+"VII/215/3cr"+WHERE+RAJ2000+IS+NOT+NULL+ORDER+BY+S178+DESC
fabricated-vizier-table	vizier_4most_1001mc_pilot_lmc_smc	https://tapvizier.cds.unistra.fr/TAPVizieR/tap/sync?REQUEST=doQuery&LANG=ADQL&FORMAT=csv&QUERY=SELECT+TOP+3000+sourceID,RAJ2000,DEJ2000,Imag,Jmag,Ksmag,type,priority+FROM+"J/A+A/677/A161/catalog"+WHERE+RAJ2000+IS+NOT+NULL+AND+Imag<20+ORDER+BY+Imag+ASC
fabricated-vizier-table	vizier_4most_4midable_galactic_archaeology	https://tapvizier.cds.unistra.fr/TAPVizieR/tap/sync?REQUEST=doQuery&LANG=ADQL&FORMAT=csv&QUERY=SELECT+TOP+3000+sourceID,RAJ2000,DEJ2000,Vmag,Jmag,Ksmag,priority,component+FROM+"J/A+A/677/A151/catalog"+WHERE+RAJ2000+IS+NOT+NULL+AND+Vmag<18+ORDER+BY+Vmag+ASC
fabricated-vizier-table	vizier_4xmm_dr13_serendipitous	https://tapvizier.cds.unistra.fr/TAPVizieR/tap/sync?REQUEST=doQuery&LANG=ADQL&FORMAT=csv&QUERY=SELECT+TOP+3000+IAUNAME,SC_RA,SC_DEC,SC_EP_TOT_FLUX,SC_HR1,SC_HR2,SC_VAR_FLAG+FROM+"IX/67/4xmmdr13s"+WHERE+SC_RA+IS+NOT+NULL+AND+SC_EP_TOT_FLUX>1e-13+ORDER+BY+SC_EP_TOT_FLUX+DESC
fabricated-vizier-table	vizier_6dfgs_galaxy_survey	https://tapvizier.cds.unistra.fr/TAPVizieR/tap/sync?REQUEST=doQuery&LANG=ADQL&FORMAT=csv&QUERY=SELECT+TOP+3000+targetname,RAJ2000,DEJ2000,z,Ktot,Jmag,Hmag+FROM+"J/MNRAS/399/683/6dfgs"+WHERE+RAJ2000+IS+NOT+NULL+AND+z>0.001+ORDER+BY+z+ASC
fabricated-vizier-table	vizier_act_dr4_sources	https://tapvizier.cds.unistra.fr/TAPVizieR/tap/sync?REQUEST=doQuery&LANG=ADQL&FORMAT=csv&QUERY=SELECT+TOP+3000+Name,RAJ2000,DEJ2000,S148,S218,S277+FROM+"J/ApJS/247/25/E-D56N"+WHERE+S148+IS+NOT+NULL+ORDER+BY+S148+DESC
fabricated-vizier-table	vizier_act_dr5_sz_cluster_catalog	https://tapvizier.cds.unistra.fr/TAPVizieR/tap/sync?REQUEST=doQuery&LANG=ADQL&FORMAT=csv&QUERY=SELECT+TOP+3000+name,RAJ2000,DEJ2000,z,Y500,M500,SNR+FROM+"J/ApJS/253/3/catalog"+WHERE+RAJ2000+IS+NOT+NULL+AND+SNR>4+ORDER+BY+SNR+DESC
fabricated-vizier-table	vizier_act_dr6_cmb_power_spectrum	https://tapvizier.cds.unistra.fr/TAPVizieR/tap/sync?REQUEST=doQuery&LANG=ADQL&FORMAT=csv&QUERY=SELECT+TOP+1000+ell,TT,e_TT,EE,e_EE,TE,e_TE,BB,e_BB+FROM+"J/JCAP/2024/1/080/table1"+WHERE+ell+IS+NOT+NULL+ORDER+BY+ell+ASC
fabricated-vizier-table	vizier_allwise_infrared_catalog_bright	https://tapvizier.cds.unistra.fr/TAPVizieR/tap/sync?REQUEST=doQuery&LANG=ADQL&FORMAT=csv&QUERY=SELECT+TOP+3000+designation,RAJ2000,DEJ2000,W1mag,W2mag,W3mag,W4mag,e_W1mag,var_flg,ext_flg+FROM+"II/328/allwise"+WHERE+W1mag<9+AND+RAJ2000+IS+NOT+NULL+ORDER+BY+W1mag+ASC
fabricated-vizier-table	vizier_alma_calibrator_source_catalog	https://tapvizier.cds.unistra.fr/TAPVizieR/tap/sync?REQUEST=doQuery&LANG=ADQL&FORMAT=csv&QUERY=SELECT+TOP+1000+Name,RAJ2000,DEJ2000,F100GHz,F230GHz,F345GHz,alpha,Type+FROM+"J/A+A/647/A49/catalog"+WHERE+RAJ2000+IS+NOT+NULL+AND+F100GHz>0.1+ORDER+BY+F100GHz+DESC
fabricated-vizier-table	vizier_alma_imf_dense_core_catalog	https://tapvizier.cds.unistra.fr/TAPVizieR/tap/sync?REQUEST=doQuery&LANG=ADQL&FORMAT=csv&QUERY=SELECT+TOP+1000+Name,RAJ2000,DEJ2000,Fp3mm,Sp3mm,e_Sp3mm,Mass,Type+FROM+"J/A+A/662/A8/catalog"+WHERE+RAJ2000+IS+NOT+NULL+ORDER+BY+Sp3mm+DESC
fabricated-vizier-table	vizier_antarctica_geothermal_heat_flow	https://tapvizier.cds.unistra.fr/TAPVizieR/tap/sync?REQUEST=doQuery&LANG=ADQL&FORMAT=csv&QUERY=SELECT+TOP+2000+Lat,Lon,GHF,e_GHF,Method,Rock_type+FROM+"J/Geochem.Geophys.Geosys./21/e2020GC009428/table1"+WHERE+Lat+IS+NOT+NULL+ORDER+BY+GHF+DESC
fabricated-vizier-table	vizier_apogee_galactic_bulge_survey	https://tapvizier.cds.unistra.fr/TAPVizieR/tap/sync?REQUEST=doQuery&LANG=ADQL&FORMAT=csv&QUERY=SELECT+TOP+2000+APOGEE_ID,RA,DEC,GLON,GLAT,Teff,logg,M_H,alpha_M,DIST_BPG+FROM+"III/286/allstars"+WHERE+ABS(GLAT)<10+AND+ABS(GLON)<30+AND+RA+IS+NOT+NULL+ORDER+BY+DIST_BPG+ASC
fabricated-vizier-table	vizier_apollo_moonquake_catalog	https://tapvizier.cds.unistra.fr/TAPVizieR/tap/sync?REQUEST=doQuery&LANG=ADQL&FORMAT=csv&QUERY=SELECT+TOP+500+Year,Day,Hour,Min,Sec,Lat,Lon,Depth,Mag,Class+FROM+"J/Icarus/219/789/table1"+WHERE+Lat+IS+NOT+NULL+ORDER+BY+Mag+DESC
fabricated-vizier-table	vizier_at2017gfo_kilonova_photometry	https://tapvizier.cds.unistra.fr/TAPVizieR/tap/sync?REQUEST=doQuery&LANG=ADQL&FORMAT=csv&QUERY=SELECT+TOP+500+MJD,Band,Mag,e_Mag,Source+FROM+"J/ApJ/848/L17/table1"+WHERE+MJD+IS+NOT+NULL+ORDER+BY+MJD+ASC
fabricated-vizier-table	vizier_atlas_reflex_allsky_photometry	https://tapvizier.cds.unistra.fr/TAPVizieR/tap/sync?REQUEST=doQuery&LANG=ADQL&FORMAT=csv&QUERY=SELECT+TOP+3000+objID,RAJ2000,DEJ2000,gmag,rmag,imag,zmag,e_gmag+FROM+"II/391/catalog"+WHERE+RAJ2000+IS+NOT+NULL+AND+gmag<18+AND+1%3DCONTAINS(POINT('ICRS',RAJ2000,DEJ2000),CIRCLE('ICRS',{lat},{lon},1.0))+ORDER+BY+gmag+ASC
fabricated-vizier-table	vizier_atlasgal_galactic_plane	https://tapvizier.cds.unistra.fr/TAPVizieR/tap/sync?REQUEST=doQuery&LANG=ADQL&FORMAT=csv&QUERY=SELECT+TOP+3000+Source,GLON,GLAT,RAJ2000,DEJ2000,Fpeak,Fint,FWHM+FROM+"J/A+A/565/A75/csc"+WHERE+GLON+IS+NOT+NULL+ORDER+BY+Fpeak+DESC
fabricated-vizier-table	vizier_atnf_millisecond_pulsars	https://tapvizier.cds.unistra.fr/TAPVizieR/tap/sync?REQUEST=doQuery&LANG=ADQL&FORMAT=csv&QUERY=SELECT+TOP+500+JNAME,RAJ,DECJ,P0,DM,DIST,ASSOC,Binary,Type+FROM+"VII/304/catalog"+WHERE+P0<0.03+AND+RAJ+IS+NOT+NULL+ORDER+BY+P0+ASC
fabricated-vizier-table	vizier_atomdb_xray_plasma_model_lines	https://tapvizier.cds.unistra.fr/TAPVizieR/tap/sync?REQUEST=doQuery&LANG=ADQL&FORMAT=csv&QUERY=SELECT+TOP+500+Ion,Lambda_A,log_T,Emissivity,Wavenumber+FROM+"J/ApJ/688/1102/table1"+WHERE+Lambda_A>6+AND+Lambda_A<7+ORDER+BY+Emissivity+DESC
fabricated-vizier-table	vizier_best_heckman_radio_galaxies	https://tapvizier.cds.unistra.fr/TAPVizieR/tap/sync?REQUEST=doQuery&LANG=ADQL&FORMAT=csv&QUERY=SELECT+TOP+3000+SDSS,RAJ2000,DEJ2000,z,P1400,otype,Class+FROM+"J/MNRAS/421/1569/table1"+WHERE+RAJ2000+IS+NOT+NULL+ORDER+BY+P1400+DESC
fabricated-vizier-table	vizier_bicep_keck_cmb_bmode_power_spectrum	https://tapvizier.cds.unistra.fr/TAPVizieR/tap/sync?REQUEST=doQuery&LANG=ADQL&FORMAT=csv&QUERY=SELECT+TOP+200+ell,BB_power,BB_err,EE_power,EE_err+FROM+"J/PhRvL/127/151301/table1"+WHERE+ell+IS+NOT+NULL+ORDER+BY+ell+ASC
fabricated-vizier-table	vizier_boss_dr12_supercluster_catalog	https://tapvizier.cds.unistra.fr/TAPVizieR/tap/sync?REQUEST=doQuery&LANG=ADQL&FORMAT=csv&QUERY=SELECT+TOP+500+SCl,RAJ2000,DEJ2000,z,Ngal,Lum,Vol+FROM+"J/A+A/539/A80/table2"+WHERE+RAJ2000+IS+NOT+NULL+AND+Ngal>50+ORDER+BY+Lum+DESC
fabricated-vizier-table	vizier_boss_dr12_void_catalog	https://tapvizier.cds.unistra.fr/TAPVizieR/tap/sync?REQUEST=doQuery&LANG=ADQL&FORMAT=csv&QUERY=SELECT+TOP+2600+VoidID,RAJ2000,DEJ2000,Rvoid,Redshift,Delta+FROM+"J/MNRAS/472/3457/table1"+WHERE+RAJ2000+IS+NOT+NULL+ORDER+BY+Rvoid+DESC
fabricated-vizier-table	vizier_brown_dwarf_catalog_dynamic_masses	https://tapvizier.cds.unistra.fr/TAPVizieR/tap/sync?REQUEST=doQuery&LANG=ADQL&FORMAT=csv&QUERY=SELECT+TOP+200+Name,RAJ2000,DEJ2000,Dist,SpType,Mtot,M1,M2,Sep+FROM+"J/ApJS/231/15/table1"+WHERE+RAJ2000+IS+NOT+NULL+ORDER+BY+Mtot+ASC
fabricated-vizier-table	vizier_brown_dwarf_spectral_library	https://tapvizier.cds.unistra.fr/TAPVizieR/tap/sync?REQUEST=doQuery&LANG=ADQL&FORMAT=csv&QUERY=SELECT+TOP+100+Name,RAJ2000,DEJ2000,Dist,SpType,Jmag,Hmag,Kmag+FROM+"J/ApJ/623/1115/table1"+WHERE+RAJ2000+IS+NOT+NULL+ORDER+BY+Dist+ASC
fabricated-vizier-table	vizier_bzcat5_blazars	https://tapvizier.cds.unistra.fr/TAPVizieR/tap/sync?REQUEST=doQuery&LANG=ADQL&FORMAT=csv&QUERY=SELECT+TOP+4000+Name,RAJ2000,DEJ2000,z,Bmag,LogFlux,Type+FROM+"VII/274/bzcat5"+WHERE+RAJ2000+IS+NOT+NULL+ORDER+BY+LogFlux+DESC
fabricated-vizier-table	vizier_califa_ifs_galaxy_survey_dr3	https://tapvizier.cds.unistra.fr/TAPVizieR/tap/sync?REQUEST=doQuery&LANG=ADQL&FORMAT=csv&QUERY=SELECT+TOP+667+CALIFA_ID,RAJ2000,DEJ2000,z,Vmag,r50_kpc,log_Mstar,logSFR+FROM+"J/A+A/576/A135/catalog"+WHERE+RAJ2000+IS+NOT+NULL+ORDER+BY+log_Mstar+DESC
fabricated-vizier-table	vizier_caliop_sahara_dust_optical_depth	https://tapvizier.cds.unistra.fr/TAPVizieR/tap/sync?REQUEST=doQuery&LANG=ADQL&FORMAT=csv&QUERY=SELECT+TOP+1000+lat,lon,month,aod_dust,aod_total,height_dust+FROM+"J/J.Geophys.Res./113/D20207/table1"+WHERE+lat+IS+NOT+NULL+ORDER+BY+aod_dust+DESC
fabricated-vizier-table	vizier_candels_goods_south_catalog	https://tapvizier.cds.unistra.fr/TAPVizieR/tap/sync?REQUEST=doQuery&LANG=ADQL&FORMAT=csv&QUERY=SELECT+TOP+3000+ID,RAJ2000,DEJ2000,z_phot,H160,J125,Y105,V606,z_spec,type+FROM+"J/ApJS/207/24/catalog"+WHERE+RAJ2000+IS+NOT+NULL+AND+H160<26+ORDER+BY+z_phot+ASC
fabricated-vizier-table	vizier_carmenes_m_dwarf_survey	https://tapvizier.cds.unistra.fr/TAPVizieR/tap/sync?REQUEST=doQuery&LANG=ADQL&FORMAT=csv&QUERY=SELECT+TOP+300+Name,RAJ2000,DEJ2000,Dist,Teff,logg,Met,Vsini,Prot+FROM+"J/A+A/636/A108/tablea1"+WHERE+RAJ2000+IS+NOT+NULL+ORDER+BY+Dist+ASC
fabricated-vizier-table	vizier_cassini_vims_saturn_ring_spectroscopy	https://tapvizier.cds.unistra.fr/TAPVizieR/tap/sync?REQUEST=doQuery&LANG=ADQL&FORMAT=csv&QUERY=SELECT+TOP+200+Ring,Radius_km,I_F_vis,I_F_nir,Albedo,Composition+FROM+"J/Icarus/281/220/table1"+WHERE+Ring+IS+NOT+NULL+ORDER+BY+I_F_vis+DESC
fabricated-vizier-table	vizier_ceers_miri_photometric_catalog	https://tapvizier.cds.unistra.fr/TAPVizieR/tap/sync?REQUEST=doQuery&LANG=ADQL&FORMAT=csv&QUERY=SELECT+TOP+2000+ID,RAJ2000,DEJ2000,F770W,F1280W,F1800W,F2100W,z_phot+FROM+"J/ApJ/946/15/catalog"+WHERE+RAJ2000+IS+NOT+NULL+AND+F770W>0+ORDER+BY+F770W+DESC
fabricated-vizier-table	vizier_cenogrid_cenozoic_d18o_stack	https://tapvizier.cds.unistra.fr/TAPVizieR/tap/sync?REQUEST=doQuery&LANG=ADQL&FORMAT=csv&QUERY=SELECT+TOP+3000+Age,d18O,d13C,Stack,Site+FROM+"J/Science/369/1383/table1"+WHERE+Age+IS+NOT+NULL+ORDER+BY+Age+ASC
fabricated-vizier-table	vizier_cenogrid_mgca_deep_sea_temperature	https://tapvizier.cds.unistra.fr/TAPVizieR/tap/sync?REQUEST=doQuery&LANG=ADQL&FORMAT=csv&QUERY=SELECT+TOP+2000+Age,BWT,d18O,Stack+FROM+"J/Science/369/1383/table2"+WHERE+Age+IS+NOT+NULL+ORDER+BY+Age+ASC
fabricated-vizier-table	vizier_cgps_galactic_rm_catalog	https://tapvizier.cds.unistra.fr/TAPVizieR/tap/sync?REQUEST=doQuery&LANG=ADQL&FORMAT=csv&QUERY=SELECT+TOP+1000+RAJ2000,DEJ2000,RM,e_RM,Flux,Flux_pol+FROM+"J/ApJ/596/1142/table1"+WHERE+RAJ2000+IS+NOT+NULL+ORDER+BY+ABS(RM)+DESC
fabricated-vizier-table	vizier_cgps_hi_radio_continuum	https://tapvizier.cds.unistra.fr/TAPVizieR/tap/sync?REQUEST=doQuery&LANG=ADQL&FORMAT=csv&QUERY=SELECT+TOP+2000+CGPS,RAJ2000,DEJ2000,S1420,e_S1420,S408,alpha+FROM+"J/AJ/125/3145/catalog"+WHERE+RAJ2000+IS+NOT+NULL+AND+S1420>50+ORDER+BY+S1420+DESC
fabricated-vizier-table	vizier_chime_frb_cat1	https://tapvizier.cds.unistra.fr/TAPVizieR/tap/sync?REQUEST=doQuery&LANG=ADQL&FORMAT=csv&QUERY=SELECT+TOP+600+TNS,RAJ2000,DEJ2000,DM,Width,Fluence,SNR+FROM+"J/ApJS/257/59/catalog"+ORDER+BY+SNR+DESC
fabricated-vizier-table	vizier_chipass_1ghz_southern_sky	https://tapvizier.cds.unistra.fr/TAPVizieR/tap/sync?REQUEST=doQuery&LANG=ADQL&FORMAT=csv&QUERY=SELECT+TOP+2000+GLON,GLAT,RAJ2000,DEJ2000,TB_1400,Sigma_1400+FROM+"J/PASA/31/7/table1"+WHERE+RAJ2000+IS+NOT+NULL+AND+TB_1400>5+ORDER+BY+TB_1400+DESC
fabricated-vizier-table	vizier_cloudy_agn_nlr_photoionization_models	https://tapvizier.cds.unistra.fr/TAPVizieR/tap/sync?REQUEST=doQuery&LANG=ADQL&FORMAT=csv&QUERY=SELECT+TOP+1000+logU,logZ,OIII_Hb,NII_Ha,SII_Ha,OI_Ha,Ha_flux+FROM+"J/MNRAS/461/3570/table1"+WHERE+logU+IS+NOT+NULL+ORDER+BY+OIII_Hb+DESC
fabricated-vizier-table	vizier_cornish_5ghz_galactic_plane	https://tapvizier.cds.unistra.fr/TAPVizieR/tap/sync?REQUEST=doQuery&LANG=ADQL&FORMAT=csv&QUERY=SELECT+TOP+3000+Name,GLON,GLAT,RAJ2000,DEJ2000,Sp,Fpeak,alpha,Class+FROM+"J/ApJS/205/1/catalog"+WHERE+RAJ2000+IS+NOT+NULL+AND+Fpeak>1+ORDER+BY+Fpeak+DESC
fabricated-vizier-table	vizier_cos_halos_cgm_metallicity_survey	https://tapvizier.cds.unistra.fr/TAPVizieR/tap/sync?REQUEST=doQuery&LANG=ADQL&FORMAT=csv&QUERY=SELECT+TOP+200+QSO,RAJ2000,DEJ2000,zabs,Ion,EW,logNHI,Metal+FROM+"J/ApJS/204/17/table2"+WHERE+RAJ2000+IS+NOT+NULL+ORDER+BY+logNHI+DESC
fabricated-vizier-table	vizier_cosmograil_time_delay_lenses	https://tapvizier.cds.unistra.fr/TAPVizieR/tap/sync?REQUEST=doQuery&LANG=ADQL&FORMAT=csv&QUERY=SELECT+TOP+100+Lens,RAJ2000,DEJ2000,zl,zs,DeltaT+FROM+"J/A+A/536/A53/table1"+WHERE+RAJ2000+IS+NOT+NULL+ORDER+BY+DeltaT+DESC
fabricated-vizier-table	vizier_cosmosweb_highz_galaxy_candidates	https://tapvizier.cds.unistra.fr/TAPVizieR/tap/sync?REQUEST=doQuery&LANG=ADQL&FORMAT=csv&QUERY=SELECT+TOP+500+ID,RAJ2000,DEJ2000,z_phot,z_phot_lo,z_phot_hi,F277W,F444W,Mstar+FROM+"J/ApJ/965/98/catalog"+WHERE+RAJ2000+IS+NOT+NULL+AND+z_phot>5.5+ORDER+BY+z_phot+DESC
fabricated-vizier-table	vizier_cosmosweb_miri_f770w_catalog	https://tapvizier.cds.unistra.fr/TAPVizieR/tap/sync?REQUEST=doQuery&LANG=ADQL&FORMAT=csv&QUERY=SELECT+TOP+2000+ID,RAJ2000,DEJ2000,z_phot,F770W,F444W,F277W,type+FROM+"J/ApJ/954/32/catalog"+WHERE+RAJ2000+IS+NOT+NULL+AND+F770W<25+ORDER+BY+F770W+ASC
fabricated-vizier-table	vizier_cosmoswebdr1_nircam_photometry	https://tapvizier.cds.unistra.fr/TAPVizieR/tap/sync?REQUEST=doQuery&LANG=ADQL&FORMAT=csv&QUERY=SELECT+TOP+3000+ID,RAJ2000,DEJ2000,z_phot,F115W,F150W,F277W,F444W,Mstar,SFR+FROM+"J/ApJ/954/31/catalog"+WHERE+RAJ2000+IS+NOT+NULL+AND+z_phot>0.1+ORDER+BY+z_phot+ASC
fabricated-vizier-table	vizier_csp_i_dr3_snia_photometry	https://tapvizier.cds.unistra.fr/TAPVizieR/tap/sync?REQUEST=doQuery&LANG=ADQL&FORMAT=csv&QUERY=SELECT+TOP+300+SN,RAJ2000,DEJ2000,z,sBV,E_B_V,muhat,MJD_Bmax,Delta+FROM+"J/AJ/154/211/table1"+WHERE+RAJ2000+IS+NOT+NULL+ORDER+BY+z+ASC
fabricated-vizier-table	vizier_des_y6_cluster_mass_catalog	https://tapvizier.cds.unistra.fr/TAPVizieR/tap/sync?REQUEST=doQuery&LANG=ADQL&FORMAT=csv&QUERY=SELECT+TOP+1000+RA,DEC,REDSHIFT,RICHNESS,MASS_WL,MASS_WL_ERR+FROM+"J/ApJ/872/20/table1"+WHERE+RA+IS+NOT+NULL+AND+RICHNESS>20+ORDER+BY+MASS_WL+DESC
fabricated-vizier-table	vizier_des_y6_weak_lensing_catalog	https://tapvizier.cds.unistra.fr/TAPVizieR/tap/sync?REQUEST=doQuery&LANG=ADQL&FORMAT=csv&QUERY=SELECT+TOP+3000+ra,dec,e1,e2,w,R,zpdf,magi&FROM+"J/ApJ/984/1/catalog"+WHERE+ra+IS+NOT+NULL+AND+w>0+ORDER+BY+zpdf+ASC
fabricated-vizier-table	vizier_desi_edr_bgs_galaxies	https://tapvizier.cds.unistra.fr/TAPVizieR/tap/sync?REQUEST=doQuery&LANG=ADQL&FORMAT=csv&QUERY=SELECT+TOP+3000+TARGETID,RAJ2000,DEJ2000,Z,ZERR,ZWARN,SPECTYPE,ABSMAG_R,LOGMSTAR+FROM+"J/AJ/168/58/catalog"+WHERE+RAJ2000+IS+NOT+NULL+AND+ZWARN%3D0+AND+Z>0.01+ORDER+BY+Z+ASC
fabricated-vizier-table	vizier_desi_edr_elg_catalog	https://tapvizier.cds.unistra.fr/TAPVizieR/tap/sync?REQUEST=doQuery&LANG=ADQL&FORMAT=csv&QUERY=SELECT+TOP+3000+TARGETID,RAJ2000,DEJ2000,Z,ZERR,ZWARN,OII_FLUX,OII_EW+FROM+"J/ApJS/271/12/elg"+WHERE+RAJ2000+IS+NOT+NULL+AND+ZWARN%3D0+AND+Z>0.5+ORDER+BY+OII_FLUX+DESC
fabricated-vizier-table	vizier_desi_edr_lrg_catalog	https://tapvizier.cds.unistra.fr/TAPVizieR/tap/sync?REQUEST=doQuery&LANG=ADQL&FORMAT=csv&QUERY=SELECT+TOP+3000+TARGETID,RAJ2000,DEJ2000,Z,ZERR,ZWARN,GMAG,RMAG,ZMAG+FROM+"J/ApJS/271/12/lrg"+WHERE+RAJ2000+IS+NOT+NULL+AND+ZWARN%3D0+AND+Z>0.3+ORDER+BY+Z+ASC
fabricated-vizier-table	vizier_desi_edr_lya_forest_qso_sample	https://tapvizier.cds.unistra.fr/TAPVizieR/tap/sync?REQUEST=doQuery&LANG=ADQL&FORMAT=csv&QUERY=SELECT+TOP+3000+TARGETID,RAJ2000,DEJ2000,Z,ZERR+FROM+"J/ApJS/271/12/qso"+WHERE+RAJ2000+IS+NOT+NULL+AND+ZWARN%3D0+AND+Z>2.1+ORDER+BY+Z+ASC
fabricated-vizier-table	vizier_desi_edr_qso_catalog	https://tapvizier.cds.unistra.fr/TAPVizieR/tap/sync?REQUEST=doQuery&LANG=ADQL&FORMAT=csv&QUERY=SELECT+TOP+3000+TARGETID,RAJ2000,DEJ2000,Z,ZERR,ZWARN,RMAG+FROM+"J/ApJS/271/12/qso"+WHERE+RAJ2000+IS+NOT+NULL+AND+ZWARN%3D0+AND+Z>0.5+ORDER+BY+Z+ASC
fabricated-vizier-table	vizier_direct_imaging_exoplanet_catalog	https://tapvizier.cds.unistra.fr/TAPVizieR/tap/sync?REQUEST=doQuery&LANG=ADQL&FORMAT=csv&QUERY=SELECT+TOP+200+Name,RAJ2000,DEJ2000,Dist,Mstar,Mplan,Sma,Ecc,Inc,Age,Method+FROM+"B/exo/planet"+WHERE+Method+LIKE+'%25Ima%25'+AND+RAJ2000+IS+NOT+NULL+ORDER+BY+Mplan+ASC
fabricated-vizier-table	vizier_dsharp_alma_protoplanetary_disks	https://tapvizier.cds.unistra.fr/TAPVizieR/tap/sync?REQUEST=doQuery&LANG=ADQL&FORMAT=csv&QUERY=SELECT+TOP+25+Name,RAJ2000,DEJ2000,Dist,Flux240,Rout,incl,PA,SpType+FROM+"J/ApJ/869/L41/table1"+WHERE+RAJ2000+IS+NOT+NULL+ORDER+BY+Flux240+DESC
fabricated-vizier-table	vizier_eboss_dr16_cmass_galaxies	https://tapvizier.cds.unistra.fr/TAPVizieR/tap/sync?REQUEST=doQuery&LANG=ADQL&FORMAT=csv&QUERY=SELECT+TOP+3000+OBJID,RAJ2000,DEJ2000,Z,ZWARNING,G_MAG,R_MAG,I_MAG+FROM+"J/ApJS/250/8/cmass"+WHERE+RAJ2000+IS+NOT+NULL+AND+ZWARNING%3D0+AND+Z>0.4+ORDER+BY+Z+ASC
fabricated-vizier-table	vizier_eboss_dr16_elg_catalog	https://tapvizier.cds.unistra.fr/TAPVizieR/tap/sync?REQUEST=doQuery&LANG=ADQL&FORMAT=csv&QUERY=SELECT+TOP+3000+TARGETID,RAJ2000,DEJ2000,Z,ZWARNING,G_MAG,R_MAG+FROM+"J/ApJS/250/8/elg"+WHERE+RAJ2000+IS+NOT+NULL+AND+ZWARNING%3D0+AND+Z>0.6+ORDER+BY+Z+ASC
fabricated-vizier-table	vizier_eboss_dr16_lowz_galaxies	https://tapvizier.cds.unistra.fr/TAPVizieR/tap/sync?REQUEST=doQuery&LANG=ADQL&FORMAT=csv&QUERY=SELECT+TOP+3000+OBJID,RAJ2000,DEJ2000,Z,ZWARNING,R_MAG+FROM+"J/ApJS/250/8/lowz"+WHERE+RAJ2000+IS+NOT+NULL+AND+ZWARNING%3D0+AND+Z>0.15+ORDER+BY+Z+ASC
fabricated-vizier-table	vizier_eboss_dr16_lya_forest_qso_catalog	https://tapvizier.cds.unistra.fr/TAPVizieR/tap/sync?REQUEST=doQuery&LANG=ADQL&FORMAT=csv&QUERY=SELECT+TOP+3000+TARGETID,RAJ2000,DEJ2000,Z,ZWARN,G_MAG,R_MAG+FROM+"J/ApJ/901/153/catalog"+WHERE+RAJ2000+IS+NOT+NULL+AND+ZWARN%3D0+AND+Z>2.1+ORDER+BY+Z+ASC
fabricated-vizier-table	vizier_edges_global_21cm_absorption	https://tapvizier.cds.unistra.fr/TAPVizieR/tap/sync?REQUEST=doQuery&LANG=ADQL&FORMAT=csv&QUERY=SELECT+TOP+500+Freq_MHz,T21_mK,Residuals_mK,z_approx+FROM+"J/Nature/555/67/table1"+WHERE+Freq_MHz+IS+NOT+NULL+ORDER+BY+Freq_MHz+ASC
fabricated-vizier-table	vizier_einstein_probe_wxt_transient_catalog_2025	https://tapvizier.cds.unistra.fr/TAPVizieR/tap/sync?REQUEST=doQuery&LANG=ADQL&FORMAT=csv&QUERY=SELECT+TOP+500+Name,RAJ2000,DEJ2000,t_trigger,Flux_peak,Flux_avg,Duration,Type,z+FROM+"J/A+A/697/A50/catalog"+WHERE+RAJ2000+IS+NOT+NULL+ORDER+BY+Flux_peak+DESC
fabricated-vizier-table	vizier_erosita_erass1_agn_catalog	https://tapvizier.cds.unistra.fr/TAPVizieR/tap/sync?REQUEST=doQuery&LANG=ADQL&FORMAT=csv&QUERY=SELECT+TOP+3000+IAUNAME,RA_CORR,DEC_CORR,Z_BEST,CLASS,ML_FLUX_0,NWAY_MATCH_PROB+FROM+"J/A+A/661/A3/catalog"+WHERE+RA_CORR+IS+NOT+NULL+AND+CLASS%3D'AGN'+AND+NWAY_MATCH_PROB>0.5+ORDER+BY+ML_FLUX_0+DESC
fabricated-vizier-table	vizier_erosita_erass1_cluster_catalog	https://tapvizier.cds.unistra.fr/TAPVizieR/tap/sync?REQUEST=doQuery&LANG=ADQL&FORMAT=csv&QUERY=SELECT+TOP+3000+NAME,RA,DEC,REDSHIFT,FLUX_05_20,LX,TX,R500c,M500c+FROM+"J/A+A/661/A10/catalog"+WHERE+RA+IS+NOT+NULL+AND+REDSHIFT+IS+NOT+NULL+ORDER+BY+FLUX_05_20+DESC
fabricated-vizier-table	vizier_erosita_erass1_main_catalog	https://tapvizier.cds.unistra.fr/TAPVizieR/tap/sync?REQUEST=doQuery&LANG=ADQL&FORMAT=csv&QUERY=SELECT+TOP+3000+IAUNAME,RA_CORR,DEC_CORR,ML_FLUX_0,ML_FLUX_1,ML_FLUX_2,EXT,EXT_LIKE,DET_LIKE+FROM+"J/A+A/661/A1/catalog"+WHERE+RA_CORR+IS+NOT+NULL+AND+DET_LIKE>8+ORDER+BY+ML_FLUX_0+DESC
fabricated-vizier-table	vizier_erosita_erass4_agn_variability	https://tapvizier.cds.unistra.fr/TAPVizieR/tap/sync?REQUEST=doQuery&LANG=ADQL&FORMAT=csv&QUERY=SELECT+TOP+2000+IAUNAME,RA_CORR,DEC_CORR,Z_BEST,var_ratio,var_class,FLUX_ERASS1,FLUX_ERASS4+FROM+"J/A+A/697/A101/catalog"+WHERE+RA_CORR+IS+NOT+NULL+AND+var_ratio>2+ORDER+BY+var_ratio+DESC
fabricated-vizier-table	vizier_erosita_erass4_stacked_catalog	https://tapvizier.cds.unistra.fr/TAPVizieR/tap/sync?REQUEST=doQuery&LANG=ADQL&FORMAT=csv&QUERY=SELECT+TOP+3000+IAUNAME,RA_CORR,DEC_CORR,ML_FLUX_0,ML_FLUX_1,EXT,DET_LIKE,NDET+FROM+"J/A+A/697/A100/catalog"+WHERE+RA_CORR+IS+NOT+NULL+AND+DET_LIKE>10+ORDER+BY+ML_FLUX_0+DESC
fabricated-vizier-table	vizier_euclid_q1_morphological_catalog	https://tapvizier.cds.unistra.fr/TAPVizieR/tap/sync?REQUEST=doQuery&LANG=ADQL&FORMAT=csv&QUERY=SELECT+TOP+3000+ID,RAJ2000,DEJ2000,IE,z_phot,n_sersic,Re_arcsec,ell,PA,Chi2+FROM+"J/A+A/697/A15/catalog"+WHERE+RAJ2000+IS+NOT+NULL+AND+n_sersic>0+ORDER+BY+Re_arcsec+DESC
fabricated-vizier-table	vizier_euclid_q1_nisp_photometric_catalog	https://tapvizier.cds.unistra.fr/TAPVizieR/tap/sync?REQUEST=doQuery&LANG=ADQL&FORMAT=csv&QUERY=SELECT+TOP+3000+ID,RAJ2000,DEJ2000,YE,JE,HE,e_YE,e_HE,z_phot+FROM+"J/A+A/697/A2/catalog"+WHERE+RAJ2000+IS+NOT+NULL+AND+HE<23+ORDER+BY+HE+ASC
fabricated-vizier-table	vizier_euclid_q1_photometric_redshifts	https://tapvizier.cds.unistra.fr/TAPVizieR/tap/sync?REQUEST=doQuery&LANG=ADQL&FORMAT=csv&QUERY=SELECT+TOP+3000+ID,RAJ2000,DEJ2000,z_phot,z_phot_err,z_68_lo,z_68_hi,ODDS,PHZ_method+FROM+"J/A+A/697/A10/catalog"+WHERE+RAJ2000+IS+NOT+NULL+AND+z_phot>0.1+ORDER+BY+z_phot+ASC
fabricated-vizier-table	vizier_euclid_q1_vis_photometric_catalog	https://tapvizier.cds.unistra.fr/TAPVizieR/tap/sync?REQUEST=doQuery&LANG=ADQL&FORMAT=csv&QUERY=SELECT+TOP+3000+ID,RAJ2000,DEJ2000,IE,e_IE,z_phot,SG_prob,SNR_VIS+FROM+"J/A+A/697/A1/catalog"+WHERE+RAJ2000+IS+NOT+NULL+AND+IE<24+ORDER+BY+IE+ASC
fabricated-vizier-table	vizier_exoplanet_atmosphere_spectra	https://tapvizier.cds.unistra.fr/TAPVizieR/tap/sync?REQUEST=doQuery&LANG=ADQL&FORMAT=csv&QUERY=SELECT+TOP+100+Name,RAJ2000,DEJ2000,Dist,Rp,Mp,Teq,H2O,HCN+FROM+"J/AJ/155/156/table2"+WHERE+RAJ2000+IS+NOT+NULL+ORDER+BY+H2O+DESC
fabricated-vizier-table	vizier_fermi_lat_qg_grb090510_constraints	https://tapvizier.cds.unistra.fr/TAPVizieR/tap/sync?REQUEST=doQuery&LANG=ADQL&FORMAT=csv&QUERY=SELECT+TOP+200+Time,Energy_MeV,Count_Rate,BackgroundRate,SignificanceSigma+FROM+"J/Nature/462/331/table1"+WHERE+Energy_MeV+IS+NOT+NULL+ORDER+BY+Energy_MeV+DESC
fabricated-vizier-table	vizier_first_bright_quasar_survey	https://tapvizier.cds.unistra.fr/TAPVizieR/tap/sync?REQUEST=doQuery&LANG=ADQL&FORMAT=csv&QUERY=SELECT+TOP+636+FBQS,RAJ2000,DEJ2000,z,Bmag,S1p4,alpha_ro,Class+FROM+"J/ApJS/131/27/table1"+WHERE+RAJ2000+IS+NOT+NULL+ORDER+BY+S1p4+DESC
fabricated-vizier-table	vizier_fr_morphology_dl_classification	https://tapvizier.cds.unistra.fr/TAPVizieR/tap/sync?REQUEST=doQuery&LANG=ADQL&FORMAT=csv&QUERY=SELECT+TOP+1000+Name,RAJ2000,DEJ2000,z,P1400,FRtype,Lobes+FROM+"J/MNRAS/466/4346/table1"+WHERE+RAJ2000+IS+NOT+NULL+ORDER+BY+P1400+DESC
fabricated-vizier-table	vizier_frbcat	https://tapvizier.cds.unistra.fr/TAPVizieR/tap/sync?REQUEST=doQuery&LANG=ADQL&FORMAT=csv&QUERY=SELECT+TOP+500+FRB,RAJ2000,DEJ2000,DM,z,Telescope+FROM+"J/MNRAS/475/1427/frbcat"+ORDER+BY+DM+DESC
fabricated-vizier-table	vizier_fugin_12co_galactic_plane_survey	https://tapvizier.cds.unistra.fr/TAPVizieR/tap/sync?REQUEST=doQuery&LANG=ADQL&FORMAT=csv&QUERY=SELECT+TOP+2000+Name,GLON,GLAT,VLSR,Tmb,Sigma_Tmb,Dist+FROM+"J/PASJ/69/78/catalog"+WHERE+GLON+IS+NOT+NULL+AND+Tmb>3+ORDER+BY+Tmb+DESC
fabricated-vizier-table	vizier_gaia_dr3_astrometric_planet_orbits	https://tapvizier.cds.unistra.fr/TAPVizieR/tap/sync?REQUEST=doQuery&LANG=ADQL&FORMAT=csv&QUERY=SELECT+TOP+500+source_id,ra,dec,parallax,period,ecc,mass_ratio,a_thiele_innes,significance+FROM+"I/357/nss_two_body_orbit"+WHERE+ra+IS+NOT+NULL+AND+period>100+AND+period<100000+AND+mass_ratio<0.01+ORDER+BY+period+ASC
fabricated-vizier-table	vizier_gaia_dr3_binary_stars	https://tapvizier.cds.unistra.fr/TAPVizieR/tap/sync?REQUEST=doQuery&LANG=ADQL&FORMAT=csv&QUERY=SELECT+TOP+3000+source_id,ra,dec,parallax,period,ecc,mass_ratio+FROM+"I/357/tbinary"+WHERE+ra+IS+NOT+NULL+AND+period+IS+NOT+NULL+ORDER+BY+period+ASC
fabricated-vizier-table	vizier_gaia_dr3_long_period_variables	https://tapvizier.cds.unistra.fr/TAPVizieR/tap/sync?REQUEST=doQuery&LANG=ADQL&FORMAT=csv&QUERY=SELECT+TOP+3000+source_id,ra,dec,parallax,pf,pf_error,median_delta_wmag,num_selected_g_fov+FROM+"I/360/lpvcandidate"+WHERE+ra+IS+NOT+NULL+AND+pf>100+ORDER+BY+pf+DESC
fabricated-vizier-table	vizier_gaia_dr3_qso_candidates	https://tapvizier.cds.unistra.fr/TAPVizieR/tap/sync?REQUEST=doQuery&LANG=ADQL&FORMAT=csv&QUERY=SELECT+TOP+3000+source_id,ra,dec,parallax,classprob_dsc_combmod_quasar,redshift_qsoc,mg_gspphot+FROM+"I/355/gaiadr3"+WHERE+classprob_dsc_combmod_quasar>0.8+AND+ra+IS+NOT+NULL+ORDER+BY+classprob_dsc_combmod_quasar+DESC
fabricated-vizier-table	vizier_gaia_dr3_radial_velocities	https://tapvizier.cds.unistra.fr/TAPVizieR/tap/sync?REQUEST=doQuery&LANG=ADQL&FORMAT=csv&QUERY=SELECT+TOP+3000+source_id,ra,dec,parallax,pmra,pmdec,radial_velocity,radial_velocity_error,teff_gspphot+FROM+"I/355/gaiadr3"+WHERE+radial_velocity+IS+NOT+NULL+AND+parallax>5+ORDER+BY+parallax+DESC
fabricated-vizier-table	vizier_gaia_dr3_sb1_spectroscopic_binaries	https://tapvizier.cds.unistra.fr/TAPVizieR/tap/sync?REQUEST=doQuery&LANG=ADQL&FORMAT=csv&QUERY=SELECT+TOP+2000+source_id,ra,dec,parallax,period,ecc,semi_amplitude_primary,mass_function+FROM+"I/357/sb_star_sso_v2"+WHERE+ra+IS+NOT+NULL+AND+mass_function>0.1+ORDER+BY+mass_function+DESC
fabricated-vizier-table	vizier_gaia_dr3_variable_classification	https://tapvizier.cds.unistra.fr/TAPVizieR/tap/sync?REQUEST=doQuery&LANG=ADQL&FORMAT=csv&QUERY=SELECT+TOP+3000+source_id,ra,dec,parallax,best_class_name,best_class_score,mean_mag_g+FROM+"I/358/vclassre"+WHERE+best_class_score>0.9+AND+ra+IS+NOT+NULL+ORDER+BY+best_class_score+DESC
fabricated-vizier-table	vizier_galactic_stellar_streams	https://tapvizier.cds.unistra.fr/TAPVizieR/tap/sync?REQUEST=doQuery&LANG=ADQL&FORMAT=csv&QUERY=SELECT+TOP+500+Stream,RAJ2000,DEJ2000,VLSR,Dist,Width_deg,Length_deg+FROM+"J/ApJ/863/L28/table1"+WHERE+RAJ2000+IS+NOT+NULL+ORDER+BY+Length_deg+DESC
fabricated-vizier-table	vizier_galah_apogee_joint_chemistry	https://tapvizier.cds.unistra.fr/TAPVizieR/tap/sync?REQUEST=doQuery&LANG=ADQL&FORMAT=csv&QUERY=SELECT+TOP+3000+star_id,RA,DEC,dist,fe_h,alpha_fe,age_bstep,R_gal,z_gal+FROM+"J/A+A/673/A77/catalog"+WHERE+RA+IS+NOT+NULL+AND+flag_sp%3D0+ORDER+BY+R_gal+ASC
fabricated-vizier-table	vizier_galah_dr4_r_process_europium	https://tapvizier.cds.unistra.fr/TAPVizieR/tap/sync?REQUEST=doQuery&LANG=ADQL&FORMAT=csv&QUERY=SELECT+TOP+2000+star_id,RAJ2000,DEJ2000,fe_h,Eu_fe,Eu_fe_flag,Mg_fe,age_bstep,R_gal,z_gal+FROM+"J/MNRAS/528/5/catalog"+WHERE+RAJ2000+IS+NOT+NULL+AND+flag_sp%3D0+AND+Eu_fe+IS+NOT+NULL+ORDER+BY+Eu_fe+DESC
fabricated-vizier-table	vizier_galah_dr4_s_process_abundances	https://tapvizier.cds.unistra.fr/TAPVizieR/tap/sync?REQUEST=doQuery&LANG=ADQL&FORMAT=csv&QUERY=SELECT+TOP+2000+star_id,RAJ2000,DEJ2000,Teff,logg,fe_h,Ba_fe,La_fe,Ce_fe,Eu_fe,age_bstep+FROM+"J/MNRAS/528/5/catalog"+WHERE+RAJ2000+IS+NOT+NULL+AND+flag_sp%3D0+AND+Ba_fe+IS+NOT+NULL+ORDER+BY+Ba_fe+DESC
fabricated-vizier-table	vizier_galaxy_zoo_1_morphology_sdss_dr7	https://tapvizier.cds.unistra.fr/TAPVizieR/tap/sync?REQUEST=doQuery&LANG=ADQL&FORMAT=csv&QUERY=SELECT+TOP+3000+dr7objid,RAJ2000,DEJ2000,z,P_EL,P_CW,P_ACW,P_EDGE,P_MG+FROM+"J/MNRAS/389/1179/catalog"+WHERE+RAJ2000+IS+NOT+NULL+AND+z>0.01+ORDER+BY+P_EL+DESC
fabricated-vizier-table	vizier_galaxy_zoo_2_morphology	https://tapvizier.cds.unistra.fr/TAPVizieR/tap/sync?REQUEST=doQuery&LANG=ADQL&FORMAT=csv&QUERY=SELECT+TOP+3000+dr7objid,RAJ2000,DEJ2000,z,t01_smooth_or_features_a01_smooth_weighted_fraction,t01_smooth_or_features_a02_features_or_disk_weighted_fraction,t04_spiral_a08_spiral_weighted_fraction,t03_bar_a06_bar_weighted_fraction+FROM+"J/MNRAS/435/2835/catalog"+WHERE+RAJ2000+IS+NOT+NULL+AND+z>0.01+ORDER+BY+z+ASC
fabricated-vizier-table	vizier_galaxy_zoo_decals_morphology	https://tapvizier.cds.unistra.fr/TAPVizieR/tap/sync?REQUEST=doQuery&LANG=ADQL&FORMAT=csv&QUERY=SELECT+TOP+3000+iauname,RAJ2000,DEJ2000,redshift,p_smooth,p_featured_or_disk,p_edge_on_yes,p_spiral_yes,p_bar_strong+FROM+"J/MNRAS/509/3966/catalog"+WHERE+RAJ2000+IS+NOT+NULL+AND+redshift>0+ORDER+BY+p_spiral_yes+DESC
fabricated-vizier-table	vizier_galaxy_zoo_desi_morphology	https://tapvizier.cds.unistra.fr/TAPVizieR/tap/sync?REQUEST=doQuery&LANG=ADQL&FORMAT=csv&QUERY=SELECT+TOP+3000+iauname,RA,Dec,redshift,p_smooth,p_featured_or_disk,p_bar_strong,p_spiral_yes,p_merger+FROM+"J/MNRAS/526/4768/catalog"+WHERE+RA+IS+NOT+NULL+AND+redshift>0+ORDER+BY+p_merger+DESC
fabricated-vizier-table	vizier_galaxy_zoo_merger_pairs	https://tapvizier.cds.unistra.fr/TAPVizieR/tap/sync?REQUEST=doQuery&LANG=ADQL&FORMAT=csv&QUERY=SELECT+TOP+1990+Name,RAJ2000,DEJ2000,z,fmerge,Stage,Asymm+FROM+"J/MNRAS/401/1043/table1"+WHERE+RAJ2000+IS+NOT+NULL+ORDER+BY+fmerge+DESC
fabricated-vizier-table	vizier_gamma_ray_nuclear_astrophysics_lines	https://tapvizier.cds.unistra.fr/TAPVizieR/tap/sync?REQUEST=doQuery&LANG=ADQL&FORMAT=csv&QUERY=SELECT+TOP+100+Source,GLON,GLAT,Energy_keV,Flux,Sigma,Isotope+FROM+"J/A+A/583/A10/table1"+WHERE+GLON+IS+NOT+NULL+ORDER+BY+Flux+DESC
fabricated-vizier-table	vizier_gcvs_variable_stars_complete	https://tapvizier.cds.unistra.fr/TAPVizieR/tap/sync?REQUEST=doQuery&LANG=ADQL&FORMAT=csv&QUERY=SELECT+TOP+3000+Name,RAJ2000,DEJ2000,VarType,Period,magMax,magMin,EpochJD+FROM+"B/gcvs/gcvs_cat"+WHERE+RAJ2000+IS+NOT+NULL+AND+Period>0+ORDER+BY+Period+DESC
fabricated-vizier-table	vizier_geomagnetic_jerk_catalog	https://tapvizier.cds.unistra.fr/TAPVizieR/tap/sync?REQUEST=doQuery&LANG=ADQL&FORMAT=csv&QUERY=SELECT+TOP+100+Year,Observatory,Component,JerkAmplitude,e_Jerk,Type+FROM+"J/Earth.Plan.Sc.Let./441/229/table1"+WHERE+Year+IS+NOT+NULL+ORDER+BY+Year+ASC
fabricated-vizier-table	vizier_global_gps_vlm_compilation	https://tapvizier.cds.unistra.fr/TAPVizieR/tap/sync?REQUEST=doQuery&LANG=ADQL&FORMAT=csv&QUERY=SELECT+TOP+3000+Station,RAJ2000,DEJ2000,VLM,e_VLM,Ndata,Tspan+FROM+"J/JGR-SolidEarth/128/e2022JB025355/table1"+WHERE+RAJ2000+IS+NOT+NULL+ORDER+BY+ABS(VLM)+DESC
fabricated-vizier-table	vizier_goco06s_gravity_validation_points	https://tapvizier.cds.unistra.fr/TAPVizieR/tap/sync?REQUEST=doQuery&LANG=ADQL&FORMAT=csv&QUERY=SELECT+TOP+2000+lat,lon,height,g_obs,g_free_air,g_bouguer,g_terrain+FROM+"J/J.Geod./95/1/table1"+WHERE+lat+IS+NOT+NULL+ORDER+BY+g_bouguer+DESC
fabricated-vizier-table	vizier_gpips_infrared_polarimetry_galplane	https://tapvizier.cds.unistra.fr/TAPVizieR/tap/sync?REQUEST=doQuery&LANG=ADQL&FORMAT=csv&QUERY=SELECT+TOP+3000+ID,RAJ2000,DEJ2000,Glon,Glat,P_H,EVPA_H,e_P,Hmag+FROM+"J/AJ/147/53/catalog"+WHERE+RAJ2000+IS+NOT+NULL+AND+P_H>0.5+ORDER+BY+P_H+DESC
fabricated-vizier-table	vizier_gravity_s2_periapsis_gr_test	https://tapvizier.cds.unistra.fr/TAPVizieR/tap/sync?REQUEST=doQuery&LANG=ADQL&FORMAT=csv&QUERY=SELECT+TOP+200+MJD,dRA,dDEC,RV_km_s,e_RV,f_source+FROM+"J/A+A/615/L15/table1"+WHERE+MJD+IS+NOT+NULL+ORDER+BY+MJD+ASC
fabricated-vizier-table	vizier_gravity_sgra_hotspot_orbits	https://tapvizier.cds.unistra.fr/TAPVizieR/tap/sync?REQUEST=doQuery&LANG=ADQL&FORMAT=csv&QUERY=SELECT+TOP+300+Time,dRA,dDEC,Flux_K,Pol_pct,EVPA,Flare_id+FROM+"J/A+A/638/A2/table1"+WHERE+Time+IS+NOT+NULL+ORDER+BY+Flux_K+DESC
fabricated-vizier-table	vizier_gravity_sgra_s2_orbit	https://tapvizier.cds.unistra.fr/TAPVizieR/tap/sync?REQUEST=doQuery&LANG=ADQL&FORMAT=csv&QUERY=SELECT+TOP+200+Star,RAJ2000,DEJ2000,Epoch,dRA,dDEC,RV+FROM+"J/A+A/625/L10/table1"+WHERE+RAJ2000+IS+NOT+NULL+ORDER+BY+Epoch+DESC
fabricated-vizier-table	vizier_grb_optical_afterglow_catalog	https://tapvizier.cds.unistra.fr/TAPVizieR/tap/sync?REQUEST=doQuery&LANG=ADQL&FORMAT=csv&QUERY=SELECT+TOP+500+GRB,RAJ2000,DEJ2000,z,t_break,alpha1,alpha2,R_norm,E_iso+FROM+"J/ApJ/720/1513/table1"+WHERE+RAJ2000+IS+NOT+NULL+ORDER+BY+E_iso+DESC
fabricated-vizier-table	vizier_green_bayestar19_3d_dust_map	https://tapvizier.cds.unistra.fr/TAPVizieR/tap/sync?REQUEST=doQuery&LANG=ADQL&FORMAT=csv&QUERY=SELECT+TOP+2000+l,b,dist5,dist50,dist95,ebv5,ebv50,ebv95+FROM+"J/ApJ/887/93/table1"+WHERE+l+IS+NOT+NULL+ORDER+BY+ebv50+DESC
fabricated-vizier-table	vizier_hadex3_global_extreme_indices	https://tapvizier.cds.unistra.fr/TAPVizieR/tap/sync?REQUEST=doQuery&LANG=ADQL&FORMAT=csv&QUERY=SELECT+TOP+2000+lat,lon,TX90p,TN10p,Rx1day,Rx5day,SDII,CDD,CWD+FROM+"J/JClim/33/11/table1"+WHERE+lat+IS+NOT+NULL+AND+Rx1day+IS+NOT+NULL+ORDER+BY+TX90p+DESC
fabricated-vizier-table	vizier_haslam_408mhz_allsky_survey	https://tapvizier.cds.unistra.fr/TAPVizieR/tap/sync?REQUEST=doQuery&LANG=ADQL&FORMAT=csv&QUERY=SELECT+TOP+2000+GLON,GLAT,TB_408+FROM+"VIII/19/allsky"+WHERE+TB_408+IS+NOT+NULL+AND+TB_408>40+ORDER+BY+TB_408+DESC
fabricated-vizier-table	vizier_hasterok_heat_flow_compilation	https://tapvizier.cds.unistra.fr/TAPVizieR/tap/sync?REQUEST=doQuery&LANG=ADQL&FORMAT=csv&QUERY=SELECT+TOP+2000+Sitenum,Lat,Lon,HF,e_HF,Depth,Environment,Age+FROM+"J/Geochem.Geophys.Geosys./23/e2020GC009424/table1"+WHERE+Lat+IS+NOT+NULL+ORDER+BY+HF+DESC
fabricated-vizier-table	vizier_hecate_galaxy_catalog	https://tapvizier.cds.unistra.fr/TAPVizieR/tap/sync?REQUEST=doQuery&LANG=ADQL&FORMAT=csv&QUERY=SELECT+TOP+3000+PGC,RAJ2000,DEJ2000,D,cz,logM,logSFR,Bmag,T+FROM+"J/MNRAS/506/3540/hecate"+WHERE+RAJ2000+IS+NOT+NULL+AND+D<100+ORDER+BY+D+ASC
fabricated-vizier-table	vizier_hera_phase1_21cm_power_spectrum	https://tapvizier.cds.unistra.fr/TAPVizieR/tap/sync?REQUEST=doQuery&LANG=ADQL&FORMAT=csv&QUERY=SELECT+TOP+200+k_Mpc,Delta2_mK2,Delta2_upper,z_eff,baseline_m+FROM+"J/ApJ/925/221/table1"+WHERE+k_Mpc+IS+NOT+NULL+ORDER+BY+z_eff+ASC
fabricated-vizier-table	vizier_herbig_bell_ttauri_catalog	https://tapvizier.cds.unistra.fr/TAPVizieR/tap/sync?REQUEST=doQuery&LANG=ADQL&FORMAT=csv&QUERY=SELECT+TOP+742+Name,RAJ2000,DEJ2000,SpType,Vmag,Dist,Region,TType+FROM+"J/AJ/108/1071/catalog"+WHERE+RAJ2000+IS+NOT+NULL+ORDER+BY+Vmag+ASC
fabricated-vizier-table	vizier_herbig_haro_catalog	https://tapvizier.cds.unistra.fr/TAPVizieR/tap/sync?REQUEST=doQuery&LANG=ADQL&FORMAT=csv&QUERY=SELECT+TOP+500+HH,RAJ2000,DEJ2000,Region,Dist,VEL+FROM+"J/AJ/117/1490/table1"+WHERE+RAJ2000+IS+NOT+NULL+ORDER+BY+VEL+DESC
fabricated-vizier-table	vizier_herschel_atlas_dr2_smg	https://tapvizier.cds.unistra.fr/TAPVizieR/tap/sync?REQUEST=doQuery&LANG=ADQL&FORMAT=csv&QUERY=SELECT+TOP+3000+HATLAS,RAJ2000,DEJ2000,F250,F350,F500,S2N250,zspec+FROM+"J/MNRAS/465/3558/catalog"+WHERE+RAJ2000+IS+NOT+NULL+AND+F250>50+ORDER+BY+F250+DESC
fabricated-vizier-table	vizier_herschel_debris_disk_survey	https://tapvizier.cds.unistra.fr/TAPVizieR/tap/sync?REQUEST=doQuery&LANG=ADQL&FORMAT=csv&QUERY=SELECT+TOP+200+Star,RAJ2000,DEJ2000,Dist,SpType,F100,F160,F850,excess100,excess160+FROM+"J/MNRAS/431/3025/table2"+WHERE+RAJ2000+IS+NOT+NULL+ORDER+BY+F100+DESC
fabricated-vizier-table	vizier_hetdex_pilot_lae_catalog	https://tapvizier.cds.unistra.fr/TAPVizieR/tap/sync?REQUEST=doQuery&LANG=ADQL&FORMAT=csv&QUERY=SELECT+TOP+1000+Source,RAJ2000,DEJ2000,z,LyA_flux,LyA_ew,Iflux+FROM+"J/ApJS/235/17/catalog"+WHERE+RAJ2000+IS+NOT+NULL+AND+z>1.9+ORDER+BY+LyA_flux+DESC
fabricated-vizier-table	vizier_higal_compact_source_catalog	https://tapvizier.cds.unistra.fr/TAPVizieR/tap/sync?REQUEST=doQuery&LANG=ADQL&FORMAT=csv&QUERY=SELECT+TOP+3000+Seq,GLON,GLAT,RAdeg,DEdeg,F070,F160,F250,F350,F500,Type+FROM+"J/A+A/591/A149/higalcsc"+WHERE+RAdeg+IS+NOT+NULL+AND+F160>1+ORDER+BY+F160+DESC
fabricated-vizier-table	vizier_hipparcos_revised_catalog	https://tapvizier.cds.unistra.fr/TAPVizieR/tap/sync?REQUEST=doQuery&LANG=ADQL&FORMAT=csv&QUERY=SELECT+TOP+3000+HIP,RAJ2000,DEJ2000,Plx,e_Plx,pmRA,pmDE,Hpmag,B-V,SpType+FROM+"I/311/hip2"+WHERE+Plx>50+AND+RAJ2000+IS+NOT+NULL+ORDER+BY+Plx+DESC
fabricated-vizier-table	vizier_hirdls_gravity_wave_catalog	https://tapvizier.cds.unistra.fr/TAPVizieR/tap/sync?REQUEST=doQuery&LANG=ADQL&FORMAT=csv&QUERY=SELECT+TOP+2000+lat,lon,alt,mf_zonal,mf_merid,T_background,date+FROM+"J/JGR-Atmos/116/D01106/table1"+WHERE+lat+IS+NOT+NULL+ORDER+BY+mf_zonal+DESC
fabricated-vizier-table	vizier_hudf_hubble_ultra_deep_field	https://tapvizier.cds.unistra.fr/TAPVizieR/tap/sync?REQUEST=doQuery&LANG=ADQL&FORMAT=csv&QUERY=SELECT+TOP+3000+ID,RAJ2000,DEJ2000,Jmag,Hmag,F140W,z_phot,type+FROM+"J/ApJS/189/270/catalog"+WHERE+RAJ2000+IS+NOT+NULL+ORDER+BY+z_phot+DESC
fabricated-vizier-table	vizier_icecube_10yr_ps_track_catalog	https://tapvizier.cds.unistra.fr/TAPVizieR/tap/sync?REQUEST=doQuery&LANG=ADQL&FORMAT=csv&QUERY=SELECT+TOP+500+RAJ2000,DEJ2000,TS,ns,gamma,phi0,E_min,E_max+FROM+"J/ApJ/907/L48/table1"+WHERE+RAJ2000+IS+NOT+NULL+ORDER+BY+TS+DESC
fabricated-vizier-table	vizier_icecube_hese_7p5yr_neutrino_sample	https://tapvizier.cds.unistra.fr/TAPVizieR/tap/sync?REQUEST=doQuery&LANG=ADQL&FORMAT=csv&QUERY=SELECT+TOP+100+EventID,RAJ2000,DEJ2000,Energy_TeV,Topology,AngErr,MJD+FROM+"J/PhRvD/104/022002/table1"+WHERE+RAJ2000+IS+NOT+NULL+ORDER+BY+Energy_TeV+DESC
fabricated-vizier-table	vizier_icrf3_celestial_reference_frame	https://tapvizier.cds.unistra.fr/TAPVizieR/tap/sync?REQUEST=doQuery&LANG=ADQL&FORMAT=csv&QUERY=SELECT+TOP+3415+ICRF,RAJ2000,DEJ2000,e_RAJ2000,e_DEJ2000,corr,session,Type+FROM+"I/352/icrf3sx"+WHERE+RAJ2000+IS+NOT+NULL+ORDER+BY+e_RAJ2000+ASC
fabricated-vizier-table	vizier_iphas_halpha_emission_catalog	https://tapvizier.cds.unistra.fr/TAPVizieR/tap/sync?REQUEST=doQuery&LANG=ADQL&FORMAT=csv&QUERY=SELECT+TOP+3000+Name,RAJ2000,DEJ2000,rmag,r_Ha,Ha_excess,Vspec+FROM+"J/MNRAS/384/1277/catalog"+WHERE+RAJ2000+IS+NOT+NULL+ORDER+BY+Ha_excess+DESC
fabricated-vizier-table	vizier_iras_point_source_catalog_v21	https://tapvizier.cds.unistra.fr/TAPVizieR/tap/sync?REQUEST=doQuery&LANG=ADQL&FORMAT=csv&QUERY=SELECT+TOP+3000+IRAS,RAJ2000,DEJ2000,Fnu_12,Fnu_25,Fnu_60,Fnu_100,Var+FROM+"II/125/main"+WHERE+Fnu_60>10+AND+RAJ2000+IS+NOT+NULL+ORDER+BY+Fnu_60+DESC
fabricated-vizier-table	vizier_jades_goods_south_nircam_photometry	https://tapvizier.cds.unistra.fr/TAPVizieR/tap/sync?REQUEST=doQuery&LANG=ADQL&FORMAT=csv&QUERY=SELECT+TOP+3000+ID,RAJ2000,DEJ2000,z_phot,F090W,F150W,F200W,F277W,F356W,F444W+FROM+"J/ApJS/269/16/catalog"+WHERE+RAJ2000+IS+NOT+NULL+AND+z_phot>0.5+ORDER+BY+z_phot+ASC
fabricated-vizier-table	vizier_jades_spectroscopic_highz_galaxies	https://tapvizier.cds.unistra.fr/TAPVizieR/tap/sync?REQUEST=doQuery&LANG=ADQL&FORMAT=csv&QUERY=SELECT+TOP+500+ID,RAJ2000,DEJ2000,z_spec,z_spec_lo,z_spec_hi,F200W,F444W+FROM+"J/ApJ/939/L28/table1"+WHERE+RAJ2000+IS+NOT+NULL+AND+z_spec>6+ORDER+BY+z_spec+DESC
fabricated-vizier-table	vizier_jcmt_scope_850um_galactic_ring_survey	https://tapvizier.cds.unistra.fr/TAPVizieR/tap/sync?REQUEST=doQuery&LANG=ADQL&FORMAT=csv&QUERY=SELECT+TOP+2000+Name,GLON,GLAT,RAJ2000,DEJ2000,Fpeak,Fint,FWHM,Flag+FROM+"J/MNRAS/496/2790/catalog"+WHERE+RAJ2000+IS+NOT+NULL+ORDER+BY+Fpeak+DESC
fabricated-vizier-table	vizier_jcmt_sons_submm_debris	https://tapvizier.cds.unistra.fr/TAPVizieR/tap/sync?REQUEST=doQuery&LANG=ADQL&FORMAT=csv&QUERY=SELECT+TOP+200+Star,RAJ2000,DEJ2000,Dist,SpType,F850,e_F850,Flag+FROM+"J/MNRAS/475/3046/table3"+WHERE+RAJ2000+IS+NOT+NULL+ORDER+BY+F850+DESC
fabricated-vizier-table	vizier_kascade_grande_cosmic_ray	https://tapvizier.cds.unistra.fr/TAPVizieR/tap/sync?REQUEST=doQuery&LANG=ADQL&FORMAT=csv&QUERY=SELECT+TOP+500+logE,Flux,e_Flux,p_flux+FROM+"J/ApJS/200/25/table1"+WHERE+logE+IS+NOT+NULL+ORDER+BY+logE+ASC
fabricated-vizier-table	vizier_kepler_cumulative_planet_catalog	https://tapvizier.cds.unistra.fr/TAPVizieR/tap/sync?REQUEST=doQuery&LANG=ADQL&FORMAT=csv&QUERY=SELECT+TOP+3000+KOI,RAJ2000,DEJ2000,Per,Rp,a_Rstar,b,T0,Disp+FROM+"J/ApJS/235/38/cumulative"+WHERE+RAJ2000+IS+NOT+NULL+AND+Disp+LIKE+'CONFIRMED%25'+ORDER+BY+Rp+ASC
fabricated-vizier-table	vizier_kepler_eclipsing_binary_catalog_v3	https://tapvizier.cds.unistra.fr/TAPVizieR/tap/sync?REQUEST=doQuery&LANG=ADQL&FORMAT=csv&QUERY=SELECT+TOP+2878+KIC,RAJ2000,DEJ2000,Period,BJD0,Morph,TESSID+FROM+"J/AJ/151/68/catalog"+WHERE+RAJ2000+IS+NOT+NULL+ORDER+BY+Period+ASC
fabricated-vizier-table	vizier_kids1000_weak_lensing_catalog	https://tapvizier.cds.unistra.fr/TAPVizieR/tap/sync?REQUEST=doQuery&LANG=ADQL&FORMAT=csv&QUERY=SELECT+TOP+3000+ra,dec,e1,e2,weight,Z_B,m_bias+FROM+"J/A+A/647/A124/catalog"+WHERE+ra+IS+NOT+NULL+AND+weight>0+ORDER+BY+Z_B+ASC
fabricated-vizier-table	vizier_kodiaq_keck_ovi_dla_survey	https://tapvizier.cds.unistra.fr/TAPVizieR/tap/sync?REQUEST=doQuery&LANG=ADQL&FORMAT=csv&QUERY=SELECT+TOP+500+QSO,RAJ2000,DEJ2000,zem,zabs,Ion,EW,logN+FROM+"J/ApJS/221/2/table1"+WHERE+RAJ2000+IS+NOT+NULL+AND+zabs>2+ORDER+BY+logN+DESC
fabricated-vizier-table	vizier_laduma_ecdf_continuum_catalog	https://tapvizier.cds.unistra.fr/TAPVizieR/tap/sync?REQUEST=doQuery&LANG=ADQL&FORMAT=csv&QUERY=SELECT+TOP+2000+Name,RAJ2000,DEJ2000,S1p3,e_S1p3,Maj,Min,RMS+FROM+"J/MNRAS/516/3/contsrc"+WHERE+RAJ2000+IS+NOT+NULL+AND+S1p3>0.05+ORDER+BY+S1p3+DESC
fabricated-vizier-table	vizier_laduma_meerkat_hi_survey_dr1	https://tapvizier.cds.unistra.fr/TAPVizieR/tap/sync?REQUEST=doQuery&LANG=ADQL&FORMAT=csv&QUERY=SELECT+TOP+1000+ID,RAJ2000,DEJ2000,z,F_HI,MHI,W50,W20,SNR+FROM+"J/MNRAS/516/3/table1"+WHERE+RAJ2000+IS+NOT+NULL+AND+SNR>5+ORDER+BY+MHI+DESC
fabricated-vizier-table	vizier_lamost_dr9_stellar_catalog	https://tapvizier.cds.unistra.fr/TAPVizieR/tap/sync?REQUEST=doQuery&LANG=ADQL&FORMAT=csv&QUERY=SELECT+TOP+3000+LAMOST_ID,RAJ2000,DEJ2000,Teff,logg,FeH,RV,SNR_g,Type+FROM+"J/ApJS/264/14/catalog"+WHERE+RAJ2000+IS+NOT+NULL+AND+SNR_g>20+ORDER+BY+SNR_g+DESC
fabricated-vizier-table	vizier_lamost_hot_subdwarf_catalog_dr10	https://tapvizier.cds.unistra.fr/TAPVizieR/tap/sync?REQUEST=doQuery&LANG=ADQL&FORMAT=csv&QUERY=SELECT+TOP+2000+LAMOST_ID,RAJ2000,DEJ2000,Teff,logg,He_abund,Sub_type+FROM+"J/ApJS/260/3/catalog"+WHERE+RAJ2000+IS+NOT+NULL+ORDER+BY+Teff+DESC
fabricated-vizier-table	vizier_lisa_pathfinder_performance_results	https://tapvizier.cds.unistra.fr/TAPVizieR/tap/sync?REQUEST=doQuery&LANG=ADQL&FORMAT=csv&QUERY=SELECT+TOP+200+Freq,PSD_DA,PSD_noise_floor,Phase+FROM+"J/PhRvL/116/231101/table1"+WHERE+Freq+IS+NOT+NULL+ORDER+BY+Freq+ASC
fabricated-vizier-table	vizier_lotss_deep_fields_elais_n1	https://tapvizier.cds.unistra.fr/TAPVizieR/tap/sync?REQUEST=doQuery&LANG=ADQL&FORMAT=csv&QUERY=SELECT+TOP+3000+Source_Name,RA,Dec,Total_flux,Peak_flux,RMS,Maj,Min+FROM+"J/A+A/648/A2/table1"+WHERE+RA+IS+NOT+NULL+AND+Total_flux>0.5+ORDER+BY+Total_flux+DESC
fabricated-vizier-table	vizier_lotss_dr2_gauss_components	https://tapvizier.cds.unistra.fr/TAPVizieR/tap/sync?REQUEST=doQuery&LANG=ADQL&FORMAT=csv&QUERY=SELECT+TOP+3000+Comp_Name,RA,Dec,Peak_flux,Total_flux,Maj,Min,PA,Source_Name+FROM+"J/A+A/659/A1/gausscat"+WHERE+RA+IS+NOT+NULL+AND+Peak_flux>5+ORDER+BY+Peak_flux+DESC
fabricated-vizier-table	vizier_lotss_dr2_main_catalog	https://tapvizier.cds.unistra.fr/TAPVizieR/tap/sync?REQUEST=doQuery&LANG=ADQL&FORMAT=csv&QUERY=SELECT+TOP+3000+Source_Name,RA,Dec,Peak_flux,Total_flux,Maj,Min,PA,S_Code,RMS+FROM+"J/A+A/659/A1/table1"+WHERE+RA+IS+NOT+NULL+AND+Peak_flux>10+ORDER+BY+Peak_flux+DESC
fabricated-vizier-table	vizier_lotss_dr2_rotation_measure	https://tapvizier.cds.unistra.fr/TAPVizieR/tap/sync?REQUEST=doQuery&LANG=ADQL&FORMAT=csv&QUERY=SELECT+TOP+2461+Name,RAJ2000,DEJ2000,RM,e_RM,Pflux,Iflux,FD+FROM+"J/A+A/663/A71/table1"+WHERE+RAJ2000+IS+NOT+NULL+ORDER+BY+ABS(RM)+DESC
fabricated-vizier-table	vizier_low_mass_star_interferometry	https://tapvizier.cds.unistra.fr/TAPVizieR/tap/sync?REQUEST=doQuery&LANG=ADQL&FORMAT=csv&QUERY=SELECT+TOP+50+Name,RAJ2000,DEJ2000,Dist,SpType,Rad,e_Rad,Teff,e_Teff,Lum+FROM+"J/ApJ/757/112/table1"+WHERE+RAJ2000+IS+NOT+NULL+ORDER+BY+Rad+ASC
fabricated-vizier-table	vizier_luminous_red_nova_catalog	https://tapvizier.cds.unistra.fr/TAPVizieR/tap/sync?REQUEST=doQuery&LANG=ADQL&FORMAT=csv&QUERY=SELECT+TOP+100+Name,RAJ2000,DEJ2000,Dist,Phase,MV_peak,E_B_V,Type+FROM+"J/A+A/630/A75/table1"+WHERE+RAJ2000+IS+NOT+NULL+ORDER+BY+MV_peak+ASC
fabricated-vizier-table	vizier_lyman_break_galaxy_survey_steidel2003	https://tapvizier.cds.unistra.fr/TAPVizieR/tap/sync?REQUEST=doQuery&LANG=ADQL&FORMAT=csv&QUERY=SELECT+TOP+1000+Name,RAJ2000,DEJ2000,z,Un_mag,G_mag,R_mag+FROM+"J/ApJ/592/728/catalog"+WHERE+RAJ2000+IS+NOT+NULL+AND+z>2+ORDER+BY+z+ASC
fabricated-vizier-table	vizier_macs_massive_clusters	https://tapvizier.cds.unistra.fr/TAPVizieR/tap/sync?REQUEST=doQuery&LANG=ADQL&FORMAT=csv&QUERY=SELECT+TOP+200+Name,RAJ2000,DEJ2000,z,FX,LX,TX+FROM+"J/ApJ/661/L33/table1"+WHERE+RAJ2000+IS+NOT+NULL+ORDER+BY+LX+DESC
fabricated-vizier-table	vizier_magellanic_cloud_star_clusters	https://tapvizier.cds.unistra.fr/TAPVizieR/tap/sync?REQUEST=doQuery&LANG=ADQL&FORMAT=csv&QUERY=SELECT+TOP+2000+Name,RAJ2000,DEJ2000,Galaxy,Diam,Cl,logage,FeH+FROM+"J/AJ/163/130/table1"+WHERE+RAJ2000+IS+NOT+NULL+ORDER+BY+logage+DESC
fabricated-vizier-table	vizier_magic_source_catalog_dr1	https://tapvizier.cds.unistra.fr/TAPVizieR/tap/sync?REQUEST=doQuery&LANG=ADQL&FORMAT=csv&QUERY=SELECT+TOP+100+Name,RAJ2000,DEJ2000,Flux_300GeV,SpIndex,E_min,E_max,Type+FROM+"J/A+A/594/A76/catalog"+WHERE+RAJ2000+IS+NOT+NULL+ORDER+BY+Flux_300GeV+DESC
fabricated-vizier-table	vizier_manga_ifu_galaxy_survey_dr17	https://tapvizier.cds.unistra.fr/TAPVizieR/tap/sync?REQUEST=doQuery&LANG=ADQL&FORMAT=csv&QUERY=SELECT+TOP+3000+MANGAID,RAJ2000,DEJ2000,Z,NSA_SERSIC_N,NSA_ELLIPTICITY,NUV_R,LOG_MSTAR+FROM+"J/ApJS/259/35/catalog"+WHERE+RAJ2000+IS+NOT+NULL+AND+Z>0+ORDER+BY+Z+ASC
fabricated-vizier-table	vizier_manga_pipe3d_stellar_populations_dr17	https://tapvizier.cds.unistra.fr/TAPVizieR/tap/sync?REQUEST=doQuery&LANG=ADQL&FORMAT=csv&QUERY=SELECT+TOP+3000+mangaid,RAJ2000,DEJ2000,z,log_age_lw,ZH_lw,log_Mstar,SFR,HaEW+FROM+"J/RMxAA/58/2/pipe3d"+WHERE+RAJ2000+IS+NOT+NULL+ORDER+BY+log_Mstar+DESC
fabricated-vizier-table	vizier_manga_stellar_kinematics_maps	https://tapvizier.cds.unistra.fr/TAPVizieR/tap/sync?REQUEST=doQuery&LANG=ADQL&FORMAT=csv&QUERY=SELECT+TOP+3000+mangaid,RAJ2000,DEJ2000,z,Vrot,SigmaRe,lambda_Re,epsilon+FROM+"J/MNRAS/520/3/catalog"+WHERE+RAJ2000+IS+NOT+NULL+ORDER+BY+Vrot+DESC
fabricated-vizier-table	vizier_meerkat_deep2_ultradeep_catalog	https://tapvizier.cds.unistra.fr/TAPVizieR/tap/sync?REQUEST=doQuery&LANG=ADQL&FORMAT=csv&QUERY=SELECT+TOP+3000+Name,RAJ2000,DEJ2000,S1p3,e_S1p3,Maj,Min,RMS+FROM+"J/MNRAS/495/2997/catalog"+WHERE+RAJ2000+IS+NOT+NULL+AND+S1p3>0.02+ORDER+BY+S1p3+DESC
fabricated-vizier-table	vizier_meerkat_mightee_dr1_catalog	https://tapvizier.cds.unistra.fr/TAPVizieR/tap/sync?REQUEST=doQuery&LANG=ADQL&FORMAT=csv&QUERY=SELECT+TOP+3000+Name,RAJ2000,DEJ2000,S1p28,e_S1p28,Maj,Min,RMS,Field+FROM+"J/MNRAS/512/20/catalog"+WHERE+RAJ2000+IS+NOT+NULL+AND+S1p28>0.05+ORDER+BY+S1p28+DESC
fabricated-vizier-table	vizier_meerkat_thunderkat_radio_transients	https://tapvizier.cds.unistra.fr/TAPVizieR/tap/sync?REQUEST=doQuery&LANG=ADQL&FORMAT=csv&QUERY=SELECT+TOP+500+Source,RAJ2000,DEJ2000,MJD,S1p3,e_S1p3,SpIndex,Type+FROM+"J/MNRAS/506/3471/catalog"+WHERE+RAJ2000+IS+NOT+NULL+ORDER+BY+S1p3+DESC
fabricated-vizier-table	vizier_meerkat_trapum_pulsar_survey	https://tapvizier.cds.unistra.fr/TAPVizieR/tap/sync?REQUEST=doQuery&LANG=ADQL&FORMAT=csv&QUERY=SELECT+TOP+200+JNAME,RAJ2000,DEJ2000,P0,DM,Pb,Mc,GC_assoc+FROM+"J/MNRAS/518/1/table1"+WHERE+RAJ2000+IS+NOT+NULL+ORDER+BY+P0+ASC
fabricated-vizier-table	vizier_milankovitch_orbital_forcing_record	https://tapvizier.cds.unistra.fr/TAPVizieR/tap/sync?REQUEST=doQuery&LANG=ADQL&FORMAT=csv&QUERY=SELECT+TOP+1000+Time,Eccentricity,Obliquity,Precession,Insolation65N+FROM+"J/A+A/428/261/table1"+WHERE+Time+IS+NOT+NULL+ORDER+BY+Time+ASC
fabricated-vizier-table	vizier_milky_way_analog_galaxy_survey	https://tapvizier.cds.unistra.fr/TAPVizieR/tap/sync?REQUEST=doQuery&LANG=ADQL&FORMAT=csv&QUERY=SELECT+TOP+130+Name,RAJ2000,DEJ2000,z,Mstar,SFR,sSFR,B_T+FROM+"J/MNRAS/514/2/catalog"+WHERE+RAJ2000+IS+NOT+NULL+ORDER+BY+Mstar+DESC
fabricated-vizier-table	vizier_mojave_15jy_sample	https://tapvizier.cds.unistra.fr/TAPVizieR/tap/sync?REQUEST=doQuery&LANG=ADQL&FORMAT=csv&QUERY=SELECT+TOP+2000+Name,RAJ2000,DEJ2000,z,Speak+FROM+"J/AJ/137/3718/table1"+WHERE+RAJ2000+IS+NOT+NULL+ORDER+BY+Speak+DESC
fabricated-vizier-table	vizier_mojave_jet_kinematics	https://tapvizier.cds.unistra.fr/TAPVizieR/tap/sync?REQUEST=doQuery&LANG=ADQL&FORMAT=csv&QUERY=SELECT+TOP+500+Name,RAJ2000,DEJ2000,z,S15,mu_app,Class+FROM+"J/ApJS/260/12/table3"+WHERE+RAJ2000+IS+NOT+NULL+ORDER+BY+S15+DESC
fabricated-vizier-table	vizier_mojave_xx_jet_kinematics_2023	https://tapvizier.cds.unistra.fr/TAPVizieR/tap/sync?REQUEST=doQuery&LANG=ADQL&FORMAT=csv&QUERY=SELECT+TOP+500+Name,RAJ2000,DEJ2000,z,Speak,beta_max,n_comp+FROM+"J/ApJS/268/64/table1"+WHERE+RAJ2000+IS+NOT+NULL+ORDER+BY+beta_max+DESC
fabricated-vizier-table	vizier_mpc_centaurs	https://tapvizier.cds.unistra.fr/TAPVizieR/tap/sync?REQUEST=doQuery&LANG=ADQL&FORMAT=csv&QUERY=SELECT+TOP+500+Number,Name,H,e,a,Incl+FROM+"B/mpc/mpcorb"+WHERE+a+BETWEEN+5+AND+30+AND+e%3C0.5+AND+Incl%3C90+ORDER+BY+a+ASC
fabricated-vizier-table	vizier_mpc_comets	https://tapvizier.cds.unistra.fr/TAPVizieR/tap/sync?REQUEST=doQuery&LANG=ADQL&FORMAT=csv&QUERY=SELECT+TOP+300+Name,RAJ2000,DEJ2000,Delta,r,Mag+FROM+"B/comets/comets"+WHERE+Mag%3C15+ORDER+BY+Mag+ASC
fabricated-vizier-table	vizier_mpc_tno_orbits	https://tapvizier.cds.unistra.fr/TAPVizieR/tap/sync?REQUEST=doQuery&LANG=ADQL&FORMAT=csv&QUERY=SELECT+TOP+2000+Number,Name,H,e,a,Incl,Node+FROM+"B/mpc/mpcorb"+WHERE+a%3E30+AND+e%3C0.3+ORDER+BY+a+ASC
fabricated-vizier-table	vizier_msp_wd_binary_systems	https://tapvizier.cds.unistra.fr/TAPVizieR/tap/sync?REQUEST=doQuery&LANG=ADQL&FORMAT=csv&QUERY=SELECT+TOP+200+Pulsar,RAJ2000,DEJ2000,Pb,Mc,e,P0,DM,Dist+FROM+"J/MNRAS/425/1601/table1"+WHERE+RAJ2000+IS+NOT+NULL+ORDER+BY+Pb+ASC
fabricated-vizier-table	vizier_nanten2_co_cloud_catalog_south	https://tapvizier.cds.unistra.fr/TAPVizieR/tap/sync?REQUEST=doQuery&LANG=ADQL&FORMAT=csv&QUERY=SELECT+TOP+2000+Name,GLON,GLAT,VLSR,Dist,Mass,Radius+FROM+"J/ApJS/258/10/catalog"+WHERE+GLON+IS+NOT+NULL+ORDER+BY+Mass+DESC
fabricated-vizier-table	vizier_nearby_galaxies_atlas_30mpc	https://tapvizier.cds.unistra.fr/TAPVizieR/tap/sync?REQUEST=doQuery&LANG=ADQL&FORMAT=csv&QUERY=SELECT+TOP+2000+Name,RAJ2000,DEJ2000,Dist,logL,morph,group_name+FROM+"J/AJ/138/323/catalog"+WHERE+RAJ2000+IS+NOT+NULL+AND+Dist<30+ORDER+BY+Dist+ASC
fabricated-vizier-table	vizier_nearby_young_moving_groups	https://tapvizier.cds.unistra.fr/TAPVizieR/tap/sync?REQUEST=doQuery&LANG=ADQL&FORMAT=csv&QUERY=SELECT+TOP+1000+Name,RAJ2000,DEJ2000,Dist,Age,SpType,Group+FROM+"J/ApJ/856/23/table1"+WHERE+RAJ2000+IS+NOT+NULL+ORDER+BY+Dist+ASC
fabricated-vizier-table	vizier_ngvs_virgo_cluster_photometric_survey	https://tapvizier.cds.unistra.fr/TAPVizieR/tap/sync?REQUEST=doQuery&LANG=ADQL&FORMAT=csv&QUERY=SELECT+TOP+3000+ID,RAJ2000,DEJ2000,gmag,rmag,imag,zmag,type,z_phot+FROM+"J/ApJS/215/22/catalog"+WHERE+RAJ2000+IS+NOT+NULL+AND+imag<24+ORDER+BY+imag+ASC
fabricated-vizier-table	vizier_nicer_psr_j0030_eos_measurement	https://tapvizier.cds.unistra.fr/TAPVizieR/tap/sync?REQUEST=doQuery&LANG=ADQL&FORMAT=csv&QUERY=SELECT+TOP+100+Phase,Energy_keV,Counts,Background,Hotspot_lat,Hotspot_lon+FROM+"J/ApJ/887/L24/table1"+WHERE+Phase+IS+NOT+NULL+ORDER+BY+Phase+ASC
fabricated-vizier-table	vizier_nicer_psr_j0740_eos_massive_ns	https://tapvizier.cds.unistra.fr/TAPVizieR/tap/sync?REQUEST=doQuery&LANG=ADQL&FORMAT=csv&QUERY=SELECT+TOP+100+Phase,Energy_keV,Counts,Hotspot1_lat,Hotspot2_lat+FROM+"J/ApJ/918/L27/table1"+WHERE+Phase+IS+NOT+NULL+ORDER+BY+Phase+ASC
fabricated-vizier-table	vizier_noterdaeme_dla_catalog	https://tapvizier.cds.unistra.fr/TAPVizieR/tap/sync?REQUEST=doQuery&LANG=ADQL&FORMAT=csv&QUERY=SELECT+TOP+3000+RAJ2000,DEJ2000,zabs,zem,logNHI,Sl+FROM+"J/A+A/566/A24/catalog"+WHERE+RAJ2000+IS+NOT+NULL+ORDER+BY+logNHI+DESC
fabricated-vizier-table	vizier_nvss_faraday_rm_catalog	https://tapvizier.cds.unistra.fr/TAPVizieR/tap/sync?REQUEST=doQuery&LANG=ADQL&FORMAT=csv&QUERY=SELECT+TOP+3000+RAJ2000,DEJ2000,RM,e_RM,Pol,e_Pol,Iflux+FROM+"J/ApJ/702/1230/catalog"+WHERE+RAJ2000+IS+NOT+NULL+AND+ABS(RM)<500+ORDER+BY+ABS(RM)+DESC
fabricated-vizier-table	vizier_odp_paleomagnetic_inclination_data	https://tapvizier.cds.unistra.fr/TAPVizieR/tap/sync?REQUEST=doQuery&LANG=ADQL&FORMAT=csv&QUERY=SELECT+TOP+1000+Core,Lat,Lon,Age_Ma,Incl,Decl,Pol,VGP_lat+FROM+"J/JGR-SolidEarth/115/B09101/table1"+WHERE+Lat+IS+NOT+NULL+ORDER+BY+Age_Ma+ASC
fabricated-vizier-table	vizier_ogle4_lmc_cepheid_catalog	https://tapvizier.cds.unistra.fr/TAPVizieR/tap/sync?REQUEST=doQuery&LANG=ADQL&FORMAT=csv&QUERY=SELECT+TOP+5000+ID,RAJ2000,DEJ2000,Mode,Period,I,V,logP+FROM+"J/AcA/65/297/catalog"+WHERE+RAJ2000+IS+NOT+NULL+ORDER+BY+logP+DESC
fabricated-vizier-table	vizier_ogle4_lmc_rr_lyrae_catalog	https://tapvizier.cds.unistra.fr/TAPVizieR/tap/sync?REQUEST=doQuery&LANG=ADQL&FORMAT=csv&QUERY=SELECT+TOP+3000+ID,RAJ2000,DEJ2000,Type,Period,I,V,Amp_I+FROM+"J/AcA/66/131/catalog"+WHERE+RAJ2000+IS+NOT+NULL+ORDER+BY+Amp_I+DESC
fabricated-vizier-table	vizier_ogle_iii_microlensing_catalog	https://tapvizier.cds.unistra.fr/TAPVizieR/tap/sync?REQUEST=doQuery&LANG=ADQL&FORMAT=csv&QUERY=SELECT+TOP+3000+Event,RAJ2000,DEJ2000,Tmax,tau,umin,Amax,Ibase,Blend+FROM+"J/AcA/60/1/table1"+WHERE+RAJ2000+IS+NOT+NULL+ORDER+BY+Amax+DESC
fabricated-vizier-table	vizier_open_cluster_gaia_distances	https://tapvizier.cds.unistra.fr/TAPVizieR/tap/sync?REQUEST=doQuery&LANG=ADQL&FORMAT=csv&QUERY=SELECT+TOP+2000+Cluster,RAJ2000,DEJ2000,plx,plxe,pmRA,pmDE,Av,dist,age+FROM+"J/A+A/633/A99/table1"+WHERE+RAJ2000+IS+NOT+NULL+AND+dist+IS+NOT+NULL+ORDER+BY+dist+ASC
fabricated-vizier-table	vizier_orion_yso_catalog	https://tapvizier.cds.unistra.fr/TAPVizieR/tap/sync?REQUEST=doQuery&LANG=ADQL&FORMAT=csv&QUERY=SELECT+TOP+1000+Name,RAJ2000,DEJ2000,Class,Lbol,Tbol,Av,F24,F70+FROM+"J/ApJS/229/28/catalog"+WHERE+RAJ2000+IS+NOT+NULL+ORDER+BY+Lbol+DESC
fabricated-vizier-table	vizier_ossos_kuiper_belt_object_catalog	https://tapvizier.cds.unistra.fr/TAPVizieR/tap/sync?REQUEST=doQuery&LANG=ADQL&FORMAT=csv&QUERY=SELECT+TOP+838+ID,RAJ2000,DEJ2000,a,e,i,H,class,obs_epoch+FROM+"J/ApJS/236/18/catalog"+WHERE+RAJ2000+IS+NOT+NULL+ORDER+BY+H+ASC
fabricated-vizier-table	vizier_ou_blazars_multiwavelength	https://tapvizier.cds.unistra.fr/TAPVizieR/tap/sync?REQUEST=doQuery&LANG=ADQL&FORMAT=csv&QUERY=SELECT+TOP+2000+Name,RAJ2000,DEJ2000,z,Class,Fx,Fr,Fopt,Fgamma+FROM+"J/A+A/607/A48/table1"+WHERE+RAJ2000+IS+NOT+NULL+ORDER+BY+Fgamma+DESC
fabricated-vizier-table	vizier_ovro_blazar_monitoring_catalog	https://tapvizier.cds.unistra.fr/TAPVizieR/tap/sync?REQUEST=doQuery&LANG=ADQL&FORMAT=csv&QUERY=SELECT+TOP+2000+Name,RAJ2000,DEJ2000,z,Fmean,Fmax,Fmin,sigma_m,Class+FROM+"J/ApJS/274/5/table1"+WHERE+RAJ2000+IS+NOT+NULL+ORDER+BY+Fmax+DESC
fabricated-vizier-table	vizier_pages2k_temperature_reconstruction	https://tapvizier.cds.unistra.fr/TAPVizieR/tap/sync?REQUEST=doQuery&LANG=ADQL&FORMAT=csv&QUERY=SELECT+TOP+2000+Region,Year,Temp,e_Temp,Nseries+FROM+"J/Sci.Data/4/170088/table2"+WHERE+Year+IS+NOT+NULL+ORDER+BY+Year+ASC
fabricated-vizier-table	vizier_pantheon_plus_snia_cosmology	https://tapvizier.cds.unistra.fr/TAPVizieR/tap/sync?REQUEST=doQuery&LANG=ADQL&FORMAT=csv&QUERY=SELECT+TOP+1701+CID,RAJ2000,DEJ2000,zHD,mB,x1,c,MU,MUERR,HOST_LOGMASS+FROM+"J/ApJ/938/110/table2"+WHERE+RAJ2000+IS+NOT+NULL+ORDER+BY+zHD+ASC
fabricated-vizier-table	vizier_pasiphae_galactic_polarimetry_pilot	https://tapvizier.cds.unistra.fr/TAPVizieR/tap/sync?REQUEST=doQuery&LANG=ADQL&FORMAT=csv&QUERY=SELECT+TOP+2000+ID,RAJ2000,DEJ2000,Glon,Glat,P,EVPA,e_P,Rmag+FROM+"J/A+A/660/A4/catalog"+WHERE+RAJ2000+IS+NOT+NULL+AND+P>0+ORDER+BY+P+DESC
fabricated-vizier-table	vizier_phat_m31_andromeda_stellar_catalog	https://tapvizier.cds.unistra.fr/TAPVizieR/tap/sync?REQUEST=doQuery&LANG=ADQL&FORMAT=csv&QUERY=SELECT+TOP+3000+ID,RAJ2000,DEJ2000,F275W,F336W,F475W,F814W,F110W,F160W+FROM+"J/ApJS/200/18/catalog"+WHERE+RAJ2000+IS+NOT+NULL+AND+F814W<22+ORDER+BY+F814W+ASC
fabricated-vizier-table	vizier_planck_2018_cmb_temperature_power_spectrum	https://tapvizier.cds.unistra.fr/TAPVizieR/tap/sync?REQUEST=doQuery&LANG=ADQL&FORMAT=csv&QUERY=SELECT+TOP+3000+ell,TT,e_TT,EE,e_EE,TE,e_TE+FROM+"J/A+A/641/A5/table2"+WHERE+ell+IS+NOT+NULL+ORDER+BY+ell+ASC
fabricated-vizier-table	vizier_planck_2018_dust_polarisation	https://tapvizier.cds.unistra.fr/TAPVizieR/tap/sync?REQUEST=doQuery&LANG=ADQL&FORMAT=csv&QUERY=SELECT+TOP+2000+GLON,GLAT,P353,psi353,I353,Q353,U353+FROM+"J/A+A/641/A11/table1"+WHERE+GLON+IS+NOT+NULL+AND+P353>0+ORDER+BY+P353+DESC
fabricated-vizier-table	vizier_planck_pccs2_217ghz	https://tapvizier.cds.unistra.fr/TAPVizieR/tap/sync?REQUEST=doQuery&LANG=ADQL&FORMAT=csv&QUERY=SELECT+TOP+5000+Name,RAJ2000,DEJ2000,Flux,S_N+FROM+"J/A+A/594/A26/pccs2-217"+WHERE+S_N%3E5+ORDER+BY+Flux+DESC
fabricated-vizier-table	vizier_planck_pr4_cmb_lensing_power_spectrum	https://tapvizier.cds.unistra.fr/TAPVizieR/tap/sync?REQUEST=doQuery&LANG=ADQL&FORMAT=csv&QUERY=SELECT+TOP+500+ell,Cl_kk,Cl_kk_err,Nl_kk+FROM+"J/A+A/666/A207/table1"+WHERE+ell+IS+NOT+NULL+ORDER+BY+ell+ASC
fabricated-vizier-table	vizier_planck_psz2_cluster_catalog	https://tapvizier.cds.unistra.fr/TAPVizieR/tap/sync?REQUEST=doQuery&LANG=ADQL&FORMAT=csv&QUERY=SELECT+TOP+1653+Name,RAJ2000,DEJ2000,z,MSZ,SNR,Redshift_flag+FROM+"J/A+A/594/A27/table1"+WHERE+RAJ2000+IS+NOT+NULL+ORDER+BY+SNR+DESC
fabricated-vizier-table	vizier_planck_spt_act_combined_cluster_catalog	https://tapvizier.cds.unistra.fr/TAPVizieR/tap/sync?REQUEST=doQuery&LANG=ADQL&FORMAT=csv&QUERY=SELECT+TOP+2000+Name,RAJ2000,DEJ2000,z,M500,Survey,SNR+FROM+"J/A+A/623/A42/catalog"+WHERE+RAJ2000+IS+NOT+NULL+AND+SNR>4+ORDER+BY+M500+DESC
fabricated-vizier-table	vizier_planck_sz2_clusters	https://tapvizier.cds.unistra.fr/TAPVizieR/tap/sync?REQUEST=doQuery&LANG=ADQL&FORMAT=csv&QUERY=SELECT+TOP+2000+Name,RAJ2000,DEJ2000,z,MSZ,SNR+FROM+"J/A+A/594/A27/psz2"+WHERE+SNR%3E4.5+ORDER+BY+SNR+DESC
fabricated-vizier-table	vizier_prochaska_dla_metals	https://tapvizier.cds.unistra.fr/TAPVizieR/tap/sync?REQUEST=doQuery&LANG=ADQL&FORMAT=csv&QUERY=SELECT+TOP+500+QSO,RAJ2000,DEJ2000,zabs,zqso,logNHI,FeH,ZnH,SiH+FROM+"J/ApJS/171/29/table3"+WHERE+RAJ2000+IS+NOT+NULL+ORDER+BY+logNHI+DESC
fabricated-vizier-table	vizier_rave_dr6_stellar_kinematics	https://tapvizier.cds.unistra.fr/TAPVizieR/tap/sync?REQUEST=doQuery&LANG=ADQL&FORMAT=csv&QUERY=SELECT+TOP+3000+RAVE_OBS_ID,RAJ2000,DEJ2000,RV,e_RV,Teff,logg,FeH,Dist+FROM+"J/AJ/160/83/rave_dr6"+WHERE+RAJ2000+IS+NOT+NULL+AND+e_RV<5+ORDER+BY+e_RV+ASC
fabricated-vizier-table	vizier_rhessi_tgf_terrestrial_gamma_flashes	https://tapvizier.cds.unistra.fr/TAPVizieR/tap/sync?REQUEST=doQuery&LANG=ADQL&FORMAT=csv&QUERY=SELECT+TOP+2000+ID,Lat,Lon,MJD,Duration_ms,E_mean,Counts+FROM+"J/J.Geophys.Res./119/6792/table1"+WHERE+Lat+IS+NOT+NULL+ORDER+BY+Counts+DESC
fabricated-vizier-table	vizier_robopol_agn_optical_polarimetry	https://tapvizier.cds.unistra.fr/TAPVizieR/tap/sync?REQUEST=doQuery&LANG=ADQL&FORMAT=csv&QUERY=SELECT+TOP+2000+Source,RAJ2000,DEJ2000,z,P_opt,EVPA,e_P,e_EVPA,JD+FROM+"J/MNRAS/501/4/catalog"+WHERE+RAJ2000+IS+NOT+NULL+ORDER+BY+P_opt+DESC
fabricated-vizier-table	vizier_roman_hlws_simulated_galaxy_catalog	https://tapvizier.cds.unistra.fr/TAPVizieR/tap/sync?REQUEST=doQuery&LANG=ADQL&FORMAT=csv&QUERY=SELECT+TOP+3000+galaxy_id,ra,dec,z_true,mag_H158,mag_J129,mag_Y106,Re_arcsec,n_sersic,ellip+FROM+"J/MNRAS/522/2741/catalog"+WHERE+ra+IS+NOT+NULL+AND+mag_H158<26+ORDER+BY+mag_H158+ASC
fabricated-vizier-table	vizier_scardec_source_time_functions	https://tapvizier.cds.unistra.fr/TAPVizieR/tap/sync?REQUEST=doQuery&LANG=ADQL&FORMAT=csv&QUERY=SELECT+TOP+500+EventID,lat,lon,Depth,Mw,Duration,Mo,Mmax_rate+FROM+"J/A+A/614/A116/catalog"+WHERE+lat+IS+NOT+NULL+ORDER+BY+Mw+DESC
fabricated-vizier-table	vizier_sdss_cosmic_filament_catalog	https://tapvizier.cds.unistra.fr/TAPVizieR/tap/sync?REQUEST=doQuery&LANG=ADQL&FORMAT=csv&QUERY=SELECT+TOP+1000+FilID,RAJ2000,DEJ2000,z,Length,Width,Ngal+FROM+"J/MNRAS/438/3465/catalog"+WHERE+RAJ2000+IS+NOT+NULL+ORDER+BY+Length+DESC
fabricated-vizier-table	vizier_sdss_dr16_quasar_catalog	https://tapvizier.cds.unistra.fr/TAPVizieR/tap/sync?REQUEST=doQuery&LANG=ADQL&FORMAT=csv&QUERY=SELECT+TOP+3000+SDSS_NAME,RA,DEC,Z,MI,PSFMAG_R,LAMBDA_RF,PLATE+FROM+"VII/289/dr16q"+WHERE+RA+IS+NOT+NULL+AND+Z>0.1+ORDER+BY+MI+ASC
fabricated-vizier-table	vizier_sdss_dr18_quasar_properties	https://tapvizier.cds.unistra.fr/TAPVizieR/tap/sync?REQUEST=doQuery&LANG=ADQL&FORMAT=csv&QUERY=SELECT+TOP+3000+SDSS_NAME,RAJ2000,DEJ2000,Z,MI,LOGBH,LOGLBOL,ALPHA_NU+FROM+"J/A+A/681/A30/catalog"+WHERE+RAJ2000+IS+NOT+NULL+AND+Z>0.5+ORDER+BY+MI+ASC
fabricated-vizier-table	vizier_sdss_dr7_main_galaxy_sample	https://tapvizier.cds.unistra.fr/TAPVizieR/tap/sync?REQUEST=doQuery&LANG=ADQL&FORMAT=csv&QUERY=SELECT+TOP+3000+OBJID,RAJ2000,DEJ2000,z,r_mag,g_r,ell,SerN+FROM+"VII/250/sdss7mgs"+WHERE+RAJ2000+IS+NOT+NULL+AND+z>0.005+AND+z<0.25+ORDER+BY+z+ASC
fabricated-vizier-table	vizier_sdss_emission_line_galaxy_survey	https://tapvizier.cds.unistra.fr/TAPVizieR/tap/sync?REQUEST=doQuery&LANG=ADQL&FORMAT=csv&QUERY=SELECT+TOP+3000+OBJID,RAJ2000,DEJ2000,Z,Ha_EW,OIII_flux,SFR,logMstar+FROM+"J/ApJS/261/3/catalog"+WHERE+RAJ2000+IS+NOT+NULL+AND+Ha_EW>10+ORDER+BY+Ha_EW+DESC
fabricated-vizier-table	vizier_sdss_lensed_quasars	https://tapvizier.cds.unistra.fr/TAPVizieR/tap/sync?REQUEST=doQuery&LANG=ADQL&FORMAT=csv&QUERY=SELECT+TOP+30+Name,RAJ2000,DEJ2000,zl,zs,Sep,Nimg+FROM+"J/AJ/143/119/table1"+WHERE+RAJ2000+IS+NOT+NULL+ORDER+BY+Sep+DESC
fabricated-vizier-table	vizier_sdss_photometric_quasar_candidates	https://tapvizier.cds.unistra.fr/TAPVizieR/tap/sync?REQUEST=doQuery&LANG=ADQL&FORMAT=csv&QUERY=SELECT+TOP+3000+SDSS,RAJ2000,DEJ2000,z_phot,z_phot_err,pstar,ugriz_class+FROM+"J/ApJS/180/67/catalog"+WHERE+RAJ2000+IS+NOT+NULL+AND+z_phot>0.5+AND+pstar<0.1+ORDER+BY+z_phot+ASC
fabricated-vizier-table	vizier_sdss_post_ceb_wd_companion	https://tapvizier.cds.unistra.fr/TAPVizieR/tap/sync?REQUEST=doQuery&LANG=ADQL&FORMAT=csv&QUERY=SELECT+TOP+1000+Name,RAJ2000,DEJ2000,Pb,e,q,MWD,MMS,Dist+FROM+"J/MNRAS/482/4116/table1"+WHERE+RAJ2000+IS+NOT+NULL+ORDER+BY+Pb+ASC
fabricated-vizier-table	vizier_sdss_stripe82_variable_catalog	https://tapvizier.cds.unistra.fr/TAPVizieR/tap/sync?REQUEST=doQuery&LANG=ADQL&FORMAT=csv&QUERY=SELECT+TOP+3000+ID,RAJ2000,DEJ2000,ug_color,gr_color,ri_color,Amp_u,Amp_g,Type+FROM+"J/AJ/134/973/table1"+WHERE+RAJ2000+IS+NOT+NULL+AND+Amp_g>0.3+ORDER+BY+Amp_g+DESC
fabricated-vizier-table	vizier_sdss_void_catalog	https://tapvizier.cds.unistra.fr/TAPVizieR/tap/sync?REQUEST=doQuery&LANG=ADQL&FORMAT=csv&QUERY=SELECT+TOP+1055+Void,RAJ2000,DEJ2000,z,Rvoid,Ngal+FROM+"J/AJ/164/13/table1"+WHERE+RAJ2000+IS+NOT+NULL+ORDER+BY+Rvoid+DESC
fabricated-vizier-table	vizier_sedigism_molecular_cloud_catalog	https://tapvizier.cds.unistra.fr/TAPVizieR/tap/sync?REQUEST=doQuery&LANG=ADQL&FORMAT=csv&QUERY=SELECT+TOP+2000+Cloud,GLON,GLAT,RAdeg,DEdeg,VLSR,Dist,Mass,Radius+FROM+"J/A+A/633/A90/catalog"+WHERE+RAdeg+IS+NOT+NULL+ORDER+BY+Mass+DESC
fabricated-vizier-table	vizier_sgr_1935_2154_hyperflare_catalog	https://tapvizier.cds.unistra.fr/TAPVizieR/tap/sync?REQUEST=doQuery&LANG=ADQL&FORMAT=csv&QUERY=SELECT+TOP+200+MJD,Band,Flux_mJy,Width_ms,DM,Type+FROM+"J/ApJ/898/L29/table1"+WHERE+MJD+IS+NOT+NULL+ORDER+BY+Flux_mJy+DESC
fabricated-vizier-table	vizier_sgra_alma_radio_flare_monitoring	https://tapvizier.cds.unistra.fr/TAPVizieR/tap/sync?REQUEST=doQuery&LANG=ADQL&FORMAT=csv&QUERY=SELECT+TOP+500+MJD,Flux_3mm,e_Flux,Duration,Freq,Method+FROM+"J/A+A/618/L10/table2"+WHERE+MJD+IS+NOT+NULL+ORDER+BY+Flux_3mm+DESC
fabricated-vizier-table	vizier_shassa_southern_halpha_survey	https://tapvizier.cds.unistra.fr/TAPVizieR/tap/sync?REQUEST=doQuery&LANG=ADQL&FORMAT=csv&QUERY=SELECT+TOP+2000+GLON,GLAT,EM,e_EM,Vlsr+FROM+"J/PASP/113/1326/catalog"+WHERE+GLON+IS+NOT+NULL+AND+EM>5+ORDER+BY+EM+DESC
fabricated-vizier-table	vizier_shoes_cepheid_h0_calibrators	https://tapvizier.cds.unistra.fr/TAPVizieR/tap/sync?REQUEST=doQuery&LANG=ADQL&FORMAT=csv&QUERY=SELECT+TOP+2000+Galaxy,RAJ2000,DEJ2000,z,muerrms,logP,mH,DM,W_VI+FROM+"J/ApJ/934/L7/table3"+WHERE+RAJ2000+IS+NOT+NULL+ORDER+BY+logP+DESC
fabricated-vizier-table	vizier_sl2s_lens_catalog	https://tapvizier.cds.unistra.fr/TAPVizieR/tap/sync?REQUEST=doQuery&LANG=ADQL&FORMAT=csv&QUERY=SELECT+TOP+60+Name,RAJ2000,DEJ2000,zl,zs,REin,grade+FROM+"J/A+A/544/A62/table1"+WHERE+RAJ2000+IS+NOT+NULL+ORDER+BY+REin+DESC
fabricated-vizier-table	vizier_slacs_gravitational_arc_extended	https://tapvizier.cds.unistra.fr/TAPVizieR/tap/sync?REQUEST=doQuery&LANG=ADQL&FORMAT=csv&QUERY=SELECT+TOP+200+Name,RAJ2000,DEJ2000,zl,zs,REin,SigSIE,Msrc,e_Msrc+FROM+"J/ApJ/682/964/table1"+WHERE+RAJ2000+IS+NOT+NULL+ORDER+BY+REin+DESC
fabricated-vizier-table	vizier_slacs_gravitational_lenses	https://tapvizier.cds.unistra.fr/TAPVizieR/tap/sync?REQUEST=doQuery&LANG=ADQL&FORMAT=csv&QUERY=SELECT+TOP+100+Name,RAJ2000,DEJ2000,zl,zs,REin,SigSIE,e+FROM+"J/ApJS/182/216/table1"+WHERE+RAJ2000+IS+NOT+NULL+ORDER+BY+REin+DESC
fabricated-vizier-table	vizier_snfactory_nearby_snia_spectral	https://tapvizier.cds.unistra.fr/TAPVizieR/tap/sync?REQUEST=doQuery&LANG=ADQL&FORMAT=csv&QUERY=SELECT+TOP+200+SN,RAJ2000,DEJ2000,z,x1,c,mBmax,dmB15+FROM+"J/A+A/635/A49/table1"+WHERE+RAJ2000+IS+NOT+NULL+ORDER+BY+z+ASC
fabricated-vizier-table	vizier_soho_icme_catalog_richardson	https://tapvizier.cds.unistra.fr/TAPVizieR/tap/sync?REQUEST=doQuery&LANG=ADQL&FORMAT=csv&QUERY=SELECT+TOP+500+Date,SDate,EDate,Speed,MF,Bz,Dst,Kp,Vsw,Np+FROM+"J/Sol.Phys/264/189/table1"+WHERE+Date+IS+NOT+NULL+ORDER+BY+Dst+ASC
fabricated-vizier-table	vizier_solar_radio_burst_catalog_historical	https://tapvizier.cds.unistra.fr/TAPVizieR/tap/sync?REQUEST=doQuery&LANG=ADQL&FORMAT=csv&QUERY=SELECT+TOP+500+JD,Type,Freq_start,Freq_end,Duration,Peak_flux,Assoc_flare+FROM+"J/SolPhys/253/111/table1"+WHERE+JD+IS+NOT+NULL+ORDER+BY+Peak_flux+DESC
fabricated-vizier-table	vizier_spherex_input_catalog_preparation	https://tapvizier.cds.unistra.fr/TAPVizieR/tap/sync?REQUEST=doQuery&LANG=ADQL&FORMAT=csv&QUERY=SELECT+TOP+3000+ID,RAJ2000,DEJ2000,z_phot,Jmag,Hmag,W1mag,W2mag,Type+FROM+"J/ApJS/259/23/catalog"+WHERE+RAJ2000+IS+NOT+NULL+AND+Jmag<18+ORDER+BY+z_phot+ASC
fabricated-vizier-table	vizier_spitzer_feps_debris_disks	https://tapvizier.cds.unistra.fr/TAPVizieR/tap/sync?REQUEST=doQuery&LANG=ADQL&FORMAT=csv&QUERY=SELECT+TOP+300+Star,RAJ2000,DEJ2000,Dist,Age,F24,F70,excess24,excess70+FROM+"J/ApJS/181/197/table1"+WHERE+RAJ2000+IS+NOT+NULL+ORDER+BY+F70+DESC
fabricated-vizier-table	vizier_spitzer_hot_jupiter_phase_curves	https://tapvizier.cds.unistra.fr/TAPVizieR/tap/sync?REQUEST=doQuery&LANG=ADQL&FORMAT=csv&QUERY=SELECT+TOP+50+Planet,RAJ2000,DEJ2000,Dist,Tday,Tnight,A_Bond,eta+FROM+"J/MNRAS/449/4192/table1"+WHERE+RAJ2000+IS+NOT+NULL+ORDER+BY+Tday+DESC
fabricated-vizier-table	vizier_spitzer_sage_var_lmc_variable_stars	https://tapvizier.cds.unistra.fr/TAPVizieR/tap/sync?REQUEST=doQuery&LANG=ADQL&FORMAT=csv&QUERY=SELECT+TOP+1700+ID,RAJ2000,DEJ2000,Period,Ampl3p6,Ampl4p5,mag3p6,Type+FROM+"J/ApJ/753/71/catalog"+WHERE+RAJ2000+IS+NOT+NULL+ORDER+BY+Ampl3p6+DESC
fabricated-vizier-table	vizier_telescope_array_sd_events	https://tapvizier.cds.unistra.fr/TAPVizieR/tap/sync?REQUEST=doQuery&LANG=ADQL&FORMAT=csv&QUERY=SELECT+TOP+500+RAJ2000,DEJ2000,Energy,logEnergy,Zenith,Azimuth+FROM+"J/ApJ/867/L27/table1"+WHERE+RAJ2000+IS+NOT+NULL+ORDER+BY+Energy+DESC
fabricated-vizier-table	vizier_tess_input_catalog_v8	https://tapvizier.cds.unistra.fr/TAPVizieR/tap/sync?REQUEST=doQuery&LANG=ADQL&FORMAT=csv&QUERY=SELECT+TOP+3000+ID,RAJ2000,DEJ2000,Tmag,Teff,R_star,M_star,logg,e_Tmag,Disposition+FROM+"J/ApJS/249/33/tic8"+WHERE+RAJ2000+IS+NOT+NULL+AND+Tmag<10+ORDER+BY+Tmag+ASC
fabricated-vizier-table	vizier_tess_phase_curve_catalog	https://tapvizier.cds.unistra.fr/TAPVizieR/tap/sync?REQUEST=doQuery&LANG=ADQL&FORMAT=csv&QUERY=SELECT+TOP+100+Planet,RAJ2000,DEJ2000,Dist,A_g,Fp_Fs,T_day,Teff_star+FROM+"J/AJ/166/62/catalog"+WHERE+RAJ2000+IS+NOT+NULL+ORDER+BY+Fp_Fs+DESC
fabricated-vizier-table	vizier_things_hi_nearby_galaxy_survey	https://tapvizier.cds.unistra.fr/TAPVizieR/tap/sync?REQUEST=doQuery&LANG=ADQL&FORMAT=csv&QUERY=SELECT+TOP+50+Galaxy,RAJ2000,DEJ2000,Dist,type,Mvir,RHI,FHI,V_max+FROM+"J/AJ/136/2563/catalog"+WHERE+RAJ2000+IS+NOT+NULL+ORDER+BY+FHI+DESC
fabricated-vizier-table	vizier_tropospheric_ozone_residual_climatology	https://tapvizier.cds.unistra.fr/TAPVizieR/tap/sync?REQUEST=doQuery&LANG=ADQL&FORMAT=csv&QUERY=SELECT+TOP+1000+lat,lon,month,TOR,e_TOR+FROM+"J/JGR-Atmos/109/D15S02/table1"+WHERE+lat+IS+NOT+NULL+ORDER+BY+TOR+DESC
fabricated-vizier-table	vizier_v1309_sco_contact_binary_merger	https://tapvizier.cds.unistra.fr/TAPVizieR/tap/sync?REQUEST=doQuery&LANG=ADQL&FORMAT=csv&QUERY=SELECT+TOP+500+JD,Vmag,Imag,Phase,Period+FROM+"J/A+A/528/A114/table1"+WHERE+JD+IS+NOT+NULL+ORDER+BY+JD+ASC
fabricated-vizier-table	vizier_vgps_hi_absorption_survey	https://tapvizier.cds.unistra.fr/TAPVizieR/tap/sync?REQUEST=doQuery&LANG=ADQL&FORMAT=csv&QUERY=SELECT+TOP+1000+Source,GLON,GLAT,RAJ2000,DEJ2000,Flux,VLSR,tau_max+FROM+"J/ApJS/158/178/table3"+WHERE+RAJ2000+IS+NOT+NULL+ORDER+BY+Flux+DESC
fabricated-vizier-table	vizier_vhe_gamma_ray_binary_catalog	https://tapvizier.cds.unistra.fr/TAPVizieR/tap/sync?REQUEST=doQuery&LANG=ADQL&FORMAT=csv&QUERY=SELECT+TOP+100+System,RAJ2000,DEJ2000,Dist,Porb,Pcompact,Mcompact,E_VHE,F_VHE,Instrument+FROM+"J/A+ARv/21/64/table1"+WHERE+RAJ2000+IS+NOT+NULL+ORDER+BY+F_VHE+DESC
fabricated-vizier-table	vizier_vimos_vvds_deep_survey_dr2	https://tapvizier.cds.unistra.fr/TAPVizieR/tap/sync?REQUEST=doQuery&LANG=ADQL&FORMAT=csv&QUERY=SELECT+TOP+3000+ID,RAJ2000,DEJ2000,z,IAB,Cflag+FROM+"J/A+A/559/A14/vvds_dr2"+WHERE+RAJ2000+IS+NOT+NULL+AND+Cflag>2+AND+z>0.5+ORDER+BY+z+ASC
fabricated-vizier-table	vizier_vips_polarimetry	https://tapvizier.cds.unistra.fr/TAPVizieR/tap/sync?REQUEST=doQuery&LANG=ADQL&FORMAT=csv&QUERY=SELECT+TOP+1500+Name,RAJ2000,DEJ2000,Stotal,PolFrac,PolAngle+FROM+"J/AJ/131/1937/table1"+WHERE+RAJ2000+IS+NOT+NULL+ORDER+BY+Stotal+DESC
fabricated-vizier-table	vizier_voyager2_heliopause_crossing_data	https://tapvizier.cds.unistra.fr/TAPVizieR/tap/sync?REQUEST=doQuery&LANG=ADQL&FORMAT=csv&QUERY=SELECT+TOP+200+Date,Distance_AU,B_nT,n_plasma_cm3,P_dyn_nPa+FROM+"J/Nature/576/29/table1"+WHERE+Date+IS+NOT+NULL+ORDER+BY+Date+ASC
fabricated-vizier-table	vizier_weave_cluster_survey_input	https://tapvizier.cds.unistra.fr/TAPVizieR/tap/sync?REQUEST=doQuery&LANG=ADQL&FORMAT=csv&QUERY=SELECT+TOP+1000+ClusterID,RAJ2000,DEJ2000,z,Richness,M200,R200+FROM+"J/MNRAS/514/5/catalog"+WHERE+RAJ2000+IS+NOT+NULL+ORDER+BY+M200+DESC
fabricated-vizier-table	vizier_wham_halpha_emission_measure_north	https://tapvizier.cds.unistra.fr/TAPVizieR/tap/sync?REQUEST=doQuery&LANG=ADQL&FORMAT=csv&QUERY=SELECT+TOP+3000+GLON,GLAT,Intensity,VLSR,RMS+FROM+"J/ApJS/146/407/table1"+WHERE+GLON+IS+NOT+NULL+AND+Intensity>2+ORDER+BY+Intensity+DESC
fabricated-vizier-table	vizier_wise_agn_catalog	https://tapvizier.cds.unistra.fr/TAPVizieR/tap/sync?REQUEST=doQuery&LANG=ADQL&FORMAT=csv&QUERY=SELECT+TOP+3000+WISEA,RAJ2000,DEJ2000,W1mag,W2mag,W3mag,R90,pR90+FROM+"J/ApJS/234/23/r90cat"+WHERE+RAJ2000+IS+NOT+NULL+ORDER+BY+W2mag+ASC
fabricated-vizier-table	vizier_wise_agn_variability_ztf_crossmatch	https://tapvizier.cds.unistra.fr/TAPVizieR/tap/sync?REQUEST=doQuery&LANG=ADQL&FORMAT=csv&QUERY=SELECT+TOP+2000+Name,RAJ2000,DEJ2000,z,W1_var,W2_var,Opt_var,Class+FROM+"J/ApJ/923/44/catalog"+WHERE+RAJ2000+IS+NOT+NULL+AND+W1_var>0.1+ORDER+BY+W1_var+DESC
fabricated-vizier-table	vizier_wise_galactic_hii_regions	https://tapvizier.cds.unistra.fr/TAPVizieR/tap/sync?REQUEST=doQuery&LANG=ADQL&FORMAT=csv&QUERY=SELECT+TOP+3000+Name,GLON,GLAT,RAJ2000,DEJ2000,RRAD,VLSR,Dist,Type+FROM+"J/ApJS/212/1/catalog"+WHERE+RAJ2000+IS+NOT+NULL+ORDER+BY+RRAD+DESC
fabricated-vizier-table	vizier_wise_galactic_plane_mip_sources	https://tapvizier.cds.unistra.fr/TAPVizieR/tap/sync?REQUEST=doQuery&LANG=ADQL&FORMAT=csv&QUERY=SELECT+TOP+3000+designation,RAJ2000,DEJ2000,W3mag,W4mag,e_W3mag,cc_flags,ext_flg+FROM+"II/328/allwise"+WHERE+ABS(DEJ2000-0.0)<4+AND+RAJ2000>270+AND+RAJ2000<290+AND+W3mag<5+ORDER+BY+W3mag+ASC
fabricated-vizier-table	vizier_wolf_rayet_star_catalog_7th	https://tapvizier.cds.unistra.fr/TAPVizieR/tap/sync?REQUEST=doQuery&LANG=ADQL&FORMAT=csv&QUERY=SELECT+TOP+500+WR,RAJ2000,DEJ2000,Dist,SpType,Vmag,Mv,logL+FROM+"B/wr/wrcat"+WHERE+RAJ2000+IS+NOT+NULL+ORDER+BY+Vmag+ASC
fabricated-vizier-table	vizier_xmm_atlas_deep_field_catalog	https://tapvizier.cds.unistra.fr/TAPVizieR/tap/sync?REQUEST=doQuery&LANG=ADQL&FORMAT=csv&QUERY=SELECT+TOP+1887+IAUNAME,RAJ2000,DEJ2000,SC_FLUX_BAND1,SC_FLUX_BAND2,SC_HR1,z_phot+FROM+"J/MNRAS/417/2601/catalog"+WHERE+RAJ2000+IS+NOT+NULL+ORDER+BY+SC_FLUX_BAND2+DESC
fabricated-vizier-table	vizier_xmm_cosmos_agn_survey	https://tapvizier.cds.unistra.fr/TAPVizieR/tap/sync?REQUEST=doQuery&LANG=ADQL&FORMAT=csv&QUERY=SELECT+TOP+1800+Id,RAJ2000,DEJ2000,zph,zsp,FX_soft,FX_hard,logNH,class+FROM+"J/A+A/507/1277/table1"+WHERE+RAJ2000+IS+NOT+NULL+ORDER+BY+FX_soft+DESC
fabricated-vizier-table	vizier_xmm_om_uv_source_survey_suss6	https://tapvizier.cds.unistra.fr/TAPVizieR/tap/sync?REQUEST=doQuery&LANG=ADQL&FORMAT=csv&QUERY=SELECT+TOP+3000+IAUNAME,RAJ2000,DEJ2000,UVW2_MAG,UVM2_MAG,UVW1_MAG,U_MAG,B_MAG,V_MAG+FROM+"IX/58/xmmomsuv"+WHERE+RAJ2000+IS+NOT+NULL+AND+UVW2_MAG<20+ORDER+BY+UVW2_MAG+ASC
fabricated-vizier-table	vizier_xmm_wise_crossmatch_agn_catalog	https://tapvizier.cds.unistra.fr/TAPVizieR/tap/sync?REQUEST=doQuery&LANG=ADQL&FORMAT=csv&QUERY=SELECT+TOP+3000+Name,RAJ2000,DEJ2000,z,W1mag,W2mag,FX_soft,FX_hard,logL_X+FROM+"J/A+A/666/A137/catalog"+WHERE+RAJ2000+IS+NOT+NULL+ORDER+BY+logL_X+DESC
fabricated-vizier-table	vizier_xrism_perseus_cluster_first_light	https://tapvizier.cds.unistra.fr/TAPVizieR/tap/sync?REQUEST=doQuery&LANG=ADQL&FORMAT=csv&QUERY=SELECT+TOP+200+Region,RAJ2000,DEJ2000,kT,ZFe,velocity_km_s,sigma_v,norm+FROM+"J/ApJ/965/L14/table1"+WHERE+RAJ2000+IS+NOT+NULL+ORDER+BY+kT+DESC
fabricated-vizier-table	vizier_xsl_spectral_library_dr3	https://tapvizier.cds.unistra.fr/TAPVizieR/tap/sync?REQUEST=doQuery&LANG=ADQL&FORMAT=csv&QUERY=SELECT+TOP+830+Name,RAJ2000,DEJ2000,SpType,Vmag,Teff,logg,FeH,SNR+FROM+"J/A+A/680/A38/xsl_dr3"+WHERE+RAJ2000+IS+NOT+NULL+ORDER+BY+SNR+DESC
fabricated-vizier-table	vizier_ztf_periodic_variable_stars	https://tapvizier.cds.unistra.fr/TAPVizieR/tap/sync?REQUEST=doQuery&LANG=ADQL&FORMAT=csv&QUERY=SELECT+TOP+3000+Name,RAJ2000,DEJ2000,Per,gmag,rmag,Type,Amp+FROM+"J/ApJS/249/18/table1"+WHERE+RAJ2000+IS+NOT+NULL+AND+Amp>0.5+ORDER+BY+Amp+DESC
forbidden	alerce_ztf_rubin_alert_broker	https://alerce.online/api/v1/objects/?format=json&oid=&ndet__gte=5&lastmjd__gte={today}&order=lastmjd&limit=300
forbidden	epa_radnet_us_air_radioactivity	https://www.epa.gov/sites/default/files/radnet/radnet_current_data.json
forbidden	gvp_smithsonian_weekly_activity	https://volcano.si.edu/api/v1/activity?format=json&weeks=4&status=eruption
forbidden	iaea_wiser_gnip_station_metadata	https://nucleus.iaea.org/wiser/api/stations?network=GNIP&format=json&limit=500
forbidden	illustristng_tng300_galaxy_subhalo_catalog	https://www.tng-project.org/api/TNG300-1/snapshots/99/subhalos/?format=json&limit=500&order_by=-mass_log_msun&mass_log_msun__gte=10
forbidden	iucn_red_list_species_summary	https://apiv3.iucnredlist.org/api/v3/summary?token=9bb4facb6d23f48efbf424bb05c0c1ef1cf6f468e320a879ac580cd11bece09d
forbidden	noaa_global_ridge_catalog	https://www.ngdc.noaa.gov/gazetteer/rest/feature?typeCode=Ridge&format=json&maxResults=2000
forbidden	smithsonian_usgs_weekly_volcanic_activity	https://volcano.si.edu/api/v1/weeklydatafeed?format=json
forbidden	usgs_quaternary_faults_usa	https://earthquake.usgs.gov/static/lfs/nshm/qfaults/Qfaults_GIS_15.zip
forbidden	worldbank_climate_projection_temp	https://climateknowledgeportal.worldbank.org/api/data/get-download-data/projection/mavg/tas/1991-2020/2040-2059/world/rcp85?_format=json
gone	dartmouth_flood_observatory_global	https://floodobservatory.colorado.edu/Archives/MasterListrev.csv
gone	iris_fdsn_insight_marsquake_catalog	https://service.iris.edu/fdsnws/event/1/query?format=geojson&catalog=MQS&limit=1319&orderby=time&minmagnitude=0
redirect-or-bad	dasch_harvard_agn_lightcurves	http://dasch.rc.fas.harvard.edu/lightcurve.php?objid=GJ+551&type=json&limit=500
redirect-or-bad	nasa_power_agro_daily	https://power.larc.nasa.gov/api/temporal/daily/point?parameters=T2M,T2MDEW,RH2M,WS10M,PRECTOTCORR,ALLSKY_SFC_SW_DWN,ET0&community=AG&longitude={lon}&latitude={lat}&start={year}{month}{day}&end={year}{month}{day}&format=JSON
redirect-or-bad	nmdb_realtime_all_stations	https://rt.nmdb.eu
server-error	actris_halo_doppler_lidar_wind_profiles	https://actris.nilu.no/api/measurements/?format=json&instrument_type=HALO_DOPPLER_LIDAR&start_date={today}&limit=200
server-error	actris_in_situ_station_network	https://actris.nilu.no/api/stations?format=json&limit=200&status=active
server-error	ena_16s_amplicon_environmental_samples	https://www.ebi.ac.uk/ena/portal/api/search?result=sample&query=instrument_platform=ILLUMINA+AND+library_strategy=AMPLICON+AND+biome=soil&fields=sample_accession,lat,lon,country,collection_date,scientific_name,isolation_source&format=json&limit=500
server-error	esa_cryosat2_arctic_sea_ice_thickness	https://science-pds.cryosat.esa.int/oads/access/collection/CryoSat_Ice_Sheet_SLA_Antarctic_Monthly/latest/?format=json
server-error	fao_aquastat_freshwater_resources	https://fenixservices.fao.org/faostat/api/v1/en/data/AQ?format=json&area_cs=5100&element=4175,4176,4177&year={year}&limit=500
server-error	fao_faostat_land_use_database	https://fenixservices.fao.org/faostat/api/v1/en/data/RL?area_cs=5100,5101&element=5110&item=6600,6610,6650&year={year}&format=json&limit=500
server-error	gavo_auger_uhecr_public_dataset	https://dc.zah.uni-heidelberg.de/tap/sync?REQUEST=doQuery&LANG=ADQL&FORMAT=csv&QUERY=SELECT+TOP+3000+eventid,ra,dec,energy,log10energy,zenith,sd_energy,gps_second+FROM+auger.main+WHERE+energy>1+ORDER+BY+energy+DESC
server-error	gavo_auger_uhecr_top100_catalog	https://dc.zah.uni-heidelberg.de/tap/sync?REQUEST=doQuery&LANG=ADQL&FORMAT=csv&QUERY=SELECT+TOP+100+eventid,ra,dec,energy,zenith,azimuth,log10energy+FROM+auger.main+WHERE+energy>60+ORDER+BY+energy+DESC
server-error	gfz_kp_substorm_monitor_hourly	https://kp.gfz-potsdam.de/app/json/?start={today}T00:00:00Z&end={tomorrow}T00:00:00Z&index=Kp,ap,Cp&status=def,nowcast&format=JSON
server-error	gfz_potsdam_kp_ap_index_realtime	https://kp.gfz-potsdam.de/app/json/?start={today}T00:00:00Z&end={tomorrow}T00:00:00Z&index=Kp,Ap,Cp,C9&status=def,nowcast&format=JSON
server-error	gfz_potsdam_kp_historical_timeseries	https://kp.gfz-potsdam.de/app/json/?start=1932-01-01T00:00:00Z&end={today}T00:00:00Z&index=Kp,Ap&status=def&format=JSON
server-error	gtnp_calm_active_layer_thickness	https://gtnp.arcticportal.org/api/v1/data?network=CALM&format=json&year={year}&limit=500
server-error	gtnp_tsp_annual_ground_temperatures	https://gtnp.arcticportal.org/api/v1/data?network=TSP&format=json&year={year}&depth=10&limit=500
server-error	gtnp_tsp_borehole_station_list	https://gtnp.arcticportal.org/api/v1/stations?network=TSP&format=json&limit=500
server-error	irsa_2mass_psc	https://irsa.ipac.caltech.edu/cgi-bin/Gator/nph-query?catalog=fp_psc&spatial=box&ra=0.0&dec=0.0&size=14400&outfmt=1&selcols=ra,dec,j_m,h_m,k_m&outrows=5000
server-error	irsa_allwise_psd	https://irsa.ipac.caltech.edu/cgi-bin/Gator/nph-query?catalog=allwise_p3as_psd&spatial=box&ra=0.0&dec=0.0&size=14400&outfmt=1&selcols=ra,dec,w1mpro,w2mpro,w3mpro,w4mpro&outrows=5000
server-error	irsa_neowise_r10	https://irsa.ipac.caltech.edu/cgi-bin/Gator/nph-query?catalog=neowiser_p1bs_psd&spatial=box&ra=0.0&dec=0.0&size=3600&outfmt=1&selcols=ra,dec,w1mpro,w2mpro,mjd&outrows=2000&constraints=mjd%3E59000
server-error	irsa_sage_lmc_infrared_catalog	https://irsa.ipac.caltech.edu/TAP/sync?LANG=ADQL&FORMAT=csv&QUERY=SELECT+TOP+3000+designation,ra,dec,i1_f_ap,i2_f_ap,i3_f_ap,i4_f_ap,m1_f_ap+FROM+spitzer_sage_lmc_irac_m1+WHERE+ra+IS+NOT+NULL+AND+i1_f_ap>0.1+ORDER+BY+i1_f_ap+DESC
server-error	irsa_sings_nearby_galaxies_photometry	https://irsa.ipac.caltech.edu/TAP/sync?LANG=ADQL&FORMAT=csv&QUERY=SELECT+TOP+100+name,ra,dec,dist,morph,f3p6tot,f4p5tot,f8p0tot,f24tot,f70tot,f160tot+FROM+sings_photometry+WHERE+ra+IS+NOT+NULL+ORDER+BY+dist+ASC
server-error	irsa_ztf_variables	https://irsa.ipac.caltech.edu/cgi-bin/Gator/nph-query?catalog=ztf_objects_dr20&spatial=none&outfmt=1&selcols=oid,ra,dec,filterid,medianmag,magrms,refmag&outrows=3000&constraints=magrms%3E0.3+AND+ngoodobsrel%3E100
server-error	isric_soilgrids_soc_europe	https://rest.isric.org/soilgrids/v2.0/properties/query?lon=10.0&lat=48.0&property=soc,nitrogen&depth=0-5cm&value=mean
server-error	jpl_horizons_comet_tsuchinshan_vectors	https://ssd.jpl.nasa.gov/api/horizons.api?format=text&COMMAND='DES%3DC%2F2023+A3'&OBJ_DATA='NO'&MAKE_EPHEM='YES'&EPHEM_TYPE='VECTORS'&CENTER='@0'&START_TIME='{today}'&STOP_TIME='{tomorrow}'&STEP_SIZE='1+h'&VEC_TABLE='2'&REF_PLANE='ECLIPTIC'&CAL_FORMAT='BOTH'
server-error	jpl_horizons_saturn_observer	https://ssd.jpl.nasa.gov/api/horizons.api?format=text&COMMAND='699'&OBJ_DATA='NO'&MAKE_EPHEM='YES'&EPHEM_TYPE='OBSERVER'&CENTER='500@399'&START_TIME='{today}'&STOP_TIME='{tomorrow}'&STEP_SIZE='1+h'&QUANTITIES='1,9,20,23,24,29'&CAL_FORMAT='BOTH'
server-error	nasa_ned_coma_cluster	https://ned.ipac.caltech.edu/cgi-bin/objsearch?search_type=Near+Position&in_csys=Equatorial&in_equinox=J2000.0&lon=194.9d&lat=27.9d&search_radius=180&img_stamp=NO&out_csys=Equatorial&out_equinox=J2000.0&obj_sort=Distance+to+search+center&of=ascii_bar&z_constraint=Unconstrained
server-error	nasa_ned_great_attractor	https://ned.ipac.caltech.edu/cgi-bin/objsearch?search_type=Near+Position&in_csys=Equatorial&in_equinox=J2000.0&lon=243.7d&lat=-45.3d&search_radius=300&img_stamp=NO&out_csys=Equatorial&out_equinox=J2000.0&obj_sort=Distance+to+search+center&of=ascii_bar&z_constraint=Unconstrained
server-error	nasa_ned_virgo_cluster	https://ned.ipac.caltech.edu/cgi-bin/objsearch?search_type=Near+Position&in_csys=Equatorial&in_equinox=J2000.0&lon=187.7d&lat=12.4d&search_radius=300&img_stamp=NO&out_csys=Equatorial&out_equinox=J2000.0&obj_sort=Distance+to+search+center&of=ascii_bar&z_constraint=Unconstrained&z_value1=&z_value2=&z_unit=z&ot_include=ANY&nmp_op=ANY&out_equinox=J2000.0&obj_sort=Distance+to+search+center&of=ascii_bar
server-error	nasa_skyview_sfd_dust_extinction	https://skyview.gsfc.nasa.gov/current/cgi/runquery.pl?Survey=SFD+Dust+Map&position={lat},{lon}&Size=1.0&Pixels=10&Return=JSON
server-error	nasa_skyview_vtss_halpha_hii_regions	https://skyview.gsfc.nasa.gov/current/cgi/runquery.pl?Survey=VTSS+H-Alpha&position={lat},{lon}&Size=2.0&Pixels=20&Return=JSON
server-error	noaa_swdi_lightning_usa	https://www.ncdc.noaa.gov/swdiws/json/nx3structure/{today}
server-error	worldpop_population_density_global	https://www.worldpop.org/rest/data/pop/wpgp?iso3=BRA,CHN,IND,USA,NGA,IDN,PAK&year=2024&format=json
unreachable	afis_active_fires_south_africa	http://afis.meraka.org.za/afis/data/json/
unreachable	aodn_imos_argo_sst	https://erddap.aodn.org.au/erddap/tabledap/imos_argo_sst.csv?latitude,longitude,TEMP,PSAL,PRES,TIME&TIME%3E=now-7days&orderBy(%22TIME%22)
unreachable	aoml_gdp_drifter_hourly	https://gdp.aoml.noaa.gov/erddap/tabledap/gdp_hourly.csv?id,longitude,latitude,time,sst,ve,vn&time>={today}T00:00:00Z&time>={today}T06:00:00Z&orderBy(%22time%22)&distinct()
unreachable	aoml_gdp_drifter_metadata_active	https://gdp.aoml.noaa.gov/erddap/tabledap/gdp_metadata.csv?id,wmo_number,deploy_lon,deploy_lat,end_lon,end_lat,deploy_date,end_date,typecode,drogue_lost_date&deploy_date>={year}-01-01&orderBy(%22deploy_date%22)
unreachable	aoml_gdp_drifter_qc_historical	https://gdp.aoml.noaa.gov/erddap/tabledap/gdp_v2.00.csv?id,longitude,latitude,time,sst,ve,vn,drogue_status&time>={today}T00:00:00Z&time<={tomorrow}T00:00:00Z&orderBy(%22time%22)
unreachable	aoml_gdp_drifter_realtime_6h	https://gdp.aoml.noaa.gov/erddap/tabledap/gdp_rt.csv?id,longitude,latitude,time,sst,vn,ve,drogue&time>={today}T00:00:00Z&orderBy(%22time%22)&distinct()
unreachable	argovis_argo_sound_speed_profiles	https://argovis.colorado.edu/argo/argoCores?startDate={today}T00:00:00Z&endDate={today}T23:59:59Z&polygon=[-180,-60,-180,60,180,60,180,-60,-180,-60]&format=json
unreachable	argovis_argo_turbulence_proxy_estimates	https://argovis.colorado.edu/argo/bgcArgoCores?startDate={today}T00:00:00Z&endDate={today}T23:59:59Z&bgcParams=doxy,nitrate&polygon=[-180,-60,-180,60,180,60,180,-60,-180,-60]&format=json
unreachable	argovis_bgc_argo_carbon_pump_bbp700	https://argovis.colorado.edu/argo/bgcArgoCores?startDate={today}T00:00:00Z&endDate={today}T23:59:59Z&bgcParams=bbp700,chla,doxy&polygon=[-180,-70,-180,70,180,70,180,-70,-180,-70]&format=json
unreachable	argovis_bgc_argo_profiles_global	https://argovis.colorado.edu/argo/bgcArgoCores?startDate={today}T00:00:00Z&endDate={today}T23:59:59Z&polygon=[-180,-60,-180,60,180,60,180,-60,-180,-60]&bgcParams=doxy,nitrate,ph_in_situ_total,chla&format=json
unreachable	argovis_bgc_full_ph_nitrate_profiles	https://argovis.colorado.edu/argo/bgcArgoCores?startDate={today}T00:00:00Z&endDate={today}T23:59:59Z&bgcParams=ph_in_situ_total,nitrate,doxy,bbp700&polygon=[-180,-60,-180,60,180,60,180,-60,-180,-60]&format=json
unreachable	argovis_core_argo_realtime	https://argovis.colorado.edu/argo/argoCores?startDate={today}T00:00:00Z&endDate={today}T23:59:59Z&polygon=[-180,-70,-180,70,180,70,180,-70,-180,-70]&format=json
unreachable	argovis_deep_argo_profiles_global	https://argovis.colorado.edu/argo/argoCores?startDate={today}T00:00:00Z&endDate={today}T23:59:59Z&presRange=2000,6000&polygon=[-180,-70,-180,70,180,70,180,-70,-180,-70]&format=json
unreachable	arpansa_uv_realtime	https://www.arpansa.gov.au/sites/default/files/legacy/pubs/uvindex/realtime/uvrt.xml
unreachable	cdaweb_ace_epam_energetic_particles	https://cdaweb.gsfc.nasa.gov/WS/cdasr/1/dataviews/sp_phys/datasets/AC_H2_EPM/variables/P1,P2,P3,P4,DE1,DE4/data/{today}T00:00:00.000Z/{today}T23:59:59.000Z?format=csv
unreachable	cdaweb_ace_solar_wind_l1	https://cdaweb.gsfc.nasa.gov/WS/cdasr/1/dataviews/sp_phys/datasets/AC_H0_MFI/variables/BGSEc,Magnitude/data/{today}T00:00:00.000Z/{today}T23:59:59.000Z?format=csv
unreachable	cdaweb_ace_swics_ion_composition	https://cdaweb.gsfc.nasa.gov/WS/cdasr/1/dataviews/sp_phys/datasets/AC_H6_SWI/variables/vHe2,vOsolar,He4toprotons,FetoO/data/{today}T00:00:00.000Z/{today}T23:59:59.000Z?format=csv
unreachable	cdaweb_arase_erg_magnetic_field_l2	https://cdaweb.gsfc.nasa.gov/WS/cdasr/1/dataviews/sp_phys/datasets/ERG_MGF_L2_8SEC/variables/magt_sm,Lm/data/{today}T00:00:00.000Z/{today}T06:00:00.000Z?format=csv
unreachable	cdaweb_arase_erg_wave_activity	https://cdaweb.gsfc.nasa.gov/WS/cdasr/1/dataviews/sp_phys/datasets/ERG_HFA_L2_SPECTRA_60S/variables/spec_mW_E,spec_mW_B,freq/data/{today}T00:00:00.000Z/{today}T06:00:00.000Z?format=csv
unreachable	cdaweb_goes16_magnetic_field	https://cdaweb.gsfc.nasa.gov/WS/cdasr/1/dataviews/sp_phys/datasets/GOES16_L2_MAG/variables/Hp,He,Hn,B_Total/data/{today}T00:00:00.000Z/{today}T23:59:59.000Z?format=csv
unreachable	cdaweb_image_rpi_plasma_density	https://cdaweb.gsfc.nasa.gov/WS/cdasr/1/dataviews/sp_phys/datasets/IMAGE_RPI_AVG/variables/electron_density,L_value/data/2000-06-01T00:00:00.000Z/2005-12-18T00:00:00.000Z?format=csv&count=10000
unreachable	cdaweb_mms1_fgm_magnetic_field	https://cdaweb.gsfc.nasa.gov/WS/cdasr/1/dataviews/sp_phys/datasets/MMS1_FGM_SRVY_L2/variables/mms1_fgm_b_gsm_srvy_l2/data/{today}T00:00:00.000Z/{today}T06:00:00.000Z?format=csv
unreachable	cdaweb_omni2_daily_solar_cycle_statistics	https://cdaweb.gsfc.nasa.gov/WS/cdasr/1/dataviews/sp_phys/datasets/OMNI_HRO2_DAILY/variables/BX_GSE,BY_GSE,BZ_GSE,flow_speed,proton_density,F10_INDEX,KP,DST/data/1963-01-01T00:00:00.000Z/{today}T00:00:00.000Z?format=csv&count=60000
unreachable	cdaweb_omni2_hourly_ip_parameters	https://cdaweb.gsfc.nasa.gov/WS/cdasr/1/dataviews/sp_phys/datasets/OMNI2_H0_MRG1HR/variables/BX_GSE,BY_GSE,BZ_GSE,flow_speed,proton_density,T,Pressure,AE,Kp,DST1800/data/{today}T00:00:00.000Z/{today}T23:59:59.000Z?format=csv
unreachable	cdaweb_rbspa_efw_spacecraft_potential	https://cdaweb.gsfc.nasa.gov/WS/cdasr/1/dataviews/sp_phys/datasets/RBSP-A_L3-Density_EFW-Burst/variables/density,Lm_eq,MLT_eq/data/{today}T00:00:00.000Z/{today}T06:00:00.000Z?format=csv
unreachable	cdaweb_rbspa_emfisis_wave_survey	https://cdaweb.gsfc.nasa.gov/WS/cdasr/1/dataviews/sp_phys/datasets/RBSP-A_WFR-SPECTRAL-MATRIX_EMFISIS-L3/variables/BuBu,BvBv,BwBw,EuEu,EvEv/data/{today}T00:00:00.000Z/{today}T06:00:00.000Z?format=csv
unreachable	cdaweb_rbspa_mageis_electrons	https://cdaweb.gsfc.nasa.gov/WS/cdasr/1/dataviews/sp_phys/datasets/RBSPA_REL04_ECT-MAGEIS-L3/variables/FESA,L,MLAT,MLON/data/{today}T00:00:00.000Z/{tomorrow}T00:00:00.000Z?format=csv
unreachable	cdaweb_rbspb_emfisis_magnetic_survey	https://cdaweb.gsfc.nasa.gov/WS/cdasr/1/dataviews/sp_phys/datasets/RBSP-B_MAGNETOMETER_EMFISIS-L3/variables/Mag/data/{today}T00:00:00.000Z/{today}T06:00:00.000Z?format=csv
unreachable	cdaweb_solar_orbiter_mag_inbound	https://cdaweb.gsfc.nasa.gov/WS/cdasr/1/dataviews/sp_phys/datasets/SOLO_L2_MAG-RTN-NORMAL-1-MINUTE/variables/B_RTN/data/{today}T00:00:00.000Z/{today}T06:00:00.000Z?format=csv
unreachable	cdaweb_solar_orbiter_swa_plasma	https://cdaweb.gsfc.nasa.gov/WS/cdasr/1/dataviews/sp_phys/datasets/SOLO_L2_SWA-PAS-GRND-MOM/variables/N,T,V_RTN/data/{today}T00:00:00.000Z/{today}T06:00:00.000Z?format=csv
unreachable	cdaweb_stereo_a_solar_wind	https://cdaweb.gsfc.nasa.gov/WS/cdasr/1/dataviews/sp_phys/datasets/STA_L1_PLA/variables/proton_bulk_speed,proton_number_density,proton_temperature/data/{today}T00:00:00.000Z/{today}T06:00:00.000Z?format=csv
unreachable	cdaweb_voyager1_pls_interstellar_medium	https://cdaweb.gsfc.nasa.gov/WS/cdasr/1/dataviews/sp_phys/datasets/VG1_48S_MAG/variables/F1_avg,B1_avg/data/{today}T00:00:00.000Z/{today}T23:59:59.000Z?format=csv
unreachable	cdaweb_wind_swe_solar_wind_plasma	https://cdaweb.gsfc.nasa.gov/WS/cdasr/1/dataviews/sp_phys/datasets/WI_H1_SWE/variables/Proton_Np_nonlin,Proton_VX_nonlin,Proton_VY_nonlin,Proton_VZ_nonlin,Proton_Tp_nonlin/data/{today}T00:00:00.000Z/{today}T06:00:00.000Z?format=csv
unreachable	cdaweb_wind_waves_radio_emissions	https://cdaweb.gsfc.nasa.gov/WS/cdasr/1/dataviews/sp_phys/datasets/WI_L2-60S_WAV/variables/E_VOLTAGE_RAD2,FREQUENCY_RAD2/data/{today}T00:00:00.000Z/{today}T06:00:00.000Z?format=csv
unreachable	celestrak_active_satellites	https://celestrak.org/NORAD/elements/gp.php?GROUP=active&FORMAT=json
unreachable	celestrak_debris_cosmos2251	https://celestrak.org/NORAD/elements/gp.php?GROUP=cosmos-2251-debris&FORMAT=json
unreachable	celestrak_debris_fragmentation_events	https://celestrak.org/SOCRATES/query.php?FRAGMENTATION=Y&FORMAT=json&LIMIT=500
unreachable	celestrak_decaying	https://celestrak.org/NORAD/elements/gp.php?SPECIAL=DECAYING&FORMAT=json
unreachable	celestrak_galileo	https://celestrak.org/NORAD/elements/gp.php?GROUP=galileo&FORMAT=json
unreachable	celestrak_glonass	https://celestrak.org/NORAD/elements/gp.php?GROUP=glonass-ops&FORMAT=json
unreachable	celestrak_goes	https://celestrak.org/NORAD/elements/gp.php?GROUP=goes&FORMAT=json
unreachable	celestrak_gps_ops	https://celestrak.org/NORAD/elements/gp.php?GROUP=gps-ops&FORMAT=json
unreachable	celestrak_iridium	https://celestrak.org/NORAD/elements/gp.php?GROUP=iridium-NEXT&FORMAT=json
unreachable	celestrak_noaa_weather	https://celestrak.org/NORAD/elements/gp.php?GROUP=noaa&FORMAT=json
unreachable	celestrak_oneweb	https://celestrak.org/NORAD/elements/gp.php?GROUP=oneweb&FORMAT=json
unreachable	celestrak_radar	https://celestrak.org/NORAD/elements/gp.php?GROUP=radar&FORMAT=json
unreachable	celestrak_science	https://celestrak.org/NORAD/elements/gp.php?GROUP=science&FORMAT=json
unreachable	celestrak_socrates_conjunction_data	https://celestrak.org/SOCRATES/query.php?CATNR=&TIMEFRAME=24&MAX_PROB=0.001&LIMIT=200&FORMAT=json
unreachable	celestrak_space_stations	https://celestrak.org/NORAD/elements/gp.php?GROUP=space-stations&FORMAT=json
unreachable	celestrak_starlink	https://celestrak.org/NORAD/elements/gp.php?GROUP=starlink&FORMAT=json
unreachable	chain_arctic_ionospheric_scintillation	https://chain.physics.unb.ca/api/v1/stations?format=json&active=true
unreachable	edgar_v8_national_co2_emissions	https://gisco-services.ec.europa.eu/api/?dataset=EDGAR_GHG&format=json&filter[year]={year}&filter[gas]=CO2&limit=500
unreachable	emep_mscw_model_no2_europe	https://thredds.met.no/thredds/dodsC/data/EMEP/2024/Base_fullrun.nc.ascii?no2[0][0:5:50][0:5:100]
unreachable	esa_lisa_pathfinder_differential_acceleration	https://lpa.esac.esa.int/api/v1/data?format=json&product=differential_force&start_date={year}-01-01&end_date={year}-12-31&limit=500
unreachable	esa_sepem_sep_event_catalog	https://sepem.eu/api/events/?format=json&limit=200
unreachable	esac_euclid_ero_deep_field_catalog	https://easd.esac.esa.int/tap-server/tap/sync?REQUEST=doQuery&LANG=ADQL&FORMAT=csv&QUERY=SELECT+TOP+3000+source_id,ra,dec,ie_mag,ye_mag,je_mag,he_mag,phz_z,phz_z_err+FROM+euclid.ero_source_catalog+WHERE+ra+IS+NOT+NULL+AND+ie_mag<25+ORDER+BY+ie_mag+ASC
unreachable	exofop_tess_toi_candidates	https://exofop.ipac.caltech.edu/tess/download_toi.php?sort=toi&output=csv
unreachable	global_mangrove_atlas_countries	https://mangrove-atlas.sei.org/api/widgets/mangrove-cover/?location_id=country&startYear=2020&endYear=2020
unreachable	global_mangrove_atlas_global	https://mangrove-atlas.sei.org/api/widgets/mangrove-cover/?location_id=worldwide&startYear=2020&endYear=2020
unreachable	grand_global_reservoir_dam_database	https://sedac.ciesin.columbia.edu/arcgis/rest/services/grand/GRAND_Dams/MapServer/0/query?where=1%3D1&geometry={lon_min}%2C{lat_min}%2C{lon_max}%2C{lat_max}&geometryType=esriGeometryEnvelope&inSR=4326&spatialRel=esriSpatialRelIntersects&outFields=*&f=json&resultRecordCount=500
unreachable	incois_erddap_argo_indian_ocean	https://erddap.incois.gov.in/erddap/tabledap/ArgoIndianOcean.csv?latitude,longitude,TEMP,PSAL,PRES,time&time%3E=now-30days&orderBy(%22time%22)&limit=5000
unreachable	incois_erddap_argo_profiles_io	https://erddap.incois.gov.in/erddap/tabledap/INCOIS_ARGO_PROFILES.csv?latitude,longitude,time,pres,temp,psal,platform_number&time>={today}T00:00:00Z&latitude>=-30&latitude<=30&longitude>=40&longitude<=120&orderBy(%22time%22)&distinct()
unreachable	incois_erddap_indian_ocean_sst	https://erddap.incois.gov.in/erddap/griddap/INSAT3D_SST.csv?SST%5Blast%5D%5B(5):(25)%5D%5B(65):(90)%5D
unreachable	incois_erddap_oscar_currents_io	https://erddap.incois.gov.in/erddap/griddap/INCOIS_OSCAR_CURRENTS.csv?u%5Blast%5D%5B0%5D%5B(-30.0):(30.0):3%5D%5B(40.0):(120.0):3%5D,v%5Blast%5D%5B0%5D%5B(-30.0):(30.0):3%5D%5B(40.0):(120.0):3%5D
unreachable	incois_erddap_sst_indian_ocean	https://erddap.incois.gov.in/erddap/griddap/INCOIS_GHRSST_MUR_SST.csv?analysed_sst%5Blast%5D%5B(-30.0):(30.0):5%5D%5B(40.0):(120.0):5%5D
unreachable	incois_erddap_tsunami_bpr_buoys	https://erddap.incois.gov.in/erddap/tabledap/INCOIS_TSUNAMI_BPR.csv?latitude,longitude,time,water_pressure,sea_floor_depth&time>={today}T00:00:00Z&orderBy(%22time%22)
unreachable	incois_erddap_wave_arabian_sea	https://erddap.incois.gov.in/erddap/griddap/INCOIS_NIO_WAVE_MODEL.csv?SWH%5Blast%5D%5B(0.0):(25.0):2%5D%5B(50.0):(80.0):2%5D,MWP%5Blast%5D%5B(0.0):(25.0):2%5D%5B(50.0):(80.0):2%5D,MWD%5Blast%5D%5B(0.0):(25.0):2%5D%5B(50.0):(80.0):2%5D
unreachable	incois_erddap_wave_bay_of_bengal	https://erddap.incois.gov.in/erddap/griddap/INCOIS_NIO_WAVE_MODEL.csv?SWH%5Blast%5D%5B(0.0):(25.0):2%5D%5B(80.0):(100.0):2%5D,MWP%5Blast%5D%5B(0.0):(25.0):2%5D%5B(80.0):(100.0):2%5D,PWP%5Blast%5D%5B(0.0):(25.0):2%5D%5B(80.0):(100.0):2%5D
unreachable	ing_archive_weave_early_science_metadata	https://casu.ast.cam.ac.uk/casuadc/ingarch/tap/sync?REQUEST=doQuery&LANG=ADQL&FORMAT=csv&QUERY=SELECT+TOP+1000+target_name,ra_j2000,dec_j2000,instrument,filter,exp_time,night,snr+FROM+weave_observations+WHERE+ra_j2000+IS+NOT+NULL+ORDER+BY+night+DESC
unreachable	iono4d_european_ionospheric_stations	https://iono4d.iri-ap.ru/api/v1/stations?region=europe&format=json&limit=200
unreachable	ipgp_mqs_marsquake_service_catalog	https://www.seis-insight.eu/api/v1/events?format=json&limit=500&catalog=MQS&status=confirmed
unreachable	irsc_iran_earthquakes	http://irsc.ut.ac.ir/fdsnws/event/1/query?format=geojson&minmagnitude=2.0&limit=500&orderby=time&starttime={today}T00:00:00
unreachable	jrc_edgar_v8_ch4_sector_emissions	https://gisco-services.ec.europa.eu/api/?dataset=EDGAR_GHG&format=json&filter[year]={year}&filter[gas]=CH4&limit=500
unreachable	lisa_data_challenge_ldc2_galactic_binaries	https://lisa-ldc.lal.in2p3.fr/api/v1/sources?dataset=LDC2_sangria&type=GB&limit=2000&format=json
unreachable	mbari_mars_underwater_observatory	https://api.mbari.org/m3/platforms?format=json&platform_name=MARS
unreachable	mbari_monterey_bay_ctd_profiles	https://api.mbari.org/m3/ctd?format=json&platform=MARS&limit=200&start={today}T00:00:00Z
unreachable	nasa_mls_aura_stratosphere_ozone	https://acdisc.gesdisc.eosdis.nasa.gov/opendap/Aura_MLS_Level3/ML3DZO3.005/{year}/MLS-Aura_L3DM-O3_{year}d{day}.nc4.ascii?O3[0][0:5:35][0:3:44],Latitude[0:3:44],Longitude[0:5:35],Pressure
unreachable	nasa_mls_aura_stratosphere_temperature	https://acdisc.gesdisc.eosdis.nasa.gov/opendap/Aura_MLS_Level3/ML3DZT.005/{year}/MLS-Aura_L3DM-Temperature_{year}d{day}.nc4.ascii?Temperature[0][0:5:35][0:3:44],Latitude[0:3:44],Longitude[0:5:35],Pressure
unreachable	nasa_mopitt_co_monthly_global	https://acdisc.gesdisc.eosdis.nasa.gov/opendap/MOPITT/MOP03JM.009/{year}/{year}01.he5.nc4.ascii?RetrievedCOTotalColumn[0:2:90][0:2:180],Latitude[0:2:90],Longitude[0:2:180]
unreachable	nasa_oco2_xco2_monthly_global_l3	https://acdisc.gesdisc.eosdis.nasa.gov/opendap/OCO2/OCO2_L3CO2_MONTH_V10.4r/{year}/{year}_{month}_OCO2_L3CO2_MONTH_V10r.nc4.ascii?XCO2[0][0:3:89][0:3:359],latitude[0:3:89],longitude[0:3:359]
unreachable	nasa_oco3_iss_target_mode_xco2	https://acdisc.gesdisc.eosdis.nasa.gov/opendap/OCO3/OCO3_L2_Lite_FP.10r/{year}/{year}{month}{day}_OCO3_L2_Lite_FP.nc4.ascii?xco2[0:100],latitude[0:100],longitude[0:100],xco2_quality_flag[0:100],time[0:100]
unreachable	nasa_omi_aura_total_ozone_daily	https://acdisc.gesdisc.eosdis.nasa.gov/opendap/Aura_OMI_Level3/OMTO3e.003/{year}/{year}m{month}{day}.he5.nc4.ascii?ColumnAmountO3[0][0:4:719][0:4:1439],Latitude[0:4:719],Longitude[0:4:1439]
unreachable	nasa_omi_tropospheric_ozone_l3	https://acdisc.gesdisc.eosdis.nasa.gov/opendap/Aura_OMI_Level3/OMTO3e.003/{year}/{year}m{month}{day}.he5.nc4.ascii?ColumnAmountO3Trop[0][0:4:719][0:4:1439],Latitude[0:4:719],Longitude[0:4:1439]
unreachable	nasa_toms_ep_total_ozone_historical	https://acdisc.gesdisc.eosdis.nasa.gov/opendap/TOMS_EP_Level3/TOMS_EP_L3_Daily.001/{year}/{year}m{month}{day}.he5.nc4.ascii?TotalColumnOzone[0][0:3:179][0:3:287],Latitude[0:3:179],Longitude[0:3:287]
unreachable	ngl_unavco_gnss_plate_motion_timeseries	http://geodesy.unr.edu/api/velocity?network=IGS&format=json&limit=500
unreachable	nmdb_global_forbush_composite	https://www.nmdb.eu/nest/draw_graph.php?wget=1&stations[]=OULU&stations[]=JUNG&stations[]=THUL&stations[]=NEWK&tabchoice=1h&output=ascii&startdate_1={today}T00:00:00&enddate_1={today}T23:59:59
unreachable	nmdb_nest_apatity	https://www.nmdb.eu/nest/draw_graph.php?formchk=1&stations[]=APTY&output=ascii&tabchoice=ori&dtype=corr_for_efficiency&date_choice=last&last_days=1&last_label=days_label&tresolution=60&yunits=0
unreachable	nmdb_nest_hermanus	https://www.nmdb.eu/nest/draw_graph.php?formchk=1&stations[]=HRMS&output=ascii&tabchoice=ori&dtype=corr_for_efficiency&date_choice=last&last_days=1&last_label=days_label&tresolution=60&yunits=0
unreachable	nmdb_nest_jungfraujoch	https://www.nmdb.eu/nest/draw_graph.php?formchk=1&stations[]=JUNG&output=ascii&tabchoice=ori&dtype=corr_for_efficiency&date_choice=last&last_days=1&last_label=days_label&tresolution=60&yunits=0
unreachable	nmdb_nest_kerguelen	https://www.nmdb.eu/nest/draw_graph.php?formchk=1&stations[]=KERG&output=ascii&tabchoice=ori&dtype=corr_for_efficiency&date_choice=last&last_days=1&last_label=days_label&tresolution=60&yunits=0
unreachable	nmdb_nest_mcmurdo	https://www.nmdb.eu/nest/draw_graph.php?formchk=1&stations[]=MCMD&output=ascii&tabchoice=ori&dtype=corr_for_efficiency&date_choice=last&last_days=1&last_label=days_label&tresolution=60&yunits=0
unreachable	nmdb_nest_mexico	https://www.nmdb.eu/nest/draw_graph.php?formchk=1&stations[]=MXCO&output=ascii&tabchoice=ori&dtype=corr_for_efficiency&date_choice=last&last_days=1&last_label=days_label&tresolution=60&yunits=0
unreachable	nmdb_nest_oulu	https://www.nmdb.eu/nest/draw_graph.php?formchk=1&stations[]=OULU&output=ascii&tabchoice=ori&dtype=corr_for_efficiency&date_choice=last&last_days=1&last_label=days_label&tresolution=60&yunits=0
unreachable	nmdb_nest_thule	https://www.nmdb.eu/nest/draw_graph.php?formchk=1&stations[]=THUL&output=ascii&tabchoice=ori&dtype=corr_for_efficiency&date_choice=last&last_days=1&last_label=days_label&tresolution=60&yunits=0
unreachable	nmdb_oulu_neutron_monitor	https://www.nmdb.eu/nest/draw_graph.php?wget=1&stations[]=OULU&tabchoice=1h&output=ascii&startdate_1={today}T00:00:00&enddate_1={today}T23:59:59
unreachable	nmdb_southpole_neutron_monitor	https://www.nmdb.eu/nest/draw_graph.php?wget=1&stations[]=SOPO&tabchoice=1h&output=ascii&startdate_1={today}T00:00:00&enddate_1={today}T23:59:59
unreachable	noaa_mangrove_global_extent	https://api.fisheries.noaa.gov/api/mangrove-cover-index?format=json&limit=1000
unreachable	noaa_psl_20cr_reanalysis_monthly	https://psl.noaa.gov/thredds/dodsC/Datasets/20thC_ReanV3/monthlies/air.2m.mon.mean.nc.ascii?air[last][0:4:35][0:4:71],lat[0:4:35],lon[0:4:71]
unreachable	noaa_psl_ncep_reanalysis_surface_temp	https://psl.noaa.gov/thredds/dodsC/Datasets/ncep.reanalysis.derived/surface/air.day.mean.nc.ascii?air[last][0:3:72][0:3:143],lat[0:3:72],lon[0:3:143]
unreachable	nsidc_masie_regional_arctic	https://masie_web.apps.nsidc.org/pub/DATASETS/NSIDC0079MASIE-NH_r00v01/masie_4km_allyears_extent_sqkm.csv
unreachable	open_supernova_catalog_all_events	https://api.astrocats.space/catalog?format=json&ra=*&dec=*&claimedtype=Ia&limit=500&sortby=host_dec
unreachable	osm_overpass_critical_infrastructure_seismic	https://overpass-api.de/api/interpreter?data=[out:json][timeout:25];(node[amenity=hospital](bbox:{lat_min},{lon_min},{lat_max},{lon_max});node[amenity=school](bbox:{lat_min},{lon_min},{lat_max},{lon_max});node[amenity=fire_station](bbox:{lat_min},{lon_min},{lat_max},{lon_max}););out+center;
unreachable	raspberryshake_all_stations	https://fdsnws.raspberryshakedata.com/fdsnws/station/1/query?network=AM&channel=EHZ&level=station&format=text&includeavatability=true
unreachable	raspberryshake_asia_pacific	https://fdsnws.raspberryshakedata.com/fdsnws/station/1/query?network=AM&channel=EHZ&level=station&format=text&minlatitude=-45&maxlatitude=55&minlongitude=60&maxlongitude=180
unreachable	raspberryshake_europe	https://fdsnws.raspberryshakedata.com/fdsnws/station/1/query?network=AM&channel=EHZ&level=station&format=text&minlatitude=35&maxlatitude=70&minlongitude=-10&maxlongitude=40
unreachable	raspberryshake_events_global	https://fdsnws.raspberryshakedata.com/fdsnws/event/1/query?format=geojson&minmagnitude=2.0&limit=500&orderby=time
unreachable	raspberryshake_infrasound_stations	https://fdsnws.raspberryshakedata.com/fdsnws/station/1/query?network=AM&channel=HDF&level=station&format=text
unreachable	raspberryshake_north_america	https://fdsnws.raspberryshakedata.com/fdsnws/station/1/query?network=AM&channel=EHZ&level=station&format=text&minlatitude=25&maxlatitude=72&minlongitude=-170&maxlongitude=-50
unreachable	reliefweb_active_disasters	https://api.reliefweb.int/v1/disasters?appname=batch7&limit=200&filter[field]=status&filter[value]=ongoing&sort[]=date:desc&profile=full&fields[include][]=name&fields[include][]=primary_type&fields[include][]=country&fields[include][]=date&fields[include][]=glide
unreachable	reliefweb_disasters_30d	https://api.reliefweb.int/v1/disasters?appname=batch7&limit=500&filter[conditions][0][field]=date.created&filter[conditions][0][value][from]={yesterday}T00:00:00%2B00:00&sort[]=date:desc&profile=full&fields[include][]=name&fields[include][]=primary_type&fields[include][]=country&fields[include][]=date&fields[include][]=status
unreachable	saeon_erddap_south_africa	https://erddap.saeon.ac.za/erddap/tabledap/saeon_obs_network.csv?latitude,longitude,temperature,humidity,wind_speed,pressure,time&time%3E=now-24hours&orderBy(%22time%22)
unreachable	sedac_gpw_population_grid	https://sedac.ciesin.columbia.edu/arcgis/rest/services/sedac/GPWv4/MapServer/0/query?where=1%3D1&geometry={lon_min}%2C{lat_min}%2C{lon_max}%2C{lat_max}&geometryType=esriGeometryEnvelope&inSR=4326&spatialRel=esriSpatialRelIntersects&outFields=*&f=json&resultRecordCount=500
unreachable	sedac_population_exposure_natural_hazards	https://sedac.ciesin.columbia.edu/arcgis/rest/services/povmap/POVMAP_Global_Subnational_Infant_Mortality/MapServer/0/query?where=1%3D1&geometry={lon_min}%2C{lat_min}%2C{lon_max}%2C{lat_max}&geometryType=esriGeometryEnvelope&inSR=4326&spatialRel=esriSpatialRelIntersects&outFields=*&f=json&resultRecordCount=500
unreachable	sisal_v3_entity_statistics	https://sisal.ees.ucdavis.edu/api/v3/entities?format=json&limit=500&has_isotopes=true
unreachable	skao_sdc3_continuum_source_catalog	https://sdc3.astronomers.skatelescope.org/api/v1/catalog?format=json&limit=1000&type=continuum&snr_min=5
unreachable	skao_sdc3_hi_21cm_source_catalog	https://sdc3.astronomers.skatelescope.org/api/v1/catalog?format=json&limit=1000&type=HI&snr_min=5
unreachable	terrascope_esa_worldcover_2021	https://services.terrascope.be/wcs/ows?SERVICE=WCS&VERSION=2.0.1&REQUEST=GetCoverage&COVERAGEID=WORLDCOVER_2021_MAP&SUBSET=Lat({lat_min},{lat_max})&SUBSET=Long({lon_min},{lon_max})&FORMAT=application/json
unreachable	usgs_glacier_mass_balance_benchmarks	https://www2.usgs.gov/cgi-bin/get_data.cgi?rdb_format=rdb&site_no=15052500,12175500,15266300&agency_cd=USGS&output=JSON&begin_date=2000-01-01&end_date={today}
votable-tap	heasarc_fermi_lat_tev_blazar_qg_candidates	https://heasarc.gsfc.nasa.gov/xamin/vo/tap/sync?REQUEST=doQuery&LANG=ADQL&FORMAT=csv&QUERY=SELECT+TOP+200+source_name,ra,dec,significance,energy_flux100,variability_index,redshift,class1+FROM+fermilpsc+WHERE+(class1+LIKE+'bll%25'+OR+class1+LIKE+'fsrq%25')+AND+redshift>0.1+AND+ra+IS+NOT+NULL+ORDER+BY+energy_flux100+DESC
votable-tap	heasarc_sage2_stratospheric_aerosol	https://heasarc.gsfc.nasa.gov/xamin/vo/tap/sync?REQUEST=doQuery&LANG=ADQL&FORMAT=csv&QUERY=SELECT+TOP+500+latitude,longitude,date,altitude,ext525,ext1020,o3+FROM+sage2l2+WHERE+latitude+IS+NOT+NULL+AND+date>%271984-01-01%27+ORDER+BY+date+DESC
