# ink cloud 8x downsample, 600-dpi source 5122x6572, threshold<96, block>=20
70	59
70	60
71	60
72	60
71	61
72	61
139	79
140	79
143	79
144	79
146	79
147	79
148	79
156	79
157	79
160	79
161	79
164	79
165	79
166	79
167	79
168	79
169	79
170	79
171	79
140	80
142	80
144	80
146	80
157	80
161	80
164	80
165	80
170	80
171	80
140	81
142	81
144	81
146	81
147	81
148	81
157	81
161	81
164	81
140	82
142	82
144	82
146	82
152	82
153	82
154	82
157	82
161	82
164	82
140	83
142	83
143	83
144	83
146	83
147	83
148	83
157	83
161	83
164	83
143	84
147	84
164	84
164	85
165	85
166	85
167	85
168	85
164	86
164	87
164	88
164	89
164	90
164	91
164	92
164	93
164	94
164	95
164	96
164	97
164	98
165	98
166	98
167	98
168	98
164	99
164	100
164	101
164	102
164	103
164	104
164	105
164	106
164	107
176	107
177	107
179	107
180	107
181	107
183	107
184	107
187	107
188	107
189	107
206	107
209	107
211	107
212	107
213	107
216	107
217	107
223	107
225	107
229	107
231	107
232	107
234	107
235	107
236	107
238	107
164	108
175	108
176	108
179	108
181	108
182	108
183	108
186	108
187	108
201	108
202	108
206	108
209	108
212	108
214	108
215	108
222	108
225	108
226	108
229	108
231	108
232	108
233	108
234	108
238	108
376	108
377	108
378	108
379	108
380	108
381	108
164	109
176	109
177	109
179	109
180	109
181	109
182	109
183	109
184	109
186	109
193	109
195	109
197	109
198	109
199	109
201	109
202	109
206	109
209	109
212	109
214	109
222	109
225	109
226	109
227	109
229	109
231	109
232	109
233	109
234	109
235	109
238	109
239	109
377	109
378	109
379	109
380	109
381	109
164	110
177	110
179	110
180	110
183	110
186	110
194	110
195	110
196	110
197	110
198	110
199	110
201	110
206	110
209	110
212	110
214	110
215	110
222	110
225	110
227	110
228	110
229	110
231	110
233	110
236	110
238	110
239	110
378	110
164	111
165	111
166	111
167	111
168	111
175	111
176	111
177	111
179	111
180	111
183	111
187	111
188	111
189	111
190	111
194	111
195	111
196	111
199	111
201	111
206	111
207	111
208	111
209	111
212	111
215	111
216	111
217	111
222	111
225	111
228	111
229	111
231	111
232	111
233	111
234	111
235	111
236	111
238	111
239	111
378	111
164	112
176	112
183	112
184	112
188	112
189	112
207	112
208	112
216	112
217	112
222	112
223	112
231	112
232	112
235	112
238	112
378	112
164	113
223	113
238	113
305	113
306	113
307	113
308	113
309	113
310	113
319	113
320	113
321	113
322	113
323	113
378	113
164	114
176	114
177	114
178	114
179	114
180	114
181	114
191	114
192	114
193	114
194	114
195	114
196	114
247	114
248	114
249	114
250	114
251	114
252	114
308	114
321	114
323	114
378	114
435	114
436	114
437	114
438	114
439	114
164	115
177	115
178	115
179	115
180	115
181	115
193	115
194	115
249	115
250	115
308	115
321	115
333	115
334	115
335	115
336	115
337	115
338	115
378	115
424	115
436	115
437	115
448	115
449	115
450	115
451	115
452	115
164	116
178	116
179	116
193	116
249	116
250	116
276	116
277	116
278	116
279	116
280	116
281	116
308	116
321	116
335	116
336	116
348	116
349	116
350	116
351	116
352	116
353	116
378	116
404	116
405	116
406	116
407	116
408	116
409	116
419	116
420	116
421	116
422	116
423	116
424	116
437	116
450	116
476	116
477	116
478	116
479	116
480	116
481	116
164	117
178	117
179	117
193	117
249	117
250	117
279	117
291	117
292	117
293	117
294	117
295	117
296	117
308	117
321	117
335	117
336	117
349	117
350	117
351	117
352	117
353	117
378	117
405	117
406	117
407	117
408	117
409	117
422	117
437	117
450	117
478	117
479	117
164	118
178	118
179	118
193	118
204	118
205	118
206	118
207	118
208	118
209	118
249	118
250	118
279	118
293	118
308	118
321	118
335	118
336	118
350	118
351	118
362	118
363	118
364	118
365	118
366	118
367	118
378	118
407	118
422	118
437	118
450	118
462	118
463	118
464	118
465	118
466	118
467	118
479	118
164	119
178	119
179	119
193	119
207	119
249	119
250	119
279	119
293	119
308	119
321	119
335	119
336	119
350	119
351	119
364	119
378	119
407	119
422	119
437	119
450	119
464	119
479	119
164	120
178	120
179	120
193	120
207	120
249	120
250	120
279	120
293	120
308	120
321	120
335	120
336	120
350	120
364	120
378	120
407	120
422	120
437	120
450	120
464	120
479	120
164	121
165	121
167	121
168	121
178	121
179	121
193	121
199	121
204	121
207	121
210	121
211	121
212	121
213	121
214	121
215	121
216	121
239	121
240	121
241	121
242	121
243	121
244	121
245	121
246	121
249	121
250	121
252	121
253	121
254	121
255	121
256	121
257	121
272	121
273	121
274	121
275	121
276	121
279	121
282	121
283	121
284	121
285	121
286	121
287	121
290	121
291	121
293	121
295	121
296	121
297	121
298	121
299	121
300	121
303	121
304	121
305	121
308	121
311	121
312	121
313	121
314	121
315	121
316	121
321	121
323	121
324	121
325	121
326	121
327	121
328	121
329	121
331	121
332	121
333	121
334	121
335	121
336	121
338	121
339	121
340	121
341	121
342	121
345	121
346	121
347	121
348	121
350	121
351	121
353	121
354	121
355	121
356	121
357	121
358	121
360	121
361	121
362	121
364	121
367	121
368	121
369	121
370	121
373	121
374	121
375	121
376	121
378	121
381	121
382	121
383	121
384	121
389	121
390	121
391	121
392	121
393	121
394	121
395	121
396	121
399	121
400	121
401	121
402	121
403	121
404	121
407	121
409	121
410	121
411	121
412	121
413	121
414	121
416	121
417	121
418	121
419	121
420	121
422	121
424	121
425	121
426	121
427	121
428	121
429	121
431	121
432	121
433	121
434	121
437	121
439	121
440	121
441	121
442	121
443	121
444	121
445	121
446	121
450	121
452	121
453	121
454	121
455	121
456	121
459	121
460	121
461	121
462	121
464	121
466	121
467	121
468	121
469	121
470	121
473	121
474	121
475	121
476	121
479	121
481	121
482	121
483	121
484	121
485	121
486	121
489	121
490	121
491	121
492	121
493	121
494	121
497	121
498	121
499	121
500	121
501	121
502	121
507	121
508	121
509	121
510	121
511	121
512	121
138	122
139	122
142	122
143	122
145	122
146	122
155	122
156	122
159	122
160	122
164	122
165	122
166	122
167	122
168	122
172	122
173	122
174	122
175	122
176	122
178	122
179	122
181	122
182	122
183	122
184	122
185	122
186	122
189	122
190	122
191	122
193	122
196	122
197	122
198	122
199	122
203	122
204	122
207	122
210	122
211	122
212	122
213	122
214	122
215	122
216	122
220	122
221	122
222	122
223	122
224	122
225	122
226	122
229	122
230	122
231	122
232	122
233	122
234	122
235	122
239	122
240	122
241	122
242	122
243	122
244	122
245	122
249	122
250	122
252	122
253	122
254	122
255	122
256	122
257	122
261	122
262	122
263	122
264	122
265	122
266	122
267	122
272	122
273	122
274	122
275	122
276	122
279	122
283	122
284	122
285	122
286	122
287	122
290	122
291	122
293	122
296	122
298	122
299	122
303	122
304	122
305	122
308	122
311	122
312	122
313	122
314	122
315	122
316	122
321	122
324	122
325	122
328	122
335	122
336	122
345	122
346	122
347	122
350	122
351	122
353	122
354	122
355	122
356	122
357	122
364	122
378	122
391	122
392	122
393	122
394	122
395	122
407	122
422	122
437	122
450	122
464	122
479	122
510	122
139	123
141	123
143	123
144	123
145	123
156	123
158	123
159	123
160	123
161	123
164	123
178	123
179	123
193	123
207	123
249	123
250	123
279	123
293	123
308	123
321	123
335	123
336	123
350	123
351	123
364	123
378	123
391	123
392	123
393	123
394	123
395	123
407	123
422	123
437	123
450	123
464	123
479	123
510	123
139	124
141	124
143	124
145	124
146	124
156	124
160	124
161	124
164	124
165	124
166	124
167	124
168	124
169	124
170	124
171	124
178	124
179	124
193	124
207	124
249	124
250	124
279	124
293	124
308	124
321	124
335	124
336	124
350	124
351	124
364	124
378	124
393	124
407	124
422	124
437	124
450	124
464	124
479	124
510	124
139	125
141	125
143	125
145	125
151	125
152	125
153	125
156	125
159	125
160	125
164	125
165	125
170	125
171	125
178	125
179	125
193	125
207	125
249	125
250	125
279	125
293	125
308	125
321	125
335	125
336	125
350	125
351	125
364	125
378	125
393	125
407	125
422	125
437	125
450	125
464	125
479	125
492	125
493	125
494	125
495	125
496	125
497	125
509	125
510	125
139	126
141	126
142	126
143	126
145	126
146	126
156	126
159	126
160	126
161	126
164	126
178	126
179	126
193	126
207	126
249	126
250	126
279	126
293	126
308	126
321	126
335	126
336	126
350	126
351	126
364	126
378	126
393	126
407	126
422	126
437	126
450	126
464	126
479	126
494	126
510	126
142	127
146	127
156	127
159	127
160	127
164	127
178	127
179	127
193	127
207	127
249	127
250	127
279	127
293	127
308	127
321	127
335	127
336	127
350	127
351	127
364	127
378	127
393	127
407	127
422	127
437	127
450	127
464	127
479	127
494	127
510	127
164	128
178	128
179	128
193	128
207	128
249	128
250	128
279	128
293	128
308	128
321	128
335	128
336	128
350	128
351	128
364	128
378	128
393	128
407	128
422	128
437	128
450	128
464	128
479	128
494	128
510	128
164	129
165	129
166	129
167	129
168	129
178	129
193	129
207	129
249	129
279	129
293	129
307	129
308	129
321	129
335	129
336	129
350	129
351	129
364	129
378	129
393	129
407	129
422	129
437	129
450	129
464	129
479	129
494	129
510	129
164	130
178	130
193	130
207	130
249	130
279	130
293	130
306	130
307	130
308	130
309	130
320	130
321	130
335	130
350	130
364	130
378	130
392	130
393	130
406	130
407	130
421	130
422	130
436	130
437	130
450	130
464	130
479	130
494	130
510	130
164	131
178	131
193	131
207	131
249	131
279	131
293	131
305	131
306	131
307	131
308	131
309	131
310	131
319	131
320	131
321	131
322	131
335	131
350	131
364	131
378	131
392	131
393	131
406	131
407	131
421	131
422	131
436	131
437	131
450	131
464	131
478	131
479	131
494	131
509	131
510	131
164	132
178	132
193	132
207	132
249	132
279	132
293	132
305	132
306	132
307	132
308	132
309	132
310	132
319	132
320	132
321	132
322	132
323	132
335	132
350	132
364	132
378	132
392	132
393	132
406	132
407	132
421	132
422	132
436	132
437	132
450	132
464	132
478	132
479	132
494	132
509	132
510	132
164	133
178	133
193	133
207	133
249	133
279	133
293	133
306	133
307	133
308	133
309	133
310	133
319	133
320	133
321	133
322	133
323	133
335	133
350	133
364	133
378	133
392	133
393	133
406	133
407	133
421	133
422	133
436	133
437	133
450	133
464	133
478	133
479	133
494	133
509	133
510	133
164	134
178	134
193	134
207	134
249	134
279	134
293	134
306	134
307	134
308	134
309	134
319	134
320	134
321	134
322	134
323	134
335	134
350	134
364	134
378	134
392	134
393	134
406	134
407	134
421	134
422	134
436	134
437	134
450	134
464	134
478	134
479	134
494	134
509	134
510	134
164	135
178	135
193	135
207	135
249	135
250	135
279	135
293	135
308	135
320	135
321	135
322	135
335	135
350	135
364	135
378	135
392	135
393	135
406	135
407	135
421	135
422	135
436	135
437	135
450	135
464	135
478	135
479	135
494	135
509	135
510	135
164	136
178	136
193	136
207	136
249	136
250	136
279	136
293	136
307	136
308	136
321	136
335	136
350	136
364	136
378	136
392	136
393	136
406	136
407	136
421	136
422	136
436	136
437	136
450	136
464	136
478	136
479	136
494	136
509	136
510	136
164	137
178	137
193	137
207	137
249	137
250	137
279	137
293	137
307	137
308	137
321	137
335	137
350	137
364	137
378	137
392	137
393	137
406	137
407	137
421	137
422	137
436	137
437	137
449	137
450	137
464	137
478	137
479	137
494	137
509	137
510	137
164	138
178	138
193	138
207	138
249	138
250	138
279	138
293	138
307	138
308	138
321	138
335	138
350	138
364	138
378	138
392	138
393	138
406	138
407	138
421	138
422	138
436	138
437	138
448	138
449	138
450	138
451	138
452	138
464	138
478	138
479	138
494	138
509	138
510	138
164	139
177	139
178	139
179	139
180	139
193	139
207	139
248	139
249	139
250	139
251	139
279	139
293	139
307	139
308	139
321	139
335	139
336	139
350	139
364	139
378	139
392	139
393	139
406	139
407	139
421	139
422	139
436	139
437	139
448	139
449	139
450	139
451	139
452	139
464	139
479	139
494	139
509	139
510	139
164	140
177	140
178	140
179	140
180	140
193	140
207	140
247	140
248	140
249	140
250	140
251	140
252	140
279	140
293	140
307	140
308	140
321	140
334	140
335	140
336	140
337	140
350	140
364	140
378	140
392	140
393	140
406	140
407	140
421	140
422	140
436	140
437	140
448	140
449	140
450	140
451	140
452	140
464	140
478	140
479	140
494	140
509	140
510	140
164	141
176	141
177	141
178	141
179	141
180	141
181	141
193	141
207	141
247	141
248	141
249	141
250	141
251	141
252	141
279	141
293	141
307	141
308	141
321	141
333	141
334	141
335	141
336	141
337	141
338	141
350	141
364	141
378	141
392	141
393	141
406	141
407	141
421	141
422	141
436	141
437	141
448	141
449	141
450	141
451	141
452	141
464	141
477	141
478	141
479	141
480	141
494	141
509	141
510	141
164	142
165	142
166	142
167	142
168	142
176	142
177	142
178	142
179	142
180	142
181	142
193	142
207	142
247	142
248	142
249	142
250	142
251	142
252	142
279	142
293	142
307	142
308	142
321	142
333	142
334	142
335	142
336	142
337	142
338	142
350	142
364	142
378	142
392	142
393	142
406	142
407	142
421	142
422	142
436	142
437	142
438	142
449	142
450	142
451	142
464	142
476	142
477	142
478	142
479	142
480	142
481	142
494	142
509	142
510	142
164	143
177	143
178	143
179	143
180	143
193	143
207	143
248	143
249	143
250	143
251	143
279	143
293	143
307	143
308	143
321	143
333	143
334	143
335	143
336	143
337	143
338	143
350	143
364	143
378	143
392	143
393	143
406	143
407	143
421	143
422	143
435	143
436	143
437	143
438	143
439	143
450	143
464	143
476	143
477	143
478	143
479	143
480	143
481	143
494	143
509	143
510	143
164	144
178	144
179	144
192	144
193	144
194	144
195	144
207	144
249	144
250	144
279	144
293	144
307	144
308	144
321	144
334	144
335	144
336	144
337	144
350	144
364	144
378	144
392	144
393	144
406	144
407	144
421	144
422	144
434	144
435	144
436	144
437	144
438	144
439	144
450	144
464	144
477	144
478	144
479	144
480	144
481	144
494	144
509	144
510	144
164	145
178	145
191	145
192	145
193	145
194	145
195	145
207	145
249	145
279	145
293	145
308	145
321	145
335	145
350	145
364	145
378	145
379	145
392	145
393	145
406	145
407	145
421	145
422	145
434	145
435	145
436	145
437	145
438	145
439	145
450	145
464	145
478	145
479	145
494	145
509	145
510	145
164	146
178	146
191	146
192	146
193	146
194	146
195	146
207	146
249	146
250	146
279	146
293	146
308	146
321	146
335	146
350	146
364	146
377	146
378	146
379	146
380	146
392	146
393	146
406	146
407	146
421	146
422	146
435	146
436	146
437	146
438	146
450	146
464	146
479	146
494	146
509	146
510	146
164	147
178	147
191	147
192	147
193	147
194	147
195	147
207	147
249	147
279	147
293	147
308	147
321	147
335	147
336	147
350	147
364	147
376	147
377	147
378	147
379	147
380	147
381	147
392	147
393	147
406	147
407	147
421	147
422	147
436	147
437	147
450	147
464	147
479	147
494	147
509	147
510	147
164	148
178	148
179	148
192	148
193	148
194	148
195	148
207	148
249	148
250	148
279	148
293	148
308	148
321	148
335	148
336	148
350	148
364	148
376	148
377	148
378	148
379	148
380	148
381	148
392	148
393	148
406	148
407	148
421	148
422	148
436	148
437	148
450	148
464	148
479	148
494	148
509	148
510	148
164	149
178	149
179	149
193	149
207	149
249	149
250	149
279	149
293	149
308	149
321	149
335	149
336	149
350	149
364	149
376	149
377	149
378	149
379	149
380	149
392	149
393	149
406	149
407	149
421	149
422	149
436	149
437	149
450	149
464	149
479	149
494	149
509	149
510	149
164	150
178	150
179	150
193	150
207	150
249	150
250	150
278	150
279	150
293	150
308	150
321	150
335	150
336	150
350	150
364	150
377	150
378	150
379	150
392	150
393	150
407	150
421	150
422	150
436	150
437	150
450	150
464	150
478	150
479	150
494	150
509	150
510	150
164	151
178	151
179	151
193	151
207	151
249	151
250	151
277	151
278	151
279	151
280	151
293	151
308	151
321	151
335	151
336	151
350	151
364	151
378	151
392	151
393	151
406	151
407	151
420	151
421	151
422	151
423	151
436	151
437	151
450	151
464	151
478	151
479	151
494	151
509	151
510	151
164	152
178	152
179	152
193	152
206	152
207	152
208	152
249	152
250	152
277	152
278	152
279	152
280	152
281	152
293	152
308	152
321	152
335	152
336	152
350	152
364	152
378	152
392	152
393	152
406	152
407	152
420	152
421	152
422	152
423	152
424	152
436	152
437	152
450	152
464	152
478	152
479	152
494	152
509	152
510	152
164	153
178	153
179	153
193	153
205	153
206	153
207	153
208	153
209	153
249	153
250	153
277	153
278	153
279	153
280	153
281	153
293	153
308	153
321	153
335	153
336	153
350	153
364	153
378	153
392	153
393	153
406	153
407	153
419	153
420	153
421	153
422	153
423	153
424	153
436	153
437	153
450	153
464	153
479	153
494	153
509	153
510	153
164	154
178	154
179	154
193	154
205	154
206	154
207	154
208	154
209	154
249	154
250	154
277	154
278	154
279	154
280	154
281	154
293	154
308	154
321	154
335	154
336	154
350	154
364	154
378	154
392	154
393	154
406	154
407	154
419	154
420	154
421	154
422	154
423	154
424	154
436	154
437	154
450	154
464	154
479	154
494	154
509	154
510	154
164	155
165	155
178	155
179	155
193	155
205	155
206	155
207	155
208	155
209	155
249	155
250	155
277	155
278	155
279	155
280	155
293	155
308	155
321	155
335	155
336	155
350	155
364	155
378	155
392	155
393	155
406	155
407	155
420	155
421	155
422	155
423	155
436	155
437	155
450	155
464	155
479	155
494	155
509	155
510	155
164	156
165	156
166	156
167	156
168	156
178	156
179	156
193	156
205	156
206	156
207	156
208	156
209	156
249	156
250	156
279	156
293	156
308	156
321	156
335	156
336	156
350	156
364	156
378	156
392	156
393	156
407	156
421	156
422	156
436	156
437	156
450	156
464	156
479	156
494	156
509	156
510	156
164	157
178	157
179	157
193	157
206	157
207	157
249	157
250	157
279	157
293	157
308	157
321	157
335	157
336	157
350	157
364	157
378	157
392	157
393	157
407	157
422	157
436	157
437	157
450	157
464	157
479	157
494	157
509	157
510	157
164	158
178	158
179	158
193	158
207	158
233	158
234	158
235	158
236	158
237	158
238	158
249	158
250	158
279	158
293	158
308	158
321	158
335	158
336	158
350	158
364	158
378	158
392	158
393	158
406	158
407	158
422	158
436	158
437	158
450	158
464	158
479	158
494	158
509	158
510	158
164	159
178	159
179	159
193	159
207	159
234	159
235	159
236	159
237	159
238	159
249	159
250	159
279	159
293	159
308	159
321	159
335	159
336	159
350	159
351	159
364	159
378	159
392	159
393	159
405	159
406	159
407	159
408	159
422	159
436	159
437	159
450	159
464	159
479	159
494	159
509	159
510	159
164	160
178	160
179	160
193	160
207	160
236	160
249	160
250	160
279	160
293	160
308	160
321	160
335	160
336	160
349	160
350	160
351	160
352	160
364	160
378	160
392	160
393	160
404	160
405	160
406	160
407	160
408	160
409	160
422	160
436	160
437	160
450	160
464	160
479	160
494	160
509	160
510	160
164	161
178	161
179	161
193	161
207	161
236	161
249	161
250	161
279	161
293	161
308	161
321	161
335	161
336	161
348	161
349	161
350	161
351	161
352	161
353	161
364	161
378	161
392	161
393	161
404	161
405	161
406	161
407	161
408	161
409	161
422	161
436	161
437	161
450	161
464	161
479	161
494	161
509	161
510	161
164	162
178	162
179	162
193	162
207	162
235	162
236	162
249	162
250	162
279	162
293	162
308	162
321	162
335	162
336	162
348	162
349	162
350	162
351	162
352	162
353	162
364	162
378	162
393	162
405	162
406	162
407	162
408	162
409	162
422	162
436	162
437	162
450	162
464	162
479	162
494	162
509	162
510	162
164	163
178	163
179	163
193	163
207	163
235	163
236	163
249	163
250	163
263	163
264	163
265	163
266	163
267	163
279	163
293	163
308	163
321	163
335	163
336	163
348	163
349	163
350	163
351	163
352	163
364	163
378	163
393	163
405	163
406	163
407	163
408	163
421	163
422	163
436	163
437	163
450	163
463	163
464	163
479	163
494	163
509	163
510	163
164	164
178	164
179	164
193	164
207	164
235	164
236	164
249	164
250	164
263	164
264	164
265	164
266	164
267	164
279	164
293	164
308	164
321	164
335	164
336	164
349	164
350	164
351	164
352	164
364	164
378	164
393	164
406	164
407	164
422	164
436	164
437	164
450	164
462	164
463	164
464	164
465	164
466	164
479	164
494	164
509	164
510	164
164	165
178	165
179	165
193	165
207	165
236	165
249	165
250	165
265	165
279	165
293	165
308	165
321	165
335	165
336	165
350	165
364	165
378	165
393	165
407	165
422	165
436	165
437	165
450	165
462	165
463	165
464	165
465	165
466	165
479	165
494	165
509	165
510	165
106	166
107	166
139	166
142	166
143	166
145	166
146	166
147	166
156	166
159	166
160	166
164	166
178	166
179	166
193	166
207	166
235	166
236	166
249	166
250	166
265	166
279	166
293	166
308	166
321	166
335	166
336	166
350	166
364	166
378	166
393	166
406	166
407	166
422	166
437	166
450	166
462	166
463	166
464	166
465	166
466	166
479	166
494	166
509	166
510	166
106	167
107	167
108	167
109	167
110	167
111	167
139	167
141	167
142	167
143	167
145	167
146	167
156	167
159	167
161	167
164	167
178	167
179	167
193	167
207	167
236	167
249	167
250	167
265	167
279	167
293	167
308	167
321	167
335	167
336	167
350	167
364	167
378	167
393	167
407	167
422	167
437	167
450	167
462	167
463	167
464	167
465	167
466	167
479	167
494	167
509	167
510	167
106	168
139	168
141	168
144	168
145	168
146	168
147	168
156	168
160	168
161	168
164	168
165	168
167	168
168	168
169	168
178	168
179	168
193	168
207	168
219	168
220	168
221	168
222	168
223	168
224	168
236	168
249	168
250	168
265	168
279	168
293	168
308	168
321	168
335	168
336	168
350	168
364	168
378	168
393	168
407	168
422	168
437	168
450	168
463	168
464	168
465	168
479	168
494	168
509	168
510	168
139	169
141	169
144	169
145	169
151	169
152	169
153	169
154	169
156	169
157	169
161	169
164	169
165	169
166	169
167	169
168	169
169	169
170	169
178	169
179	169
193	169
207	169
221	169
236	169
249	169
250	169
265	169
279	169
293	169
308	169
321	169
335	169
336	169
350	169
351	169
364	169
378	169
393	169
407	169
422	169
437	169
450	169
464	169
479	169
494	169
510	169
106	170
108	170
110	170
139	170
141	170
142	170
143	170
144	170
145	170
146	170
156	170
157	170
159	170
160	170
161	170
164	170
178	170
179	170
193	170
207	170
221	170
236	170
249	170
250	170
265	170
279	170
293	170
308	170
321	170
335	170
336	170
350	170
351	170
364	170
378	170
393	170
407	170
422	170
437	170
450	170
464	170
479	170
494	170
509	170
510	170
106	171
108	171
110	171
139	171
142	171
143	171
146	171
147	171
160	171
164	171
178	171
179	171
193	171
207	171
221	171
236	171
249	171
250	171
265	171
279	171
293	171
308	171
321	171
335	171
336	171
350	171
351	171
364	171
378	171
393	171
407	171
422	171
437	171
450	171
464	171
479	171
494	171
510	171
106	172
107	172
108	172
109	172
110	172
164	172
178	172
193	172
206	172
207	172
221	172
235	172
249	172
264	172
265	172
279	172
293	172
307	172
308	172
321	172
335	172
336	172
350	172
351	172
364	172
378	172
393	172
407	172
422	172
437	172
450	172
464	172
479	172
494	172
510	172
164	173
165	173
166	173
167	173
168	173
178	173
193	173
206	173
207	173
221	173
235	173
249	173
264	173
265	173
279	173
293	173
307	173
308	173
321	173
335	173
350	173
364	173
378	173
392	173
393	173
406	173
407	173
421	173
422	173
436	173
437	173
449	173
450	173
463	173
464	173
478	173
479	173
494	173
509	173
510	173
106	174
108	174
109	174
110	174
164	174
178	174
193	174
206	174
207	174
221	174
235	174
249	174
264	174
265	174
279	174
293	174
307	174
308	174
321	174
335	174
350	174
364	174
378	174
392	174
393	174
406	174
407	174
421	174
422	174
436	174
449	174
450	174
463	174
464	174
478	174
479	174
494	174
509	174
106	175
107	175
108	175
110	175
164	175
178	175
193	175
206	175
207	175
221	175
235	175
249	175
264	175
265	175
279	175
293	175
307	175
308	175
321	175
335	175
350	175
364	175
378	175
392	175
393	175
406	175
407	175
421	175
422	175
436	175
437	175
449	175
450	175
463	175
464	175
478	175
479	175
494	175
509	175
107	176
110	176
164	176
178	176
193	176
206	176
207	176
221	176
235	176
249	176
264	176
265	176
279	176
293	176
307	176
308	176
321	176
335	176
350	176
364	176
378	176
392	176
393	176
406	176
407	176
421	176
422	176
436	176
437	176
449	176
450	176
463	176
464	176
478	176
479	176
494	176
509	176
106	177
108	177
164	177
178	177
193	177
207	177
221	177
235	177
249	177
264	177
265	177
279	177
293	177
307	177
308	177
321	177
335	177
350	177
364	177
378	177
392	177
393	177
406	177
407	177
421	177
422	177
436	177
437	177
449	177
450	177
463	177
464	177
478	177
479	177
492	177
493	177
494	177
495	177
496	177
509	177
106	178
108	178
164	178
178	178
193	178
206	178
207	178
221	178
235	178
249	178
264	178
265	178
279	178
293	178
307	178
308	178
321	178
335	178
350	178
364	178
378	178
392	178
393	178
406	178
407	178
421	178
422	178
436	178
437	178
449	178
450	178
463	178
464	178
478	178
479	178
492	178
493	178
494	178
495	178
496	178
509	178
106	179
107	179
108	179
109	179
110	179
164	179
178	179
193	179
207	179
221	179
235	179
236	179
249	179
264	179
265	179
279	179
293	179
307	179
308	179
321	179
335	179
350	179
364	179
378	179
392	179
393	179
406	179
407	179
421	179
422	179
436	179
437	179
449	179
450	179
463	179
464	179
478	179
479	179
492	179
493	179
494	179
495	179
496	179
509	179
164	180
178	180
193	180
207	180
221	180
235	180
249	180
264	180
265	180
279	180
293	180
307	180
308	180
321	180
335	180
350	180
364	180
378	180
392	180
393	180
406	180
407	180
421	180
422	180
436	180
437	180
450	180
464	180
478	180
479	180
492	180
493	180
494	180
495	180
496	180
509	180
106	181
108	181
164	181
178	181
193	181
207	181
221	181
235	181
249	181
264	181
265	181
279	181
293	181
307	181
308	181
321	181
335	181
350	181
364	181
378	181
392	181
393	181
406	181
407	181
421	181
422	181
436	181
437	181
450	181
464	181
478	181
479	181
493	181
494	181
495	181
509	181
510	181
106	182
108	182
109	182
164	182
178	182
193	182
207	182
221	182
235	182
236	182
249	182
264	182
265	182
279	182
293	182
307	182
308	182
321	182
335	182
350	182
364	182
378	182
392	182
393	182
406	182
407	182
421	182
422	182
436	182
437	182
449	182
450	182
463	182
464	182
478	182
479	182
494	182
509	182
510	182
107	183
108	183
109	183
110	183
164	183
178	183
193	183
207	183
221	183
235	183
236	183
249	183
264	183
265	183
279	183
293	183
307	183
308	183
321	183
335	183
350	183
364	183
378	183
392	183
393	183
406	183
407	183
421	183
422	183
436	183
437	183
449	183
450	183
464	183
478	183
479	183
494	183
509	183
510	183
164	184
178	184
193	184
207	184
221	184
235	184
249	184
264	184
265	184
279	184
293	184
307	184
308	184
321	184
335	184
350	184
364	184
378	184
392	184
393	184
406	184
407	184
421	184
422	184
436	184
437	184
449	184
450	184
464	184
478	184
479	184
494	184
509	184
510	184
106	185
107	185
108	185
109	185
110	185
164	185
178	185
193	185
207	185
221	185
235	185
236	185
249	185
264	185
265	185
279	185
293	185
307	185
308	185
321	185
335	185
350	185
364	185
378	185
392	185
393	185
406	185
407	185
421	185
422	185
436	185
437	185
449	185
450	185
464	185
478	185
479	185
494	185
509	185
510	185
106	186
110	186
164	186
165	186
166	186
167	186
168	186
178	186
193	186
207	186
221	186
235	186
236	186
249	186
264	186
265	186
279	186
293	186
307	186
308	186
321	186
335	186
350	186
364	186
378	186
392	186
393	186
406	186
407	186
421	186
422	186
436	186
437	186
450	186
464	186
478	186
479	186
494	186
509	186
106	187
110	187
164	187
178	187
193	187
207	187
221	187
235	187
236	187
249	187
264	187
265	187
279	187
293	187
307	187
308	187
321	187
335	187
350	187
364	187
378	187
392	187
393	187
406	187
407	187
421	187
422	187
436	187
437	187
450	187
464	187
478	187
479	187
494	187
509	187
510	187
106	188
107	188
110	188
164	188
178	188
193	188
207	188
221	188
235	188
236	188
249	188
264	188
265	188
279	188
293	188
307	188
308	188
321	188
335	188
350	188
364	188
378	188
392	188
393	188
406	188
407	188
421	188
422	188
436	188
437	188
450	188
464	188
478	188
479	188
494	188
509	188
510	188
107	189
108	189
109	189
110	189
164	189
178	189
193	189
207	189
221	189
235	189
236	189
249	189
264	189
265	189
279	189
293	189
307	189
308	189
321	189
335	189
350	189
364	189
378	189
392	189
393	189
406	189
407	189
421	189
422	189
436	189
437	189
450	189
464	189
478	189
479	189
494	189
509	189
510	189
164	190
178	190
193	190
207	190
221	190
235	190
236	190
249	190
264	190
265	190
279	190
293	190
307	190
308	190
321	190
335	190
350	190
364	190
378	190
392	190
393	190
406	190
407	190
421	190
422	190
436	190
437	190
450	190
464	190
478	190
479	190
494	190
509	190
510	190
164	191
178	191
179	191
193	191
207	191
221	191
235	191
236	191
249	191
264	191
265	191
279	191
293	191
307	191
308	191
321	191
335	191
350	191
364	191
378	191
392	191
393	191
406	191
407	191
421	191
422	191
436	191
437	191
450	191
464	191
478	191
479	191
494	191
509	191
510	191
164	192
178	192
193	192
207	192
221	192
235	192
236	192
249	192
264	192
265	192
279	192
293	192
307	192
308	192
321	192
335	192
350	192
364	192
378	192
392	192
393	192
406	192
407	192
421	192
422	192
436	192
437	192
450	192
463	192
464	192
478	192
479	192
494	192
509	192
510	192
106	193
107	193
164	193
178	193
193	193
207	193
221	193
235	193
236	193
249	193
264	193
265	193
279	193
293	193
307	193
308	193
321	193
335	193
350	193
364	193
378	193
392	193
393	193
406	193
407	193
421	193
422	193
436	193
437	193
450	193
464	193
478	193
479	193
494	193
509	193
510	193
108	194
109	194
110	194
164	194
178	194
193	194
207	194
221	194
235	194
236	194
249	194
264	194
265	194
279	194
293	194
307	194
308	194
321	194
335	194
350	194
364	194
378	194
392	194
393	194
406	194
407	194
421	194
422	194
436	194
437	194
450	194
464	194
478	194
479	194
494	194
509	194
510	194
107	195
108	195
109	195
110	195
164	195
178	195
193	195
207	195
221	195
235	195
236	195
249	195
264	195
265	195
279	195
293	195
307	195
308	195
321	195
335	195
350	195
364	195
378	195
392	195
393	195
406	195
407	195
421	195
422	195
436	195
437	195
450	195
464	195
478	195
479	195
494	195
509	195
510	195
106	196
107	196
164	196
178	196
179	196
193	196
207	196
221	196
235	196
236	196
249	196
264	196
265	196
279	196
292	196
293	196
294	196
307	196
308	196
321	196
335	196
350	196
364	196
378	196
392	196
393	196
406	196
407	196
421	196
422	196
436	196
437	196
450	196
464	196
478	196
479	196
494	196
509	196
510	196
164	197
178	197
193	197
207	197
221	197
235	197
236	197
249	197
264	197
265	197
279	197
291	197
292	197
293	197
294	197
295	197
307	197
308	197
321	197
335	197
350	197
364	197
378	197
392	197
393	197
406	197
407	197
421	197
422	197
436	197
437	197
450	197
464	197
478	197
479	197
494	197
509	197
510	197
106	198
110	198
159	198
164	198
178	198
179	198
193	198
207	198
221	198
235	198
236	198
249	198
264	198
265	198
279	198
291	198
292	198
293	198
294	198
295	198
307	198
308	198
321	198
335	198
350	198
364	198
378	198
392	198
393	198
406	198
407	198
422	198
436	198
437	198
450	198
464	198
478	198
479	198
494	198
509	198
510	198
106	199
110	199
111	199
158	199
159	199
160	199
161	199
164	199
165	199
166	199
167	199
168	199
178	199
179	199
193	199
207	199
221	199
235	199
236	199
249	199
264	199
265	199
279	199
291	199
292	199
293	199
294	199
295	199
307	199
308	199
321	199
335	199
350	199
364	199
378	199
392	199
393	199
406	199
407	199
422	199
436	199
437	199
450	199
464	199
478	199
479	199
494	199
509	199
510	199
106	200
107	200
110	200
111	200
159	200
164	200
178	200
179	200
193	200
207	200
221	200
235	200
236	200
249	200
250	200
264	200
265	200
279	200
291	200
292	200
293	200
294	200
295	200
307	200
308	200
321	200
335	200
350	200
364	200
378	200
392	200
393	200
406	200
407	200
422	200
436	200
437	200
450	200
464	200
478	200
479	200
494	200
509	200
510	200
107	201
108	201
109	201
110	201
164	201
178	201
179	201
193	201
207	201
221	201
235	201
236	201
249	201
250	201
264	201
265	201
279	201
293	201
307	201
308	201
321	201
335	201
350	201
364	201
378	201
392	201
393	201
406	201
407	201
422	201
436	201
437	201
450	201
464	201
478	201
479	201
494	201
509	201
510	201
108	202
109	202
164	202
178	202
179	202
193	202
207	202
221	202
235	202
236	202
249	202
265	202
279	202
293	202
307	202
308	202
321	202
335	202
350	202
364	202
378	202
392	202
393	202
406	202
407	202
422	202
436	202
437	202
450	202
464	202
478	202
479	202
494	202
509	202
510	202
107	203
108	203
109	203
110	203
164	203
178	203
179	203
193	203
207	203
221	203
235	203
236	203
249	203
250	203
264	203
265	203
279	203
293	203
307	203
308	203
321	203
335	203
336	203
350	203
364	203
378	203
392	203
393	203
406	203
407	203
422	203
436	203
437	203
450	203
464	203
478	203
479	203
494	203
509	203
510	203
109	204
164	204
178	204
179	204
193	204
207	204
221	204
235	204
236	204
249	204
250	204
264	204
265	204
279	204
293	204
307	204
308	204
321	204
335	204
350	204
364	204
378	204
392	204
393	204
406	204
407	204
422	204
436	204
437	204
450	204
464	204
478	204
479	204
494	204
509	204
510	204
108	205
164	205
178	205
179	205
193	205
207	205
221	205
235	205
236	205
249	205
250	205
265	205
279	205
293	205
307	205
308	205
321	205
335	205
350	205
362	205
363	205
364	205
365	205
366	205
378	205
392	205
393	205
406	205
407	205
422	205
436	205
437	205
450	205
464	205
478	205
479	205
494	205
509	205
510	205
107	206
108	206
109	206
110	206
164	206
178	206
179	206
193	206
207	206
221	206
235	206
236	206
249	206
250	206
265	206
279	206
293	206
307	206
308	206
321	206
335	206
336	206
350	206
362	206
363	206
364	206
365	206
366	206
378	206
392	206
393	206
406	206
407	206
422	206
436	206
437	206
450	206
464	206
478	206
479	206
494	206
509	206
510	206
107	207
108	207
109	207
110	207
164	207
178	207
179	207
193	207
207	207
221	207
235	207
236	207
249	207
250	207
264	207
265	207
279	207
293	207
307	207
308	207
321	207
335	207
350	207
362	207
363	207
364	207
365	207
366	207
378	207
392	207
393	207
406	207
407	207
422	207
436	207
437	207
450	207
464	207
478	207
479	207
494	207
509	207
510	207
164	208
178	208
179	208
193	208
207	208
221	208
235	208
236	208
249	208
264	208
265	208
279	208
293	208
308	208
321	208
335	208
350	208
362	208
363	208
364	208
365	208
366	208
378	208
392	208
393	208
406	208
407	208
422	208
436	208
437	208
450	208
464	208
478	208
479	208
494	208
509	208
510	208
106	209
108	209
110	209
111	209
117	209
120	209
122	209
123	209
124	209
127	209
128	209
129	209
131	209
132	209
133	209
136	209
138	209
139	209
142	209
146	209
148	209
149	209
150	209
151	209
153	209
154	209
159	209
160	209
161	209
164	209
178	209
179	209
193	209
207	209
221	209
222	209
236	209
249	209
250	209
265	209
279	209
293	209
308	209
321	209
335	209
336	209
350	209
363	209
364	209
365	209
378	209
392	209
393	209
407	209
422	209
436	209
437	209
450	209
464	209
479	209
494	209
509	209
510	209
106	210
107	210
108	210
109	210
110	210
111	210
117	210
120	210
123	210
124	210
126	210
131	210
133	210
136	210
138	210
142	210
143	210
146	210
147	210
148	210
151	210
152	210
154	210
158	210
159	210
161	210
164	210
178	210
179	210
193	210
207	210
219	210
220	210
221	210
222	210
223	210
236	210
249	210
265	210
279	210
293	210
308	210
321	210
335	210
336	210
350	210
364	210
378	210
392	210
393	210
407	210
422	210
437	210
450	210
464	210
479	210
494	210
509	210
510	210
107	211
108	211
109	211
110	211
117	211
120	211
123	211
126	211
131	211
133	211
136	211
138	211
139	211
142	211
143	211
144	211
146	211
147	211
152	211
154	211
158	211
159	211
161	211
164	211
165	211
166	211
167	211
168	211
169	211
178	211
179	211
189	211
190	211
191	211
192	211
193	211
194	211
195	211
196	211
197	211
198	211
199	211
200	211
201	211
202	211
203	211
204	211
205	211
206	211
207	211
208	211
209	211
210	211
211	211
212	211
213	211
219	211
220	211
221	211
222	211
223	211
224	211
226	211
227	211
228	211
229	211
230	211
231	211
232	211
233	211
235	211
236	211
237	211
238	211
239	211
240	211
241	211
242	211
243	211
244	211
245	211
246	211
247	211
248	211
249	211
250	211
251	211
252	211
253	211
254	211
255	211
256	211
257	211
258	211
259	211
260	211
261	211
262	211
263	211
264	211
265	211
266	211
267	211
268	211
269	211
270	211
271	211
272	211
273	211
274	211
275	211
276	211
277	211
278	211
279	211
280	211
281	211
282	211
283	211
284	211
285	211
286	211
287	211
288	211
289	211
290	211
291	211
292	211
293	211
294	211
295	211
296	211
297	211
298	211
299	211
300	211
301	211
302	211
303	211
304	211
305	211
306	211
307	211
308	211
309	211
310	211
311	211
312	211
313	211
314	211
315	211
316	211
317	211
318	211
319	211
320	211
321	211
322	211
323	211
324	211
325	211
326	211
327	211
328	211
329	211
330	211
331	211
332	211
333	211
334	211
335	211
336	211
337	211
338	211
339	211
340	211
341	211
342	211
343	211
344	211
345	211
346	211
347	211
348	211
349	211
350	211
351	211
352	211
353	211
354	211
355	211
356	211
357	211
358	211
359	211
360	211
361	211
362	211
363	211
364	211
365	211
366	211
367	211
368	211
369	211
370	211
371	211
372	211
373	211
374	211
375	211
376	211
377	211
378	211
379	211
380	211
381	211
382	211
383	211
384	211
385	211
386	211
387	211
388	211
389	211
390	211
391	211
392	211
393	211
394	211
395	211
396	211
397	211
398	211
399	211
400	211
401	211
402	211
403	211
404	211
405	211
406	211
407	211
408	211
409	211
410	211
411	211
412	211
413	211
414	211
415	211
416	211
417	211
418	211
419	211
420	211
421	211
422	211
423	211
424	211
425	211
426	211
427	211
428	211
429	211
430	211
431	211
432	211
433	211
434	211
435	211
436	211
437	211
438	211
439	211
440	211
441	211
442	211
443	211
444	211
445	211
446	211
447	211
448	211
449	211
450	211
451	211
452	211
453	211
454	211
455	211
456	211
457	211
458	211
459	211
460	211
461	211
462	211
463	211
464	211
465	211
466	211
467	211
468	211
469	211
470	211
471	211
472	211
473	211
474	211
475	211
476	211
477	211
478	211
479	211
480	211
481	211
482	211
483	211
484	211
485	211
486	211
487	211
488	211
489	211
490	211
491	211
492	211
493	211
494	211
495	211
496	211
497	211
498	211
499	211
500	211
501	211
502	211
503	211
504	211
505	211
506	211
507	211
508	211
509	211
510	211
106	212
107	212
108	212
109	212
117	212
120	212
123	212
126	212
131	212
133	212
136	212
139	212
140	212
142	212
145	212
146	212
147	212
148	212
152	212
154	212
155	212
158	212
159	212
161	212
164	212
165	212
166	212
167	212
168	212
169	212
170	212
171	212
172	212
173	212
174	212
175	212
176	212
177	212
178	212
179	212
180	212
181	212
182	212
183	212
184	212
185	212
186	212
187	212
188	212
189	212
190	212
191	212
192	212
193	212
194	212
195	212
196	212
197	212
198	212
199	212
200	212
201	212
202	212
203	212
204	212
205	212
206	212
207	212
208	212
209	212
210	212
211	212
212	212
213	212
214	212
215	212
216	212
217	212
218	212
219	212
220	212
221	212
222	212
223	212
224	212
225	212
226	212
227	212
228	212
229	212
230	212
231	212
232	212
233	212
234	212
235	212
236	212
237	212
238	212
239	212
240	212
241	212
242	212
243	212
244	212
245	212
246	212
247	212
248	212
249	212
250	212
251	212
252	212
253	212
254	212
255	212
256	212
257	212
258	212
259	212
260	212
261	212
262	212
263	212
264	212
265	212
266	212
267	212
268	212
269	212
270	212
271	212
272	212
273	212
274	212
275	212
276	212
277	212
278	212
279	212
281	212
282	212
283	212
293	212
298	212
299	212
300	212
301	212
302	212
303	212
304	212
305	212
307	212
308	212
310	212
321	212
335	212
336	212
342	212
343	212
344	212
345	212
350	212
351	212
364	212
378	212
392	212
393	212
406	212
407	212
422	212
436	212
437	212
450	212
464	212
479	212
494	212
509	212
510	212
110	213
117	213
118	213
119	213
120	213
123	213
126	213
127	213
128	213
129	213
131	213
133	213
134	213
135	213
136	213
138	213
139	213
140	213
142	213
146	213
148	213
149	213
150	213
151	213
154	213
159	213
160	213
161	213
164	213
193	213
207	213
219	213
220	213
221	213
222	213
223	213
236	213
249	213
265	213
279	213
293	213
308	213
321	213
335	213
350	213
364	213
378	213
393	213
407	213
422	213
437	213
450	213
464	213
479	213
494	213
509	213
510	213
110	214
118	214
119	214
127	214
128	214
131	214
134	214
135	214
138	214
139	214
142	214
149	214
150	214
154	214
160	214
164	214
178	214
193	214
206	214
207	214
220	214
221	214
222	214
235	214
236	214
249	214
250	214
265	214
279	214
293	214
308	214
321	214
335	214
336	214
350	214
364	214
378	214
392	214
393	214
407	214
422	214
436	214
437	214
450	214
464	214
479	214
494	214
509	214
510	214
106	215
107	215
108	215
109	215
110	215
164	215
178	215
193	215
206	215
207	215
221	215
235	215
249	215
264	215
278	215
279	215
293	215
307	215
321	215
335	215
350	215
364	215
378	215
392	215
393	215
407	215
422	215
437	215
450	215
464	215
479	215
494	215
509	215
510	215
164	216
178	216
193	216
206	216
207	216
221	216
235	216
249	216
264	216
278	216
279	216
293	216
307	216
321	216
335	216
350	216
364	216
378	216
392	216
406	216
421	216
422	216
436	216
449	216
450	216
463	216
464	216
478	216
479	216
494	216
509	216
107	217
108	217
109	217
110	217
164	217
178	217
193	217
206	217
207	217
221	217
235	217
249	217
264	217
278	217
279	217
293	217
307	217
321	217
335	217
350	217
364	217
378	217
392	217
406	217
421	217
422	217
436	217
449	217
450	217
463	217
464	217
478	217
479	217
494	217
509	217
106	218
107	218
109	218
110	218
164	218
178	218
193	218
206	218
207	218
221	218
235	218
249	218
264	218
278	218
279	218
293	218
307	218
321	218
335	218
350	218
364	218
378	218
392	218
406	218
407	218
421	218
422	218
436	218
449	218
450	218
463	218
464	218
478	218
479	218
494	218
509	218
106	219
109	219
110	219
164	219
178	219
193	219
206	219
207	219
221	219
235	219
249	219
264	219
278	219
279	219
293	219
307	219
321	219
335	219
350	219
364	219
378	219
392	219
406	219
407	219
421	219
422	219
436	219
449	219
450	219
463	219
464	219
478	219
479	219
494	219
509	219
106	220
110	220
164	220
178	220
193	220
206	220
207	220
221	220
235	220
249	220
264	220
278	220
279	220
293	220
307	220
308	220
321	220
335	220
350	220
364	220
378	220
392	220
406	220
407	220
421	220
422	220
436	220
449	220
450	220
463	220
464	220
478	220
479	220
494	220
509	220
106	221
107	221
109	221
110	221
164	221
178	221
193	221
206	221
207	221
221	221
235	221
249	221
264	221
278	221
279	221
293	221
307	221
321	221
335	221
350	221
364	221
378	221
392	221
406	221
407	221
421	221
422	221
436	221
449	221
450	221
463	221
464	221
478	221
479	221
494	221
509	221
107	222
108	222
109	222
164	222
178	222
193	222
206	222
207	222
221	222
235	222
249	222
264	222
278	222
279	222
293	222
307	222
308	222
321	222
335	222
350	222
364	222
378	222
392	222
406	222
407	222
421	222
422	222
436	222
449	222
450	222
463	222
464	222
478	222
479	222
494	222
509	222
106	223
110	223
111	223
164	223
178	223
193	223
206	223
207	223
221	223
235	223
249	223
264	223
278	223
279	223
293	223
307	223
308	223
321	223
335	223
350	223
364	223
378	223
392	223
406	223
407	223
421	223
422	223
436	223
437	223
449	223
450	223
463	223
464	223
478	223
479	223
494	223
509	223
106	224
108	224
110	224
111	224
164	224
178	224
193	224
206	224
207	224
221	224
235	224
249	224
264	224
278	224
279	224
293	224
307	224
321	224
335	224
350	224
364	224
378	224
392	224
406	224
407	224
421	224
422	224
436	224
437	224
449	224
450	224
463	224
464	224
478	224
479	224
494	224
509	224
106	225
107	225
108	225
109	225
110	225
158	225
159	225
160	225
161	225
164	225
165	225
166	225
167	225
168	225
178	225
193	225
206	225
207	225
221	225
235	225
249	225
264	225
278	225
279	225
293	225
307	225
308	225
321	225
335	225
350	225
364	225
378	225
392	225
406	225
407	225
421	225
422	225
436	225
437	225
449	225
450	225
463	225
464	225
478	225
479	225
494	225
509	225
164	226
167	226
178	226
193	226
206	226
207	226
221	226
235	226
249	226
264	226
278	226
279	226
293	226
307	226
308	226
321	226
335	226
350	226
364	226
378	226
392	226
406	226
407	226
421	226
422	226
436	226
449	226
450	226
463	226
464	226
478	226
479	226
494	226
509	226
106	227
107	227
108	227
109	227
110	227
164	227
178	227
193	227
206	227
207	227
221	227
235	227
249	227
264	227
278	227
279	227
293	227
307	227
308	227
321	227
335	227
350	227
364	227
378	227
392	227
406	227
407	227
421	227
422	227
436	227
437	227
449	227
450	227
463	227
464	227
478	227
479	227
494	227
509	227
106	228
107	228
108	228
109	228
164	228
178	228
193	228
206	228
207	228
221	228
235	228
249	228
264	228
278	228
279	228
293	228
307	228
308	228
321	228
335	228
350	228
364	228
378	228
392	228
406	228
407	228
421	228
422	228
436	228
449	228
450	228
463	228
464	228
478	228
479	228
494	228
509	228
107	229
108	229
109	229
110	229
164	229
178	229
193	229
206	229
207	229
221	229
235	229
249	229
264	229
278	229
279	229
293	229
307	229
308	229
321	229
335	229
350	229
364	229
378	229
392	229
406	229
407	229
421	229
422	229
436	229
437	229
449	229
450	229
463	229
464	229
478	229
479	229
494	229
509	229
164	230
178	230
193	230
206	230
207	230
221	230
235	230
249	230
264	230
278	230
279	230
293	230
307	230
308	230
321	230
335	230
350	230
364	230
378	230
392	230
406	230
407	230
421	230
422	230
436	230
449	230
450	230
463	230
464	230
478	230
479	230
494	230
509	230
106	231
108	231
164	231
178	231
193	231
206	231
207	231
221	231
235	231
249	231
264	231
278	231
279	231
293	231
307	231
308	231
321	231
335	231
350	231
364	231
378	231
392	231
406	231
407	231
421	231
422	231
436	231
437	231
449	231
450	231
463	231
464	231
478	231
479	231
494	231
509	231
106	232
107	232
108	232
109	232
164	232
178	232
193	232
206	232
207	232
221	232
235	232
249	232
264	232
278	232
279	232
293	232
307	232
321	232
335	232
350	232
364	232
378	232
392	232
393	232
406	232
407	232
421	232
422	232
436	232
437	232
449	232
450	232
463	232
464	232
478	232
479	232
494	232
509	232
107	233
108	233
109	233
110	233
164	233
178	233
193	233
206	233
207	233
221	233
235	233
249	233
264	233
278	233
279	233
293	233
307	233
308	233
321	233
335	233
350	233
364	233
378	233
392	233
393	233
406	233
407	233
421	233
422	233
436	233
437	233
449	233
450	233
463	233
464	233
478	233
479	233
494	233
509	233
164	234
178	234
193	234
206	234
207	234
221	234
235	234
249	234
264	234
278	234
279	234
293	234
307	234
308	234
321	234
335	234
350	234
364	234
378	234
392	234
393	234
406	234
407	234
421	234
422	234
436	234
437	234
449	234
450	234
463	234
464	234
478	234
479	234
494	234
509	234
164	235
178	235
193	235
206	235
207	235
221	235
235	235
236	235
249	235
264	235
278	235
279	235
293	235
307	235
308	235
321	235
335	235
350	235
364	235
378	235
392	235
406	235
407	235
421	235
422	235
436	235
437	235
449	235
450	235
463	235
464	235
478	235
479	235
494	235
509	235
164	236
178	236
193	236
206	236
207	236
221	236
234	236
235	236
236	236
237	236
249	236
264	236
278	236
279	236
293	236
307	236
308	236
321	236
335	236
350	236
364	236
378	236
392	236
406	236
407	236
421	236
422	236
436	236
437	236
449	236
450	236
463	236
464	236
478	236
479	236
494	236
509	236
164	237
178	237
193	237
206	237
207	237
221	237
233	237
234	237
235	237
236	237
237	237
238	237
249	237
264	237
278	237
279	237
293	237
307	237
308	237
321	237
335	237
350	237
364	237
378	237
392	237
393	237
406	237
407	237
421	237
422	237
436	237
437	237
449	237
450	237
463	237
464	237
478	237
479	237
494	237
509	237
110	238
111	238
164	238
165	238
166	238
167	238
168	238
178	238
193	238
207	238
221	238
233	238
234	238
235	238
236	238
237	238
238	238
249	238
264	238
278	238
279	238
293	238
307	238
308	238
321	238
335	238
350	238
364	238
378	238
392	238
393	238
406	238
407	238
421	238
422	238
436	238
437	238
449	238
450	238
463	238
464	238
478	238
479	238
494	238
509	238
164	239
178	239
193	239
207	239
221	239
233	239
234	239
235	239
236	239
237	239
249	239
264	239
278	239
279	239
293	239
307	239
308	239
321	239
335	239
350	239
364	239
378	239
392	239
393	239
406	239
407	239
421	239
422	239
436	239
437	239
449	239
450	239
463	239
464	239
478	239
479	239
494	239
509	239
164	240
178	240
193	240
207	240
221	240
234	240
235	240
236	240
237	240
249	240
264	240
278	240
279	240
293	240
307	240
308	240
321	240
335	240
350	240
364	240
378	240
392	240
393	240
406	240
407	240
421	240
422	240
436	240
437	240
449	240
450	240
463	240
464	240
478	240
479	240
494	240
509	240
106	241
108	241
164	241
178	241
193	241
206	241
207	241
221	241
235	241
249	241
264	241
265	241
278	241
279	241
293	241
307	241
308	241
321	241
335	241
350	241
364	241
378	241
392	241
393	241
406	241
407	241
421	241
422	241
436	241
437	241
450	241
463	241
464	241
478	241
479	241
494	241
509	241
106	242
107	242
108	242
109	242
110	242
164	242
178	242
193	242
207	242
221	242
235	242
249	242
264	242
278	242
279	242
293	242
307	242
308	242
321	242
335	242
350	242
364	242
378	242
392	242
393	242
406	242
407	242
421	242
422	242
436	242
437	242
450	242
463	242
464	242
478	242
479	242
494	242
509	242
106	243
107	243
108	243
109	243
110	243
164	243
178	243
193	243
207	243
221	243
235	243
249	243
264	243
278	243
279	243
293	243
307	243
308	243
321	243
335	243
350	243
364	243
378	243
392	243
393	243
406	243
407	243
421	243
422	243
436	243
437	243
450	243
464	243
478	243
479	243
494	243
509	243
107	244
164	244
178	244
193	244
207	244
221	244
235	244
249	244
264	244
278	244
279	244
293	244
307	244
308	244
321	244
335	244
350	244
364	244
378	244
392	244
393	244
406	244
407	244
421	244
422	244
436	244
437	244
450	244
464	244
478	244
479	244
494	244
509	244
108	245
109	245
164	245
178	245
193	245
207	245
221	245
235	245
249	245
264	245
265	245
278	245
279	245
293	245
307	245
308	245
321	245
335	245
350	245
364	245
378	245
392	245
393	245
406	245
407	245
421	245
422	245
436	245
437	245
450	245
464	245
478	245
479	245
494	245
509	245
110	246
164	246
178	246
193	246
207	246
221	246
235	246
249	246
264	246
265	246
278	246
279	246
293	246
307	246
308	246
321	246
335	246
350	246
364	246
378	246
392	246
393	246
406	246
407	246
421	246
422	246
436	246
437	246
450	246
463	246
464	246
478	246
479	246
494	246
509	246
111	247
164	247
178	247
193	247
207	247
221	247
235	247
249	247
264	247
265	247
278	247
279	247
293	247
307	247
308	247
321	247
335	247
350	247
364	247
378	247
392	247
393	247
406	247
407	247
421	247
422	247
436	247
437	247
450	247
464	247
478	247
479	247
494	247
509	247
106	248
108	248
164	248
178	248
179	248
193	248
207	248
221	248
235	248
249	248
264	248
265	248
278	248
279	248
293	248
307	248
308	248
321	248
335	248
350	248
364	248
378	248
392	248
393	248
406	248
407	248
421	248
422	248
436	248
437	248
450	248
464	248
478	248
479	248
494	248
509	248
106	249
107	249
108	249
109	249
110	249
164	249
178	249
193	249
207	249
221	249
235	249
249	249
264	249
265	249
278	249
279	249
293	249
307	249
308	249
321	249
335	249
350	249
364	249
378	249
392	249
393	249
406	249
407	249
421	249
422	249
436	249
437	249
450	249
464	249
478	249
479	249
494	249
509	249
164	250
178	250
193	250
207	250
221	250
235	250
249	250
264	250
265	250
278	250
279	250
293	250
307	250
308	250
321	250
335	250
350	250
364	250
378	250
392	250
393	250
406	250
407	250
421	250
422	250
436	250
437	250
450	250
464	250
478	250
479	250
494	250
509	250
109	251
110	251
111	251
164	251
165	251
166	251
167	251
168	251
178	251
179	251
193	251
207	251
221	251
235	251
249	251
264	251
265	251
278	251
279	251
293	251
307	251
308	251
321	251
335	251
350	251
364	251
378	251
392	251
393	251
406	251
407	251
421	251
422	251
436	251
437	251
450	251
464	251
478	251
479	251
494	251
509	251
107	252
108	252
110	252
111	252
164	252
165	252
166	252
167	252
168	252
178	252
179	252
193	252
207	252
221	252
235	252
249	252
264	252
265	252
278	252
279	252
293	252
307	252
308	252
321	252
335	252
350	252
364	252
378	252
392	252
393	252
406	252
407	252
421	252
422	252
436	252
437	252
450	252
464	252
478	252
479	252
494	252
509	252
106	253
107	253
110	253
139	253
142	253
143	253
145	253
146	253
147	253
156	253
159	253
160	253
161	253
164	253
178	253
179	253
193	253
207	253
221	253
235	253
236	253
249	253
264	253
265	253
278	253
279	253
293	253
307	253
308	253
321	253
335	253
350	253
364	253
378	253
392	253
393	253
406	253
407	253
422	253
436	253
437	253
450	253
464	253
478	253
479	253
494	253
509	253
107	254
108	254
109	254
110	254
139	254
142	254
143	254
144	254
145	254
156	254
159	254
161	254
164	254
178	254
179	254
193	254
207	254
221	254
235	254
236	254
249	254
264	254
265	254
278	254
279	254
293	254
307	254
308	254
321	254
335	254
350	254
364	254
378	254
392	254
393	254
406	254
407	254
422	254
436	254
437	254
450	254
464	254
478	254
479	254
494	254
509	254
109	255
110	255
111	255
139	255
141	255
142	255
144	255
145	255
146	255
147	255
156	255
160	255
161	255
164	255
165	255
166	255
167	255
168	255
169	255
170	255
171	255
178	255
179	255
193	255
207	255
221	255
235	255
249	255
264	255
265	255
278	255
279	255
293	255
307	255
308	255
321	255
335	255
350	255
364	255
378	255
392	255
393	255
406	255
407	255
422	255
436	255
437	255
450	255
464	255
478	255
479	255
494	255
509	255
134	256
135	256
136	256
139	256
141	256
142	256
144	256
145	256
152	256
153	256
154	256
156	256
161	256
164	256
170	256
171	256
178	256
193	256
207	256
219	256
220	256
221	256
222	256
223	256
235	256
249	256
264	256
265	256
278	256
279	256
293	256
307	256
308	256
321	256
335	256
336	256
350	256
364	256
378	256
392	256
393	256
407	256
422	256
436	256
437	256
450	256
464	256
478	256
479	256
494	256
509	256
139	257
142	257
143	257
144	257
145	257
146	257
156	257
159	257
160	257
161	257
164	257
178	257
193	257
206	257
219	257
220	257
221	257
222	257
223	257
235	257
249	257
264	257
265	257
278	257
279	257
292	257
293	257
307	257
308	257
320	257
321	257
335	257
350	257
364	257
378	257
392	257
393	257
407	257
422	257
436	257
437	257
450	257
464	257
478	257
479	257
494	257
509	257
139	258
142	258
143	258
145	258
146	258
147	258
156	258
159	258
160	258
164	258
178	258
193	258
206	258
235	258
249	258
264	258
278	258
292	258
293	258
307	258
320	258
335	258
350	258
364	258
378	258
392	258
406	258
421	258
436	258
437	258
449	258
450	258
463	258
464	258
478	258
479	258
494	258
509	258
164	259
178	259
193	259
206	259
235	259
249	259
264	259
276	259
277	259
278	259
279	259
280	259
281	259
292	259
293	259
307	259
320	259
335	259
350	259
364	259
378	259
392	259
406	259
421	259
436	259
449	259
450	259
463	259
464	259
478	259
494	259
508	259
509	259
510	259
511	259
164	260
178	260
193	260
206	260
235	260
249	260
264	260
277	260
280	260
281	260
292	260
293	260
307	260
320	260
335	260
350	260
364	260
378	260
392	260
406	260
421	260
436	260
449	260
450	260
463	260
464	260
478	260
494	260
507	260
508	260
509	260
510	260
511	260
164	261
178	261
193	261
206	261
235	261
249	261
264	261
292	261
293	261
307	261
320	261
335	261
350	261
364	261
378	261
392	261
406	261
421	261
422	261
436	261
449	261
450	261
463	261
464	261
478	261
494	261
507	261
508	261
509	261
510	261
511	261
164	262
178	262
193	262
206	262
235	262
249	262
264	262
292	262
293	262
307	262
320	262
335	262
350	262
364	262
378	262
392	262
406	262
407	262
421	262
422	262
436	262
449	262
450	262
463	262
464	262
478	262
494	262
507	262
508	262
509	262
510	262
511	262
164	263
178	263
193	263
206	263
235	263
249	263
264	263
292	263
293	263
307	263
320	263
335	263
350	263
364	263
378	263
392	263
406	263
407	263
421	263
422	263
436	263
449	263
450	263
463	263
464	263
478	263
494	263
508	263
509	263
510	263
511	263
164	264
178	264
193	264
206	264
235	264
249	264
263	264
264	264
265	264
266	264
293	264
307	264
320	264
335	264
350	264
364	264
378	264
392	264
406	264
407	264
421	264
422	264
436	264
449	264
450	264
463	264
464	264
478	264
494	264
509	264
164	265
178	265
193	265
206	265
235	265
249	265
262	265
263	265
264	265
265	265
266	265
292	265
293	265
307	265
320	265
335	265
350	265
364	265
378	265
392	265
406	265
407	265
421	265
422	265
436	265
449	265
450	265
463	265
464	265
478	265
479	265
494	265
509	265
164	266
178	266
193	266
206	266
235	266
249	266
262	266
263	266
264	266
265	266
266	266
267	266
292	266
293	266
307	266
320	266
335	266
350	266
364	266
378	266
392	266
406	266
407	266
421	266
422	266
436	266
449	266
450	266
463	266
464	266
478	266
494	266
509	266
164	267
178	267
193	267
206	267
235	267
249	267
262	267
263	267
264	267
265	267
266	267
293	267
307	267
320	267
335	267
350	267
364	267
378	267
392	267
393	267
406	267
407	267
421	267
422	267
436	267
449	267
450	267
463	267
464	267
478	267
494	267
509	267
164	268
165	268
166	268
167	268
178	268
193	268
206	268
235	268
249	268
263	268
264	268
265	268
266	268
293	268
307	268
320	268
335	268
350	268
364	268
378	268
392	268
393	268
406	268
407	268
421	268
422	268
436	268
449	268
450	268
463	268
464	268
478	268
479	268
494	268
509	268
164	269
166	269
167	269
178	269
193	269
206	269
235	269
249	269
264	269
265	269
292	269
293	269
307	269
320	269
335	269
350	269
364	269
378	269
392	269
393	269
406	269
407	269
421	269
422	269
436	269
449	269
450	269
463	269
464	269
478	269
479	269
494	269
509	269
164	270
178	270
193	270
206	270
235	270
249	270
264	270
293	270
307	270
320	270
335	270
350	270
364	270
378	270
392	270
393	270
406	270
407	270
421	270
422	270
436	270
449	270
450	270
463	270
464	270
478	270
479	270
494	270
509	270
164	271
178	271
193	271
206	271
235	271
249	271
264	271
293	271
307	271
320	271
335	271
350	271
364	271
378	271
392	271
393	271
406	271
407	271
421	271
422	271
436	271
449	271
450	271
463	271
464	271
478	271
479	271
494	271
509	271
164	272
178	272
193	272
206	272
235	272
249	272
264	272
293	272
307	272
320	272
335	272
350	272
364	272
378	272
392	272
393	272
406	272
407	272
421	272
422	272
436	272
449	272
450	272
463	272
464	272
478	272
479	272
494	272
509	272
164	273
178	273
193	273
206	273
235	273
249	273
264	273
293	273
307	273
320	273
335	273
350	273
364	273
378	273
392	273
393	273
406	273
407	273
421	273
422	273
436	273
449	273
450	273
463	273
464	273
478	273
479	273
494	273
509	273
164	274
178	274
193	274
206	274
235	274
249	274
264	274
293	274
307	274
320	274
335	274
350	274
364	274
378	274
392	274
393	274
406	274
407	274
421	274
422	274
436	274
449	274
450	274
463	274
464	274
478	274
479	274
494	274
509	274
164	275
178	275
193	275
206	275
235	275
249	275
264	275
293	275
307	275
320	275
335	275
350	275
364	275
378	275
392	275
393	275
406	275
407	275
421	275
422	275
436	275
449	275
450	275
463	275
464	275
478	275
494	275
509	275
164	276
178	276
193	276
206	276
235	276
249	276
264	276
293	276
307	276
320	276
321	276
335	276
350	276
364	276
378	276
392	276
393	276
406	276
407	276
421	276
422	276
436	276
449	276
450	276
463	276
464	276
478	276
479	276
494	276
509	276
164	277
178	277
193	277
206	277
235	277
249	277
264	277
293	277
307	277
320	277
335	277
350	277
364	277
378	277
392	277
393	277
406	277
407	277
421	277
422	277
436	277
449	277
450	277
463	277
464	277
478	277
479	277
494	277
509	277
164	278
178	278
193	278
206	278
235	278
249	278
264	278
293	278
307	278
320	278
335	278
350	278
364	278
378	278
392	278
393	278
406	278
407	278
421	278
422	278
436	278
449	278
450	278
463	278
464	278
478	278
479	278
494	278
509	278
164	279
178	279
193	279
206	279
235	279
249	279
264	279
293	279
307	279
320	279
321	279
335	279
350	279
364	279
378	279
392	279
393	279
406	279
407	279
421	279
422	279
436	279
449	279
450	279
463	279
464	279
478	279
479	279
494	279
509	279
164	280
178	280
193	280
206	280
235	280
249	280
264	280
293	280
307	280
320	280
321	280
335	280
350	280
364	280
378	280
392	280
393	280
406	280
407	280
421	280
422	280
436	280
449	280
450	280
463	280
464	280
478	280
479	280
494	280
509	280
164	281
165	281
166	281
167	281
178	281
193	281
206	281
235	281
249	281
264	281
293	281
307	281
320	281
335	281
350	281
364	281
378	281
392	281
393	281
406	281
407	281
421	281
422	281
436	281
449	281
450	281
463	281
464	281
478	281
479	281
494	281
509	281
164	282
167	282
178	282
193	282
206	282
207	282
235	282
249	282
264	282
293	282
307	282
320	282
335	282
350	282
364	282
378	282
391	282
392	282
393	282
394	282
406	282
407	282
421	282
422	282
436	282
449	282
450	282
463	282
464	282
478	282
479	282
494	282
509	282
164	283
178	283
193	283
206	283
235	283
249	283
264	283
293	283
307	283
320	283
335	283
350	283
364	283
378	283
390	283
391	283
392	283
393	283
394	283
395	283
406	283
407	283
421	283
422	283
436	283
449	283
450	283
463	283
464	283
478	283
479	283
494	283
509	283
164	284
178	284
193	284
206	284
207	284
235	284
249	284
264	284
293	284
307	284
320	284
335	284
350	284
364	284
378	284
390	284
391	284
392	284
393	284
394	284
395	284
406	284
407	284
421	284
422	284
436	284
437	284
449	284
450	284
463	284
464	284
478	284
479	284
494	284
509	284
164	285
178	285
193	285
206	285
235	285
249	285
264	285
293	285
307	285
320	285
321	285
335	285
350	285
364	285
378	285
391	285
392	285
393	285
394	285
406	285
407	285
421	285
422	285
436	285
449	285
450	285
463	285
464	285
478	285
479	285
494	285
509	285
164	286
178	286
193	286
206	286
235	286
249	286
264	286
293	286
307	286
320	286
335	286
350	286
364	286
378	286
392	286
393	286
406	286
407	286
421	286
422	286
436	286
449	286
450	286
463	286
464	286
478	286
479	286
494	286
509	286
164	287
178	287
193	287
206	287
235	287
249	287
264	287
293	287
307	287
320	287
335	287
350	287
364	287
378	287
392	287
393	287
406	287
407	287
421	287
422	287
436	287
449	287
450	287
463	287
464	287
478	287
479	287
494	287
509	287
164	288
178	288
193	288
206	288
235	288
249	288
264	288
293	288
307	288
320	288
321	288
335	288
350	288
364	288
378	288
392	288
393	288
406	288
407	288
421	288
422	288
436	288
437	288
449	288
450	288
463	288
464	288
478	288
479	288
494	288
509	288
164	289
178	289
193	289
206	289
235	289
249	289
264	289
293	289
307	289
320	289
321	289
335	289
350	289
364	289
378	289
392	289
393	289
406	289
407	289
421	289
422	289
436	289
437	289
449	289
450	289
463	289
464	289
478	289
479	289
494	289
509	289
164	290
178	290
193	290
206	290
235	290
249	290
264	290
293	290
307	290
320	290
321	290
335	290
350	290
364	290
378	290
392	290
393	290
406	290
407	290
421	290
422	290
436	290
437	290
449	290
450	290
463	290
464	290
478	290
479	290
494	290
509	290
164	291
178	291
193	291
206	291
207	291
235	291
249	291
264	291
265	291
293	291
307	291
320	291
321	291
335	291
350	291
364	291
378	291
392	291
393	291
406	291
407	291
421	291
422	291
436	291
437	291
449	291
450	291
463	291
464	291
478	291
479	291
494	291
509	291
164	292
178	292
193	292
206	292
235	292
249	292
264	292
265	292
293	292
307	292
320	292
321	292
335	292
350	292
364	292
378	292
392	292
393	292
406	292
407	292
421	292
422	292
436	292
437	292
449	292
450	292
463	292
464	292
478	292
479	292
494	292
509	292
164	293
178	293
193	293
206	293
235	293
249	293
264	293
265	293
293	293
307	293
320	293
335	293
350	293
364	293
378	293
392	293
393	293
406	293
407	293
421	293
422	293
436	293
437	293
449	293
450	293
463	293
464	293
478	293
479	293
494	293
509	293
164	294
165	294
166	294
167	294
168	294
178	294
193	294
206	294
235	294
249	294
264	294
265	294
293	294
305	294
306	294
307	294
308	294
309	294
310	294
319	294
320	294
321	294
322	294
323	294
335	294
350	294
364	294
378	294
392	294
393	294
406	294
407	294
421	294
422	294
436	294
437	294
449	294
450	294
463	294
464	294
478	294
479	294
494	294
509	294
164	295
178	295
193	295
206	295
207	295
235	295
249	295
264	295
265	295
293	295
335	295
350	295
364	295
378	295
392	295
393	295
406	295
407	295
421	295
422	295
436	295
437	295
449	295
450	295
463	295
464	295
478	295
479	295
494	295
509	295
139	296
142	296
143	296
145	296
146	296
147	296
155	296
156	296
158	296
159	296
160	296
164	296
178	296
193	296
206	296
207	296
235	296
249	296
264	296
265	296
293	296
335	296
350	296
364	296
378	296
392	296
393	296
406	296
407	296
421	296
422	296
436	296
437	296
449	296
450	296
463	296
464	296
478	296
479	296
494	296
509	296
139	297
141	297
144	297
145	297
156	297
158	297
160	297
164	297
178	297
193	297
206	297
207	297
235	297
249	297
264	297
265	297
293	297
335	297
350	297
364	297
378	297
392	297
393	297
406	297
407	297
421	297
422	297
436	297
437	297
450	297
463	297
464	297
478	297
479	297
492	297
493	297
494	297
495	297
496	297
509	297
139	298
141	298
144	298
145	298
146	298
147	298
152	298
153	298
156	298
160	298
164	298
165	298
166	298
167	298
168	298
169	298
170	298
178	298
193	298
206	298
207	298
235	298
249	298
264	298
265	298
293	298
335	298
350	298
364	298
378	298
392	298
393	298
406	298
407	298
421	298
422	298
436	298
437	298
448	298
449	298
450	298
451	298
452	298
463	298
464	298
478	298
479	298
509	298
134	299
135	299
136	299
137	299
139	299
141	299
144	299
145	299
151	299
152	299
153	299
156	299
159	299
164	299
170	299
178	299
192	299
193	299
206	299
207	299
235	299
249	299
264	299
293	299
333	299
335	299
336	299
337	299
350	299
364	299
372	299
375	299
378	299
392	299
393	299
400	299
401	299
406	299
407	299
410	299
411	299
412	299
413	299
417	299
418	299
419	299
420	299
421	299
422	299
424	299
425	299
426	299
427	299
428	299
429	299
432	299
433	299
434	299
435	299
436	299
437	299
439	299
440	299
441	299
442	299
443	299
444	299
448	299
449	299
450	299
451	299
452	299
455	299
456	299
457	299
458	299
459	299
460	299
463	299
464	299
467	299
468	299
469	299
470	299
471	299
472	299
478	299
479	299
482	299
483	299
484	299
485	299
486	299
487	299
488	299
492	299
493	299
494	299
495	299
496	299
497	299
501	299
502	299
503	299
504	299
505	299
506	299
509	299
512	299
513	299
514	299
515	299
516	299
517	299
139	300
142	300
143	300
145	300
146	300
147	300
156	300
158	300
159	300
160	300
164	300
165	300
166	300
167	300
168	300
169	300
176	300
177	300
178	300
179	300
180	300
181	300
184	300
185	300
186	300
187	300
190	300
191	300
192	300
193	300
194	300
195	300
197	300
198	300
199	300
200	300
201	300
202	300
206	300
210	300
211	300
212	300
213	300
214	300
215	300
219	300
220	300
221	300
222	300
223	300
224	300
225	300
228	300
229	300
230	300
231	300
232	300
235	300
238	300
239	300
240	300
241	300
242	300
243	300
244	300
247	300
248	300
249	300
250	300
251	300
254	300
255	300
256	300
257	300
258	300
259	300
260	300
264	300
267	300
268	300
269	300
270	300
271	300
272	300
275	300
276	300
277	300
278	300
279	300
280	300
284	300
285	300
286	300
287	300
288	300
289	300
292	300
293	300
295	300
296	300
297	300
298	300
299	300
300	300
301	300
304	300
305	300
306	300
307	300
308	300
309	300
310	300
311	300
315	300
316	300
317	300
318	300
319	300
320	300
321	300
324	300
325	300
326	300
327	300
328	300
329	300
333	300
334	300
335	300
336	300
337	300
341	300
342	300
343	300
344	300
345	300
346	300
347	300
350	300
353	300
354	300
355	300
356	300
357	300
358	300
359	300
364	300
367	300
368	300
369	300
370	300
371	300
372	300
375	300
376	300
377	300
378	300
382	300
383	300
384	300
385	300
386	300
387	300
388	300
392	300
393	300
395	300
396	300
397	300
398	300
399	300
400	300
401	300
406	300
407	300
409	300
410	300
411	300
412	300
413	300
417	300
418	300
419	300
421	300
422	300
424	300
425	300
426	300
427	300
428	300
429	300
432	300
433	300
434	300
435	300
436	300
437	300
440	300
441	300
442	300
443	300
444	300
463	300
464	300
468	300
478	300
479	300
509	300
143	301
156	301
163	301
164	301
166	301
167	301
168	301
169	301
170	301
176	301
177	301
178	301
179	301
180	301
184	301
185	301
186	301
187	301
206	301
220	301
221	301
222	301
223	301
224	301
225	301
228	301
229	301
230	301
231	301
235	301
255	301
256	301
257	301
258	301
259	301
264	301
292	301
293	301
350	301
364	301
376	301
377	301
378	301
379	301
380	301
381	301
392	301
406	301
421	301
436	301
463	301
476	301
477	301
478	301
479	301
480	301
481	301
509	301
163	302
164	302
206	302
235	302
264	302
292	302
293	302
348	302
349	302
350	302
351	302
352	302
353	302
364	302
376	302
377	302
378	302
379	302
380	302
392	302
406	302
419	302
420	302
421	302
422	302
423	302
424	302
434	302
435	302
436	302
437	302
438	302
439	302
463	302
477	302
478	302
479	302
480	302
481	302
509	302
163	303
164	303
206	303
235	303
264	303
292	303
293	303
364	303
392	303
404	303
405	303
406	303
407	303
408	303
409	303
463	303
507	303
508	303
509	303
510	303
511	303
512	303
163	304
164	304
206	304
235	304
264	304
290	304
291	304
292	304
293	304
294	304
295	304
364	304
392	304
404	304
405	304
406	304
407	304
408	304
461	304
462	304
463	304
464	304
465	304
466	304
163	305
164	305
206	305
235	305
264	305
363	305
364	305
366	305
392	305
462	305
463	305
466	305
163	306
164	306
206	306
233	306
234	306
235	306
236	306
237	306
238	306
264	306
362	306
363	306
364	306
365	306
366	306
392	306
164	307
206	307
262	307
263	307
264	307
265	307
266	307
392	307
163	308
164	308
206	308
262	308
263	308
264	308
265	308
266	308
392	308
163	309
164	309
204	309
205	309
206	309
207	309
208	309
209	309
392	309
164	310
392	310
164	311
205	311
208	311
210	311
211	311
212	311
222	311
230	311
231	311
234	311
235	311
237	311
390	311
391	311
392	311
393	311
394	311
395	311
163	312
164	312
165	312
166	312
167	312
174	312
175	312
176	312
178	312
179	312
180	312
182	312
183	312
186	312
187	312
188	312
189	312
205	312
208	312
211	312
212	312
214	312
215	312
216	312
217	312
222	312
224	312
225	312
228	312
230	312
231	312
232	312
233	312
234	312
235	312
237	312
164	313
174	313
175	313
178	313
180	313
181	313
182	313
185	313
186	313
198	313
200	313
201	313
205	313
208	313
211	313
213	313
214	313
221	313
224	313
225	313
226	313
228	313
230	313
231	313
232	313
233	313
234	313
237	313
238	313
164	314
175	314
176	314
178	314
179	314
180	314
182	314
183	314
185	314
193	314
194	314
195	314
196	314
197	314
198	314
200	314
201	314
205	314
208	314
211	314
213	314
221	314
224	314
226	314
227	314
228	314
230	314
231	314
232	314
235	314
237	314
238	314
163	315
164	315
176	315
178	315
179	315
182	315
185	315
186	315
193	315
194	315
195	315
196	315
198	315
200	315
201	315
205	315
206	315
208	315
211	315
213	315
214	315
221	315
224	315
227	315
228	315
230	315
232	315
235	315
237	315
238	315
163	316
164	316
174	316
175	316
176	316
178	316
179	316
182	316
183	316
184	316
186	316
187	316
188	316
189	316
193	316
194	316
195	316
198	316
200	316
201	316
206	316
207	316
208	316
211	316
214	316
215	316
216	316
217	316
222	316
224	316
228	316
230	316
231	316
234	316
235	316
237	316
163	317
164	317
222	317
237	317
163	318
164	318
163	319
164	319
163	320
164	320
163	321
164	321
163	322
164	322
164	323
164	324
164	325
165	325
166	325
167	325
164	326
163	327
164	327
163	328
164	328
163	329
164	329
163	330
164	330
163	331
164	331
163	332
164	332
163	333
164	333
163	334
164	334
163	335
164	335
163	336
164	336
192	336
293	336
307	336
335	336
350	336
364	336
378	336
407	336
422	336
436	336
449	336
450	336
464	336
479	336
494	336
507	336
143	337
146	337
147	337
156	337
160	337
163	337
164	337
179	337
192	337
206	337
221	337
235	337
249	337
250	337
264	337
278	337
293	337
307	337
321	337
335	337
336	337
350	337
364	337
378	337
393	337
407	337
422	337
436	337
449	337
450	337
464	337
479	337
493	337
494	337
507	337
139	338
140	338
142	338
143	338
144	338
145	338
146	338
147	338
156	338
157	338
160	338
163	338
164	338
165	338
166	338
167	338
168	338
179	338
192	338
206	338
221	338
235	338
249	338
250	338
264	338
278	338
293	338
307	338
321	338
335	338
336	338
350	338
364	338
378	338
393	338
407	338
422	338
436	338
449	338
450	338
464	338
479	338
493	338
494	338
507	338
140	339
142	339
144	339
145	339
146	339
147	339
156	339
157	339
160	339
163	339
164	339
179	339
192	339
206	339
221	339
235	339
249	339
264	339
278	339
293	339
307	339
321	339
335	339
336	339
350	339
364	339
378	339
393	339
407	339
422	339
436	339
449	339
450	339
464	339
479	339
494	339
507	339
135	340
136	340
137	340
140	340
142	340
145	340
146	340
147	340
152	340
153	340
154	340
156	340
157	340
160	340
163	340
164	340
179	340
192	340
206	340
221	340
235	340
249	340
264	340
278	340
293	340
307	340
321	340
335	340
350	340
364	340
378	340
393	340
407	340
422	340
436	340
450	340
464	340
479	340
494	340
507	340
135	341
136	341
137	341
140	341
142	341
144	341
145	341
146	341
152	341
153	341
154	341
156	341
157	341
160	341
163	341
164	341
179	341
192	341
206	341
221	341
235	341
249	341
250	341
264	341
278	341
293	341
307	341
320	341
321	341
335	341
336	341
350	341
363	341
364	341
378	341
379	341
383	341
393	341
407	341
412	341
413	341
415	341
416	341
417	341
418	341
419	341
420	341
421	341
422	341
423	341
424	341
425	341
436	341
437	341
440	341
441	341
442	341
443	341
444	341
445	341
446	341
447	341
448	341
449	341
450	341
451	341
452	341
453	341
454	341
455	341
456	341
457	341
458	341
459	341
460	341
461	341
462	341
463	341
464	341
465	341
466	341
467	341
468	341
469	341
470	341
471	341
472	341
473	341
474	341
475	341
476	341
477	341
478	341
479	341
480	341
481	341
482	341
483	341
484	341
485	341
486	341
487	341
488	341
489	341
490	341
491	341
492	341
493	341
494	341
495	341
496	341
497	341
498	341
499	341
500	341
501	341
502	341
503	341
504	341
505	341
506	341
507	341
140	342
142	342
143	342
144	342
146	342
147	342
156	342
157	342
160	342
163	342
164	342
165	342
166	342
167	342
168	342
169	342
170	342
171	342
172	342
173	342
174	342
175	342
176	342
177	342
178	342
179	342
180	342
181	342
182	342
183	342
184	342
185	342
186	342
187	342
188	342
189	342
190	342
191	342
192	342
193	342
194	342
195	342
196	342
197	342
198	342
199	342
200	342
201	342
202	342
203	342
204	342
205	342
206	342
207	342
208	342
209	342
210	342
211	342
212	342
213	342
214	342
215	342
216	342
217	342
218	342
219	342
220	342
221	342
222	342
223	342
224	342
225	342
226	342
227	342
228	342
229	342
230	342
231	342
232	342
233	342
234	342
235	342
236	342
237	342
238	342
239	342
240	342
241	342
242	342
243	342
244	342
245	342
246	342
247	342
248	342
249	342
250	342
251	342
252	342
253	342
254	342
255	342
256	342
257	342
258	342
259	342
260	342
261	342
262	342
263	342
264	342
265	342
266	342
267	342
268	342
269	342
270	342
271	342
272	342
273	342
274	342
275	342
276	342
277	342
278	342
279	342
280	342
281	342
282	342
283	342
284	342
285	342
286	342
287	342
288	342
289	342
290	342
291	342
292	342
293	342
294	342
295	342
296	342
297	342
298	342
299	342
300	342
301	342
302	342
303	342
304	342
305	342
306	342
307	342
308	342
309	342
310	342
311	342
312	342
313	342
314	342
315	342
316	342
317	342
318	342
319	342
320	342
321	342
322	342
323	342
324	342
325	342
326	342
327	342
328	342
329	342
330	342
331	342
332	342
333	342
334	342
335	342
336	342
337	342
338	342
339	342
340	342
341	342
342	342
343	342
344	342
345	342
346	342
347	342
348	342
349	342
350	342
351	342
352	342
353	342
354	342
355	342
356	342
357	342
358	342
359	342
360	342
361	342
362	342
363	342
364	342
365	342
366	342
367	342
368	342
369	342
370	342
371	342
372	342
373	342
374	342
375	342
376	342
377	342
378	342
379	342
380	342
381	342
382	342
383	342
384	342
385	342
386	342
387	342
388	342
389	342
390	342
391	342
392	342
393	342
394	342
395	342
396	342
397	342
398	342
399	342
400	342
401	342
402	342
403	342
404	342
405	342
406	342
407	342
408	342
409	342
410	342
411	342
412	342
413	342
414	342
415	342
416	342
417	342
418	342
419	342
420	342
421	342
422	342
423	342
424	342
425	342
426	342
427	342
428	342
429	342
430	342
431	342
432	342
433	342
434	342
435	342
436	342
437	342
438	342
439	342
440	342
441	342
442	342
443	342
444	342
445	342
446	342
447	342
448	342
449	342
450	342
451	342
452	342
453	342
454	342
455	342
456	342
457	342
458	342
459	342
460	342
462	342
470	342
471	342
472	342
473	342
474	342
475	342
476	342
477	342
478	342
479	342
480	342
481	342
482	342
483	342
484	342
485	342
486	342
487	342
488	342
422	344
423	344
166	345
180	345
192	345
205	345
206	345
207	345
219	345
220	345
221	345
222	345
233	345
237	345
248	345
249	345
250	345
265	345
277	345
278	345
279	345
291	345
294	345
307	345
319	345
322	345
336	345
337	345
351	345
364	345
377	345
378	345
379	345
391	345
392	345
393	345
394	345
395	345
405	345
409	345
421	345
422	345
423	345
424	345
438	345
449	345
450	345
451	345
462	345
463	345
466	345
479	345
492	345
495	345
496	345
506	345
507	345
166	346
180	346
191	346
192	346
193	346
205	346
218	346
219	346
222	346
223	346
233	346
234	346
237	346
248	346
251	346
265	346
277	346
291	346
294	346
295	346
306	346
307	346
308	346
319	346
322	346
336	346
337	346
351	346
363	346
364	346
365	346
377	346
378	346
391	346
395	346
405	346
406	346
409	346
421	346
424	346
438	346
449	346
462	346
463	346
466	346
478	346
479	346
480	346
492	346
493	346
495	346
496	346
506	346
507	346
166	347
180	347
191	347
193	347
205	347
206	347
218	347
223	347
233	347
234	347
235	347
237	347
248	347
251	347
265	347
277	347
278	347
279	347
290	347
291	347
292	347
293	347
294	347
295	347
306	347
308	347
319	347
320	347
321	347
322	347
323	347
336	347
337	347
351	347
363	347
365	347
378	347
379	347
391	347
395	347
405	347
407	347
408	347
409	347
421	347
424	347
438	347
449	347
450	347
451	347
462	347
463	347
464	347
465	347
466	347
467	347
478	347
480	347
492	347
493	347
495	347
496	347
506	347
507	347
166	348
180	348
191	348
192	348
193	348
194	348
207	348
218	348
219	348
223	348
233	348
235	348
236	348
237	348
248	348
251	348
265	348
277	348
290	348
292	348
293	348
295	348
306	348
307	348
308	348
318	348
319	348
320	348
321	348
323	348
336	348
337	348
351	348
362	348
363	348
364	348
365	348
379	348
391	348
395	348
405	348
407	348
408	348
409	348
421	348
424	348
438	348
449	348
462	348
464	348
465	348
467	348
477	348
478	348
479	348
480	348
491	348
492	348
493	348
494	348
496	348
506	348
507	348
164	349
165	349
166	349
178	349
179	349
180	349
190	349
191	349
194	349
205	349
206	349
207	349
219	349
220	349
221	349
222	349
233	349
236	349
237	349
248	349
249	349
250	349
251	349
263	349
264	349
265	349
277	349
290	349
292	349
293	349
295	349
305	349
308	349
309	349
318	349
320	349
321	349
323	349
335	349
336	349
350	349
351	349
362	349
365	349
366	349
377	349
378	349
379	349
391	349
392	349
393	349
394	349
395	349
405	349
408	349
409	349
421	349
422	349
423	349
436	349
437	349
438	349
448	349
449	349
462	349
464	349
467	349
477	349
480	349
481	349
491	349
494	349
496	349
505	349
506	349
179	350
194	350
206	350
220	350
221	350
263	350
264	350
309	350
350	350
378	350
392	350
393	350
394	350
436	350
437	350
200	357
201	357
203	357
204	357
205	357
207	357
208	357
209	357
211	357
212	357
336	357
337	357
340	357
341	357
342	357
343	357
344	357
345	357
348	357
466	357
469	357
470	357
471	357
473	357
474	357
476	357
477	357
478	357
201	358
203	358
206	358
207	358
209	358
210	358
211	358
213	358
337	358
340	358
342	358
343	358
345	358
348	358
466	358
469	358
471	358
472	358
473	358
474	358
475	358
476	358
478	358
200	359
201	359
203	359
204	359
205	359
207	359
208	359
209	359
210	359
213	359
337	359
340	359
341	359
342	359
343	359
344	359
345	359
348	359
466	359
469	359
470	359
471	359
473	359
474	359
477	359
478	359
200	360
201	360
204	360
205	360
207	360
209	360
210	360
212	360
213	360
337	360
341	360
343	360
345	360
346	360
348	360
466	360
470	360
472	360
475	360
477	360
200	361
201	361
204	361
207	361
208	361
209	361
211	361
212	361
337	361
340	361
341	361
343	361
344	361
345	361
348	361
466	361
469	361
470	361
473	361
474	361
475	361
476	361
477	361
478	361
199	377
200	377
201	377
205	377
206	377
207	377
211	377
212	377
256	377
269	377
294	377
297	377
298	377
299	377
300	377
301	377
302	377
303	377
305	377
306	377
307	377
308	377
312	377
314	377
315	377
316	377
317	377
320	377
322	377
323	377
324	377
325	377
327	377
328	377
330	377
331	377
334	377
335	377
336	377
337	377
339	377
347	377
369	377
370	377
377	377
379	377
380	377
413	377
414	377
418	377
423	377
424	377
425	377
426	377
427	377
429	377
430	377
431	377
432	377
433	377
436	377
437	377
440	377
441	377
444	377
445	377
449	377
450	377
451	377
452	377
453	377
170	378
171	378
172	378
173	378
174	378
187	378
188	378
189	378
190	378
198	378
199	378
200	378
201	378
202	378
204	378
205	378
206	378
207	378
208	378
210	378
211	378
212	378
213	378
218	378
219	378
220	378
222	378
223	378
224	378
225	378
243	378
244	378
256	378
266	378
267	378
269	378
283	378
284	378
294	378
297	378
298	378
299	378
300	378
301	378
302	378
303	378
304	378
305	378
306	378
307	378
308	378
309	378
311	378
312	378
314	378
316	378
317	378
320	378
322	378
323	378
324	378
325	378
327	378
328	378
329	378
330	378
331	378
333	378
334	378
336	378
337	378
339	378
340	378
344	378
345	378
347	378
348	378
349	378
356	378
357	378
360	378
365	378
366	378
367	378
369	378
370	378
371	378
372	378
377	378
378	378
379	378
380	378
381	378
382	378
385	378
386	378
394	378
397	378
398	378
402	378
403	378
408	378
409	378
410	378
412	378
413	378
414	378
418	378
422	378
423	378
424	378
426	378
427	378
429	378
430	378
432	378
433	378
436	378
437	378
438	378
440	378
441	378
442	378
444	378
445	378
449	378
450	378
452	378
453	378
170	379
171	379
175	379
176	379
178	379
179	379
180	379
181	379
187	379
188	379
189	379
190	379
199	379
202	379
203	379
204	379
205	379
208	379
210	379
211	379
213	379
217	379
218	379
220	379
222	379
223	379
224	379
225	379
229	379
230	379
231	379
232	379
233	379
234	379
236	379
237	379
238	379
239	379
240	379
241	379
243	379
244	379
246	379
247	379
248	379
249	379
251	379
252	379
253	379
254	379
256	379
258	379
259	379
260	379
261	379
262	379
263	379
264	379
266	379
267	379
268	379
269	379
270	379
271	379
272	379
273	379
274	379
276	379
277	379
278	379
279	379
283	379
284	379
285	379
286	379
287	379
288	379
289	379
294	379
297	379
298	379
301	379
304	379
305	379
308	379
311	379
313	379
314	379
316	379
317	379
320	379
322	379
323	379
327	379
328	379
329	379
330	379
331	379
333	379
337	379
339	379
340	379
344	379
345	379
346	379
347	379
348	379
349	379
350	379
352	379
353	379
354	379
355	379
356	379
357	379
358	379
359	379
360	379
362	379
363	379
364	379
365	379
366	379
367	379
368	379
369	379
370	379
371	379
372	379
373	379
377	379
378	379
379	379
380	379
381	379
382	379
383	379
384	379
385	379
386	379
387	379
391	379
392	379
394	379
395	379
396	379
397	379
398	379
399	379
400	379
401	379
402	379
403	379
404	379
407	379
408	379
409	379
410	379
411	379
412	379
413	379
418	379
422	379
423	379
427	379
429	379
430	379
432	379
433	379
435	379
436	379
437	379
438	379
440	379
441	379
442	379
443	379
444	379
445	379
449	379
170	380
171	380
172	380
173	380
174	380
175	380
176	380
177	380
178	380
179	380
180	380
181	380
189	380
190	380
199	380
202	380
203	380
205	380
206	380
207	380
208	380
210	380
211	380
212	380
213	380
217	380
218	380
219	380
220	380
224	380
225	380
229	380
230	380
231	380
232	380
234	380
236	380
237	380
238	380
239	380
241	380
243	380
244	380
246	380
248	380
249	380
250	380
251	380
253	380
254	380
256	380
259	380
260	380
262	380
264	380
265	380
266	380
267	380
269	380
270	380
271	380
272	380
274	380
275	380
276	380
277	380
279	380
284	380
286	380
287	380
289	380
290	380
294	380
297	380
298	380
301	380
304	380
305	380
311	380
313	380
314	380
316	380
317	380
320	380
323	380
324	380
325	380
327	380
328	380
329	380
330	380
331	380
333	380
337	380
340	380
344	380
345	380
347	380
349	380
350	380
352	380
355	380
358	380
360	380
362	380
363	380
364	380
365	380
367	380
368	380
369	380
370	380
372	380
373	380
377	380
379	380
380	380
382	380
383	380
384	380
385	380
386	380
387	380
391	380
392	380
394	380
395	380
396	380
397	380
398	380
400	380
401	380
402	380
403	380
404	380
407	380
408	380
410	380
411	380
413	380
418	380
422	380
423	380
427	380
429	380
430	380
431	380
432	380
433	380
435	380
436	380
437	380
438	380
440	380
441	380
443	380
444	380
445	380
446	380
447	380
448	380
449	380
450	380
453	380
170	381
171	381
172	381
173	381
175	381
176	381
177	381
178	381
180	381
181	381
188	381
189	381
190	381
199	381
202	381
203	381
207	381
208	381
210	381
213	381
214	381
217	381
218	381
220	381
221	381
224	381
225	381
230	381
231	381
232	381
234	381
235	381
236	381
238	381
239	381
241	381
243	381
244	381
246	381
249	381
251	381
253	381
254	381
256	381
258	381
259	381
262	381
263	381
264	381
265	381
267	381
269	381
270	381
271	381
274	381
275	381
276	381
279	381
284	381
286	381
287	381
289	381
290	381
294	381
297	381
298	381
301	381
304	381
305	381
308	381
310	381
311	381
313	381
314	381
316	381
317	381
319	381
320	381
322	381
325	381
326	381
327	381
328	381
330	381
331	381
333	381
334	381
336	381
337	381
340	381
344	381
345	381
347	381
350	381
352	381
355	381
357	381
358	381
360	381
362	381
363	381
364	381
365	381
367	381
368	381
369	381
370	381
372	381
373	381
377	381
378	381
379	381
380	381
382	381
383	381
384	381
385	381
387	381
391	381
392	381
394	381
395	381
396	381
398	381
399	381
400	381
401	381
403	381
407	381
408	381
410	381
411	381
413	381
418	381
419	381
420	381
421	381
423	381
424	381
426	381
427	381
429	381
432	381
433	381
435	381
436	381
437	381
438	381
439	381
440	381
441	381
443	381
444	381
445	381
449	381
450	381
451	381
452	381
453	381
170	382
171	382
175	382
176	382
177	382
178	382
180	382
181	382
187	382
188	382
189	382
190	382
192	382
199	382
200	382
201	382
202	382
204	382
205	382
206	382
207	382
208	382
210	382
211	382
212	382
213	382
214	382
218	382
220	382
221	382
222	382
223	382
224	382
225	382
229	382
230	382
231	382
232	382
234	382
235	382
236	382
238	382
239	382
241	382
242	382
243	382
244	382
246	382
247	382
248	382
249	382
251	382
253	382
254	382
256	382
257	382
258	382
259	382
260	382
261	382
262	382
263	382
264	382
265	382
266	382
267	382
269	382
270	382
271	382
272	382
273	382
274	382
276	382
277	382
279	382
284	382
285	382
286	382
287	382
288	382
289	382
294	382
295	382
296	382
297	382
298	382
301	382
305	382
306	382
307	382
308	382
310	382
313	382
314	382
317	382
318	382
319	382
320	382
322	382
323	382
324	382
325	382
327	382
328	382
330	382
331	382
333	382
334	382
335	382
336	382
337	382
339	382
340	382
344	382
345	382
346	382
347	382
349	382
350	382
352	382
355	382
356	382
357	382
358	382
360	382
361	382
362	382
363	382
365	382
366	382
367	382
368	382
369	382
370	382
372	382
373	382
377	382
378	382
379	382
380	382
382	382
383	382
384	382
385	382
386	382
387	382
392	382
393	382
394	382
395	382
396	382
397	382
398	382
399	382
401	382
402	382
403	382
408	382
409	382
410	382
413	382
418	382
419	382
420	382
421	382
424	382
425	382
426	382
429	382
430	382
432	382
433	382
434	382
435	382
438	382
439	382
440	382
441	382
444	382
445	382
450	382
451	382
452	382
453	382
170	383
171	383
175	383
176	383
178	383
179	383
180	383
181	383
187	383
188	383
189	383
190	383
192	383
199	383
200	383
201	383
205	383
206	383
207	383
211	383
212	383
213	383
218	383
219	383
220	383
223	383
224	383
225	383
230	383
231	383
232	383
235	383
236	383
241	383
244	383
247	383
248	383
256	383
258	383
259	383
260	383
262	383
263	383
264	383
265	383
267	383
272	383
273	383
295	383
296	383
297	383
301	383
306	383
307	383
314	383
339	383
340	383
365	383
367	383
368	383
177	384
178	384
179	384
180	384
181	384
234	384
235	384
314	384
315	384
339	384
365	384
366	384
367	384
178	385
179	385
180	385
144	419
145	419
147	419
148	419
149	419
151	419
152	419
161	419
162	419
164	419
165	419
168	419
169	419
170	419
171	419
172	419
173	419
144	420
145	420
147	420
149	420
151	420
162	420
165	420
168	420
144	421
145	421
147	421
149	421
151	421
152	421
157	421
158	421
159	421
162	421
165	421
168	421
144	422
145	422
147	422
149	422
151	422
157	422
158	422
159	422
162	422
165	422
168	422
144	423
145	423
147	423
148	423
149	423
151	423
152	423
153	423
162	423
165	423
168	423
168	424
169	424
170	424
171	424
168	425
169	425
168	426
169	426
168	427
169	427
168	428
168	429
168	430
168	431
168	432
168	433
168	434
168	435
168	436
168	437
169	437
168	438
169	438
170	438
171	438
168	439
168	440
168	441
168	442
168	443
168	444
168	445
168	446
168	447
168	448
168	449
266	449
267	449
268	449
269	449
270	449
271	449
168	450
169	450
268	450
269	450
509	450
510	450
511	450
512	450
513	450
514	450
168	451
169	451
170	451
171	451
268	451
269	451
323	451
324	451
325	451
326	451
327	451
328	451
495	451
496	451
497	451
498	451
499	451
500	451
511	451
512	451
513	451
514	451
168	452
207	452
210	452
212	452
213	452
221	452
223	452
229	452
230	452
233	452
234	452
236	452
268	452
269	452
295	452
296	452
297	452
298	452
299	452
300	452
325	452
326	452
337	452
338	452
339	452
340	452
341	452
442	452
497	452
498	452
511	452
168	453
176	453
177	453
178	453
180	453
181	453
182	453
184	453
185	453
186	453
188	453
189	453
190	453
191	453
207	453
210	453
212	453
213	453
216	453
217	453
218	453
221	453
223	453
224	453
227	453
229	453
230	453
232	453
233	453
234	453
236	453
237	453
268	453
269	453
297	453
325	453
339	453
422	453
423	453
424	453
425	453
426	453
427	453
438	453
439	453
440	453
441	453
442	453
443	453
466	453
467	453
468	453
469	453
470	453
471	453
497	453
498	453
511	453
168	454
176	454
177	454
180	454
181	454
184	454
187	454
188	454
202	454
203	454
207	454
210	454
212	454
213	454
215	454
220	454
221	454
223	454
224	454
225	454
227	454
229	454
230	454
232	454
233	454
237	454
268	454
269	454
280	454
281	454
282	454
283	454
284	454
285	454
297	454
310	454
311	454
312	454
313	454
314	454
315	454
325	454
339	454
408	454
409	454
410	454
411	454
412	454
413	454
424	454
425	454
426	454
440	454
468	454
469	454
470	454
471	454
497	454
498	454
511	454
168	455
169	455
177	455
178	455
180	455
181	455
182	455
184	455
185	455
187	455
195	455
196	455
197	455
198	455
199	455
200	455
202	455
203	455
207	455
210	455
212	455
213	455
215	455
220	455
223	455
225	455
226	455
227	455
229	455
230	455
231	455
233	455
234	455
237	455
268	455
269	455
282	455
297	455
312	455
325	455
339	455
410	455
411	455
424	455
440	455
468	455
497	455
498	455
511	455
168	456
169	456
178	456
180	456
181	456
184	456
187	456
188	456
195	456
196	456
197	456
198	456
200	456
202	456
207	456
210	456
212	456
213	456
215	456
216	456
220	456
223	456
226	456
227	456
229	456
230	456
231	456
234	456
237	456
268	456
269	456
282	456
297	456
312	456
325	456
339	456
352	456
353	456
354	456
355	456
356	456
357	456
366	456
367	456
368	456
369	456
370	456
371	456
379	456
380	456
381	456
382	456
383	456
384	456
411	456
424	456
440	456
468	456
497	456
498	456
511	456
168	457
169	457
176	457
177	457
178	457
180	457
181	457
184	457
185	457
186	457
188	457
189	457
190	457
191	457
196	457
197	457
198	457
200	457
202	457
207	457
208	457
209	457
212	457
213	457
216	457
217	457
218	457
221	457
223	457
227	457
229	457
230	457
232	457
233	457
234	457
236	457
237	457
268	457
269	457
282	457
283	457
297	457
312	457
325	457
339	457
354	457
368	457
381	457
382	457
411	457
424	457
440	457
468	457
479	457
480	457
481	457
482	457
483	457
484	457
497	457
498	457
511	457
168	458
221	458
236	458
253	458
254	458
255	458
256	458
257	458
258	458
268	458
269	458
282	458
283	458
297	458
312	458
325	458
339	458
354	458
368	458
381	458
382	458
411	458
424	458
440	458
451	458
452	458
453	458
454	458
455	458
456	458
468	458
481	458
482	458
491	458
492	458
493	458
497	458
498	458
500	458
501	458
502	458
503	458
506	458
507	458
508	458
509	458
511	458
516	458
168	459
169	459
205	459
206	459
225	459
233	459
234	459
235	459
236	459
239	459
240	459
241	459
242	459
243	459
244	459
248	459
249	459
250	459
251	459
252	459
255	459
258	459
259	459
260	459
263	459
264	459
265	459
266	459
268	459
269	459
271	459
272	459
273	459
274	459
275	459
278	459
279	459
280	459
281	459
282	459
283	459
285	459
286	459
287	459
288	459
289	459
290	459
292	459
293	459
294	459
295	459
297	459
298	459
300	459
301	459
302	459
303	459
304	459
307	459
308	459
309	459
310	459
312	459
314	459
315	459
316	459
317	459
318	459
320	459
321	459
322	459
323	459
325	459
327	459
328	459
329	459
330	459
331	459
332	459
334	459
335	459
336	459
337	459
338	459
339	459
341	459
342	459
343	459
344	459
345	459
346	459
348	459
349	459
350	459
351	459
352	459
353	459
354	459
357	459
358	459
359	459
360	459
361	459
363	459
364	459
365	459
366	459
367	459
368	459
370	459
371	459
372	459
373	459
374	459
376	459
377	459
378	459
379	459
380	459
381	459
382	459
384	459
385	459
386	459
387	459
388	459
389	459
390	459
391	459
395	459
396	459
397	459
398	459
399	459
400	459
403	459
404	459
405	459
406	459
407	459
408	459
409	459
411	459
413	459
414	459
415	459
416	459
417	459
419	459
420	459
421	459
422	459
424	459
426	459
427	459
428	459
429	459
430	459
431	459
434	459
435	459
436	459
437	459
438	459
439	459
440	459
444	459
445	459
446	459
447	459
448	459
449	459
454	459
459	459
460	459
461	459
462	459
463	459
464	459
465	459
468	459
472	459
473	459
474	459
475	459
476	459
477	459
478	459
481	459
482	459
488	459
489	459
490	459
491	459
492	459
493	459
497	459
498	459
500	459
501	459
502	459
503	459
506	459
507	459
508	459
509	459
511	459
513	459
514	459
515	459
516	459
517	459
168	460
169	460
170	460
171	460
172	460
173	460
174	460
175	460
176	460
177	460
181	460
182	460
183	460
184	460
185	460
186	460
187	460
188	460
191	460
192	460
193	460
194	460
195	460
196	460
197	460
201	460
202	460
203	460
204	460
205	460
206	460
210	460
211	460
212	460
213	460
214	460
215	460
216	460
220	460
221	460
222	460
223	460
224	460
225	460
226	460
229	460
230	460
231	460
232	460
233	460
234	460
235	460
236	460
239	460
240	460
241	460
242	460
243	460
244	460
248	460
249	460
250	460
251	460
252	460
255	460
258	460
259	460
260	460
261	460
263	460
264	460
265	460
266	460
268	460
269	460
271	460
272	460
273	460
274	460
275	460
278	460
279	460
280	460
282	460
283	460
286	460
297	460
298	460
300	460
301	460
302	460
303	460
304	460
307	460
310	460
312	460
325	460
339	460
354	460
368	460
381	460
382	460
411	460
424	460
440	460
454	460
468	460
481	460
482	460
497	460
498	460
511	460
143	461
144	461
147	461
150	461
151	461
152	461
160	461
161	461
163	461
164	461
165	461
168	461
255	461
268	461
269	461
282	461
283	461
297	461
298	461
312	461
325	461
339	461
354	461
368	461
381	461
382	461
411	461
424	461
440	461
454	461
468	461
481	461
482	461
497	461
498	461
511	461
143	462
144	462
146	462
148	462
150	462
160	462
161	462
163	462
165	462
168	462
169	462
255	462
268	462
269	462
282	462
283	462
297	462
298	462
312	462
325	462
339	462
354	462
368	462
381	462
382	462
411	462
424	462
440	462
453	462
454	462
468	462
481	462
482	462
497	462
498	462
511	462
144	463
146	463
148	463
150	463
151	463
152	463
161	463
165	463
168	463
169	463
255	463
268	463
269	463
282	463
283	463
297	463
298	463
312	463
325	463
326	463
339	463
354	463
355	463
368	463
381	463
382	463
411	463
424	463
440	463
453	463
454	463
468	463
481	463
482	463
497	463
498	463
511	463
512	463
144	464
146	464
148	464
150	464
156	464
157	464
158	464
161	464
164	464
165	464
168	464
169	464
170	464
171	464
172	464
173	464
255	464
268	464
269	464
282	464
283	464
297	464
298	464
312	464
325	464
326	464
339	464
354	464
355	464
368	464
381	464
382	464
411	464
424	464
440	464
453	464
454	464
468	464
481	464
482	464
497	464
498	464
511	464
512	464
144	465
146	465
147	465
148	465
150	465
151	465
152	465
161	465
163	465
164	465
165	465
168	465
169	465
255	465
268	465
269	465
282	465
283	465
297	465
298	465
312	465
325	465
339	465
354	465
355	465
368	465
381	465
382	465
411	465
424	465
440	465
453	465
454	465
468	465
481	465
482	465
497	465
498	465
511	465
512	465
144	466
147	466
150	466
151	466
152	466
161	466
163	466
164	466
165	466
168	466
169	466
255	466
256	466
268	466
269	466
282	466
283	466
297	466
298	466
312	466
325	466
339	466
354	466
355	466
368	466
381	466
382	466
411	466
424	466
440	466
453	466
454	466
468	466
481	466
482	466
497	466
498	466
511	466
512	466
168	467
169	467
255	467
256	467
268	467
269	467
282	467
283	467
297	467
298	467
312	467
325	467
339	467
354	467
355	467
368	467
381	467
382	467
411	467
424	467
440	467
454	467
468	467
469	467
481	467
482	467
497	467
498	467
511	467
512	467
168	468
169	468
170	468
171	468
255	468
256	468
268	468
269	468
282	468
283	468
297	468
298	468
312	468
325	468
339	468
354	468
355	468
368	468
381	468
382	468
411	468
424	468
440	468
454	468
468	468
469	468
481	468
482	468
497	468
498	468
511	468
512	468
168	469
169	469
255	469
256	469
268	469
269	469
282	469
283	469
297	469
298	469
312	469
325	469
339	469
354	469
355	469
368	469
381	469
382	469
411	469
424	469
440	469
454	469
468	469
469	469
481	469
482	469
497	469
498	469
511	469
512	469
168	470
255	470
256	470
269	470
282	470
283	470
297	470
298	470
312	470
325	470
339	470
354	470
355	470
368	470
381	470
382	470
411	470
424	470
440	470
454	470
468	470
469	470
481	470
482	470
497	470
498	470
511	470
512	470
168	471
255	471
268	471
269	471
282	471
297	471
312	471
325	471
339	471
354	471
355	471
368	471
381	471
382	471
411	471
424	471
440	471
454	471
468	471
469	471
481	471
482	471
497	471
498	471
511	471
512	471
168	472
255	472
268	472
269	472
281	472
282	472
283	472
284	472
297	472
312	472
325	472
339	472
354	472
368	472
381	472
410	472
411	472
424	472
440	472
453	472
454	472
468	472
481	472
482	472
497	472
498	472
511	472
512	472
168	473
255	473
268	473
269	473
280	473
281	473
282	473
283	473
284	473
285	473
297	473
312	473
325	473
339	473
354	473
368	473
381	473
410	473
411	473
424	473
440	473
453	473
454	473
468	473
481	473
497	473
511	473
168	474
255	474
268	474
269	474
280	474
281	474
282	474
283	474
284	474
285	474
297	474
312	474
325	474
339	474
354	474
368	474
381	474
410	474
411	474
424	474
440	474
453	474
454	474
468	474
481	474
496	474
497	474
498	474
499	474
510	474
511	474
512	474
513	474
168	475
255	475
267	475
268	475
269	475
270	475
280	475
281	475
282	475
283	475
284	475
285	475
297	475
312	475
325	475
339	475
354	475
368	475
381	475
410	475
411	475
424	475
439	475
440	475
441	475
453	475
454	475
468	475
481	475
495	475
496	475
497	475
498	475
499	475
500	475
509	475
510	475
511	475
512	475
513	475
514	475
168	476
255	476
266	476
267	476
268	476
269	476
270	476
271	476
281	476
282	476
283	476
284	476
297	476
312	476
325	476
339	476
354	476
368	476
381	476
410	476
411	476
412	476
424	476
438	476
439	476
440	476
441	476
442	476
453	476
454	476
468	476
481	476
495	476
496	476
497	476
498	476
499	476
500	476
509	476
510	476
511	476
512	476
513	476
514	476
168	477
255	477
266	477
267	477
268	477
269	477
270	477
271	477
282	477
283	477
297	477
312	477
325	477
339	477
354	477
368	477
381	477
382	477
409	477
410	477
411	477
412	477
413	477
424	477
438	477
439	477
440	477
441	477
442	477
443	477
453	477
454	477
468	477
481	477
495	477
496	477
497	477
498	477
499	477
500	477
509	477
510	477
511	477
512	477
513	477
514	477
168	478
255	478
266	478
267	478
268	478
269	478
270	478
271	478
282	478
297	478
312	478
325	478
339	478
353	478
354	478
355	478
368	478
380	478
381	478
382	478
383	478
408	478
409	478
410	478
411	478
412	478
413	478
424	478
438	478
439	478
440	478
441	478
442	478
443	478
453	478
454	478
468	478
469	478
481	478
496	478
497	478
498	478
499	478
510	478
511	478
512	478
513	478
168	479
255	479
267	479
268	479
269	479
270	479
282	479
297	479
312	479
325	479
339	479
352	479
353	479
354	479
355	479
356	479
368	479
379	479
380	479
381	479
382	479
383	479
384	479
396	479
397	479
398	479
399	479
409	479
410	479
411	479
412	479
413	479
424	479
439	479
440	479
441	479
442	479
452	479
453	479
454	479
455	479
467	479
468	479
469	479
470	479
481	479
482	479
497	479
498	479
511	479
512	479
168	480
255	480
268	480
269	480
282	480
297	480
312	480
325	480
339	480
352	480
353	480
354	480
355	480
356	480
357	480
367	480
368	480
369	480
379	480
380	480
381	480
382	480
383	480
384	480
395	480
396	480
397	480
398	480
399	480
409	480
410	480
411	480
412	480
424	480
440	480
441	480
452	480
453	480
454	480
455	480
456	480
466	480
467	480
468	480
469	480
470	480
471	480
481	480
482	480
497	480
498	480
511	480
168	481
169	481
255	481
268	481
269	481
282	481
297	481
298	481
311	481
312	481
313	481
314	481
325	481
339	481
352	481
353	481
354	481
355	481
356	481
357	481
366	481
367	481
368	481
369	481
370	481
380	481
381	481
382	481
383	481
384	481
395	481
396	481
397	481
398	481
399	481
411	481
423	481
424	481
425	481
426	481
440	481
452	481
453	481
454	481
455	481
456	481
466	481
467	481
468	481
469	481
470	481
471	481
481	481
482	481
497	481
498	481
511	481
168	482
169	482
170	482
171	482
255	482
268	482
269	482
282	482
283	482
296	482
297	482
298	482
299	482
310	482
311	482
312	482
313	482
314	482
325	482
339	482
353	482
354	482
355	482
356	482
366	482
367	482
368	482
369	482
370	482
371	482
381	482
382	482
383	482
395	482
396	482
397	482
398	482
399	482
411	482
422	482
423	482
424	482
425	482
426	482
440	482
452	482
453	482
454	482
455	482
456	482
467	482
468	482
469	482
470	482
471	482
481	482
482	482
497	482
498	482
511	482
168	483
255	483
268	483
269	483
282	483
283	483
295	483
296	483
298	483
299	483
300	483
310	483
311	483
312	483
313	483
314	483
315	483
325	483
339	483
354	483
355	483
366	483
367	483
368	483
369	483
370	483
371	483
381	483
396	483
397	483
398	483
399	483
410	483
411	483
422	483
423	483
424	483
425	483
426	483
427	483
440	483
453	483
454	483
455	483
468	483
469	483
470	483
481	483
482	483
497	483
498	483
511	483
168	484
255	484
268	484
269	484
282	484
283	484
295	484
296	484
297	484
298	484
299	484
300	484
310	484
311	484
312	484
313	484
314	484
325	484
338	484
339	484
340	484
341	484
354	484
366	484
367	484
368	484
369	484
370	484
381	484
382	484
411	484
422	484
423	484
424	484
425	484
426	484
440	484
454	484
468	484
481	484
482	484
483	484
497	484
498	484
511	484
168	485
169	485
255	485
268	485
269	485
282	485
283	485
296	485
297	485
298	485
299	485
311	485
312	485
313	485
314	485
325	485
326	485
337	485
338	485
339	485
340	485
341	485
354	485
368	485
369	485
381	485
382	485
411	485
423	485
424	485
425	485
426	485
440	485
453	485
454	485
468	485
480	485
481	485
482	485
483	485
484	485
497	485
498	485
511	485
168	486
169	486
255	486
268	486
269	486
282	486
283	486
297	486
298	486
312	486
324	486
325	486
326	486
327	486
337	486
338	486
339	486
340	486
341	486
342	486
354	486
368	486
381	486
382	486
397	486
398	486
411	486
424	486
440	486
453	486
454	486
468	486
479	486
480	486
481	486
482	486
483	486
484	486
497	486
498	486
511	486
168	487
169	487
255	487
268	487
269	487
282	487
283	487
297	487
312	487
323	487
324	487
325	487
326	487
327	487
328	487
337	487
338	487
339	487
340	487
341	487
342	487
354	487
368	487
381	487
382	487
397	487
398	487
410	487
411	487
424	487
440	487
453	487
454	487
468	487
479	487
480	487
481	487
482	487
483	487
484	487
497	487
498	487
511	487
168	488
169	488
255	488
268	488
269	488
282	488
283	488
297	488
298	488
312	488
323	488
324	488
325	488
326	488
327	488
328	488
338	488
339	488
340	488
341	488
354	488
368	488
381	488
382	488
397	488
398	488
411	488
424	488
440	488
453	488
454	488
468	488
480	488
481	488
482	488
483	488
497	488
498	488
511	488
168	489
169	489
255	489
256	489
268	489
269	489
282	489
283	489
297	489
298	489
312	489
324	489
325	489
326	489
327	489
339	489
354	489
368	489
381	489
382	489
397	489
398	489
411	489
424	489
440	489
453	489
454	489
468	489
481	489
482	489
497	489
498	489
511	489
168	490
169	490
254	490
255	490
256	490
257	490
268	490
269	490
282	490
283	490
297	490
298	490
312	490
325	490
326	490
339	490
354	490
368	490
381	490
382	490
397	490
398	490
411	490
424	490
440	490
453	490
454	490
468	490
481	490
482	490
497	490
498	490
511	490
168	491
169	491
253	491
254	491
255	491
256	491
257	491
258	491
268	491
269	491
282	491
283	491
297	491
298	491
312	491
325	491
339	491
354	491
368	491
381	491
382	491
411	491
424	491
440	491
454	491
468	491
469	491
481	491
482	491
497	491
498	491
511	491
512	491
168	492
169	492
253	492
254	492
255	492
256	492
257	492
258	492
268	492
269	492
282	492
283	492
297	492
298	492
312	492
325	492
339	492
354	492
368	492
381	492
382	492
411	492
424	492
440	492
453	492
454	492
468	492
469	492
481	492
482	492
497	492
498	492
511	492
512	492
168	493
169	493
253	493
254	493
255	493
256	493
257	493
258	493
268	493
269	493
282	493
283	493
297	493
298	493
312	493
325	493
339	493
354	493
368	493
381	493
382	493
411	493
424	493
440	493
453	493
454	493
468	493
469	493
481	493
482	493
497	493
498	493
511	493
512	493
168	494
169	494
254	494
255	494
256	494
257	494
268	494
269	494
282	494
283	494
297	494
298	494
312	494
325	494
339	494
354	494
368	494
381	494
382	494
411	494
424	494
440	494
454	494
468	494
469	494
481	494
482	494
497	494
498	494
511	494
512	494
168	495
169	495
170	495
171	495
255	495
256	495
268	495
269	495
282	495
283	495
297	495
298	495
312	495
325	495
339	495
354	495
368	495
381	495
382	495
411	495
424	495
440	495
454	495
468	495
469	495
481	495
482	495
497	495
498	495
511	495
512	495
168	496
169	496
255	496
268	496
269	496
282	496
283	496
297	496
298	496
312	496
325	496
339	496
354	496
368	496
381	496
382	496
411	496
424	496
440	496
454	496
468	496
469	496
481	496
482	496
497	496
498	496
511	496
512	496
168	497
169	497
255	497
256	497
268	497
269	497
282	497
283	497
297	497
298	497
312	497
325	497
339	497
354	497
368	497
381	497
382	497
411	497
424	497
440	497
454	497
468	497
469	497
481	497
482	497
497	497
498	497
511	497
512	497
168	498
169	498
255	498
256	498
268	498
269	498
282	498
283	498
297	498
298	498
312	498
325	498
339	498
354	498
368	498
381	498
382	498
411	498
424	498
440	498
454	498
468	498
469	498
481	498
482	498
497	498
498	498
511	498
512	498
168	499
169	499
255	499
256	499
269	499
282	499
283	499
297	499
298	499
312	499
325	499
339	499
354	499
368	499
381	499
382	499
411	499
424	499
440	499
454	499
468	499
469	499
481	499
482	499
497	499
498	499
511	499
512	499
168	500
169	500
255	500
256	500
268	500
269	500
282	500
283	500
297	500
298	500
312	500
325	500
339	500
354	500
368	500
381	500
382	500
411	500
424	500
440	500
454	500
468	500
469	500
481	500
482	500
497	500
498	500
511	500
512	500
168	501
169	501
255	501
256	501
269	501
282	501
283	501
297	501
298	501
312	501
325	501
339	501
354	501
368	501
381	501
382	501
411	501
424	501
440	501
454	501
468	501
469	501
481	501
482	501
497	501
498	501
511	501
512	501
168	502
169	502
255	502
256	502
269	502
282	502
283	502
297	502
298	502
312	502
325	502
339	502
354	502
368	502
381	502
382	502
411	502
424	502
440	502
454	502
468	502
469	502
481	502
482	502
497	502
498	502
511	502
512	502
168	503
169	503
255	503
256	503
269	503
282	503
283	503
297	503
298	503
312	503
325	503
326	503
339	503
354	503
368	503
381	503
382	503
411	503
424	503
440	503
454	503
468	503
469	503
481	503
482	503
497	503
498	503
511	503
512	503
168	504
169	504
255	504
256	504
269	504
282	504
283	504
297	504
298	504
312	504
325	504
326	504
339	504
354	504
368	504
381	504
382	504
411	504
424	504
440	504
454	504
468	504
469	504
481	504
482	504
497	504
498	504
511	504
512	504
143	505
144	505
147	505
148	505
150	505
151	505
152	505
161	505
164	505
165	505
168	505
169	505
255	505
256	505
269	505
282	505
283	505
297	505
298	505
312	505
325	505
326	505
339	505
354	505
368	505
381	505
382	505
411	505
424	505
440	505
454	505
468	505
469	505
481	505
482	505
497	505
498	505
511	505
512	505
110	506
111	506
112	506
113	506
114	506
143	506
144	506
146	506
147	506
148	506
150	506
161	506
163	506
165	506
166	506
168	506
169	506
255	506
256	506
269	506
282	506
283	506
297	506
298	506
312	506
325	506
326	506
339	506
354	506
368	506
381	506
382	506
411	506
424	506
440	506
441	506
454	506
468	506
469	506
481	506
482	506
497	506
498	506
511	506
512	506
110	507
111	507
112	507
113	507
114	507
144	507
146	507
149	507
150	507
151	507
152	507
161	507
165	507
169	507
255	507
256	507
269	507
282	507
283	507
297	507
298	507
312	507
325	507
326	507
339	507
354	507
368	507
381	507
382	507
411	507
424	507
440	507
454	507
468	507
469	507
481	507
482	507
498	507
511	507
512	507
110	508
144	508
146	508
149	508
150	508
156	508
157	508
158	508
161	508
165	508
166	508
169	508
170	508
171	508
172	508
173	508
174	508
255	508
256	508
269	508
283	508
297	508
298	508
312	508
325	508
326	508
339	508
354	508
368	508
381	508
382	508
411	508
424	508
440	508
454	508
468	508
469	508
481	508
482	508
497	508
498	508
511	508
512	508
110	509
112	509
114	509
144	509
146	509
147	509
148	509
150	509
151	509
152	509
161	509
163	509
164	509
165	509
166	509
169	509
255	509
256	509
269	509
282	509
283	509
297	509
298	509
312	509
325	509
326	509
339	509
354	509
368	509
381	509
382	509
411	509
424	509
440	509
441	509
454	509
468	509
469	509
481	509
482	509
498	509
511	509
512	509
110	510
111	510
112	510
114	510
144	510
147	510
148	510
151	510
152	510
161	510
164	510
169	510
255	510
256	510
269	510
283	510
297	510
298	510
312	510
325	510
326	510
339	510
354	510
355	510
368	510
381	510
382	510
411	510
424	510
440	510
441	510
454	510
468	510
469	510
481	510
482	510
498	510
511	510
512	510
110	511
111	511
112	511
113	511
114	511
169	511
255	511
256	511
269	511
282	511
283	511
297	511
298	511
312	511
325	511
326	511
339	511
354	511
355	511
368	511
381	511
382	511
411	511
424	511
440	511
441	511
454	511
468	511
469	511
482	511
498	511
511	511
512	511
169	512
170	512
171	512
255	512
256	512
269	512
282	512
283	512
297	512
298	512
312	512
325	512
326	512
339	512
354	512
355	512
368	512
381	512
382	512
411	512
424	512
440	512
441	512
454	512
468	512
469	512
482	512
498	512
511	512
512	512
109	513
110	513
112	513
113	513
114	513
168	513
255	513
256	513
268	513
269	513
282	513
283	513
297	513
298	513
312	513
325	513
326	513
339	513
354	513
355	513
368	513
381	513
382	513
411	513
424	513
440	513
441	513
454	513
468	513
469	513
482	513
498	513
511	513
512	513
109	514
110	514
111	514
112	514
114	514
168	514
169	514
255	514
268	514
269	514
282	514
283	514
297	514
298	514
312	514
325	514
339	514
354	514
368	514
381	514
382	514
411	514
424	514
440	514
441	514
453	514
454	514
468	514
469	514
482	514
498	514
511	514
512	514
110	515
111	515
114	515
168	515
169	515
255	515
268	515
269	515
282	515
283	515
297	515
298	515
312	515
325	515
339	515
354	515
368	515
381	515
382	515
411	515
424	515
440	515
453	515
454	515
468	515
481	515
482	515
497	515
498	515
511	515
168	516
169	516
255	516
268	516
269	516
282	516
283	516
297	516
298	516
312	516
325	516
339	516
354	516
368	516
381	516
382	516
411	516
424	516
440	516
453	516
454	516
468	516
481	516
482	516
497	516
498	516
511	516
110	517
112	517
168	517
169	517
255	517
268	517
269	517
282	517
283	517
297	517
298	517
312	517
325	517
339	517
354	517
368	517
381	517
382	517
411	517
424	517
440	517
454	517
468	517
481	517
482	517
497	517
498	517
511	517
110	518
111	518
112	518
113	518
114	518
168	518
169	518
255	518
268	518
269	518
282	518
283	518
297	518
298	518
312	518
325	518
339	518
354	518
368	518
381	518
382	518
411	518
424	518
440	518
454	518
468	518
481	518
482	518
497	518
498	518
511	518
168	519
169	519
255	519
268	519
269	519
282	519
283	519
297	519
298	519
312	519
325	519
339	519
354	519
368	519
381	519
382	519
411	519
424	519
440	519
454	519
468	519
481	519
482	519
497	519
498	519
511	519
110	520
112	520
168	520
169	520
255	520
268	520
269	520
282	520
283	520
297	520
298	520
312	520
325	520
339	520
354	520
368	520
381	520
382	520
411	520
424	520
440	520
454	520
468	520
481	520
482	520
497	520
498	520
511	520
110	521
112	521
168	521
169	521
255	521
268	521
269	521
282	521
283	521
297	521
298	521
312	521
325	521
339	521
354	521
368	521
381	521
382	521
411	521
424	521
440	521
454	521
468	521
481	521
482	521
497	521
498	521
511	521
110	522
111	522
112	522
113	522
114	522
168	522
169	522
255	522
256	522
268	522
269	522
282	522
283	522
297	522
298	522
312	522
325	522
339	522
354	522
368	522
381	522
382	522
411	522
424	522
440	522
454	522
468	522
481	522
482	522
497	522
498	522
511	522
168	523
169	523
255	523
256	523
268	523
269	523
282	523
283	523
297	523
298	523
312	523
325	523
339	523
354	523
368	523
381	523
382	523
411	523
424	523
440	523
454	523
468	523
481	523
482	523
497	523
498	523
511	523
111	524
112	524
113	524
168	524
169	524
255	524
256	524
268	524
269	524
282	524
283	524
297	524
298	524
312	524
325	524
339	524
354	524
368	524
381	524
382	524
411	524
424	524
440	524
454	524
468	524
481	524
482	524
497	524
498	524
511	524
110	525
113	525
114	525
168	525
169	525
170	525
171	525
255	525
256	525
268	525
269	525
282	525
283	525
297	525
298	525
312	525
325	525
339	525
354	525
368	525
381	525
382	525
411	525
424	525
440	525
454	525
468	525
481	525
482	525
497	525
498	525
511	525
109	526
110	526
114	526
168	526
169	526
255	526
256	526
268	526
269	526
282	526
283	526
297	526
298	526
312	526
325	526
339	526
354	526
368	526
381	526
382	526
411	526
424	526
440	526
454	526
468	526
481	526
482	526
497	526
498	526
511	526
512	526
110	527
114	527
168	527
169	527
255	527
256	527
268	527
269	527
282	527
283	527
297	527
298	527
312	527
325	527
339	527
354	527
368	527
381	527
382	527
411	527
424	527
440	527
454	527
468	527
481	527
482	527
497	527
498	527
511	527
512	527
110	528
111	528
112	528
113	528
114	528
168	528
169	528
255	528
256	528
268	528
269	528
282	528
283	528
297	528
298	528
312	528
325	528
339	528
354	528
368	528
381	528
382	528
411	528
424	528
440	528
454	528
468	528
481	528
482	528
497	528
498	528
511	528
512	528
168	529
169	529
255	529
256	529
269	529
282	529
283	529
297	529
298	529
312	529
325	529
339	529
354	529
368	529
381	529
382	529
411	529
424	529
440	529
454	529
468	529
469	529
481	529
482	529
497	529
498	529
511	529
512	529
168	530
169	530
255	530
256	530
269	530
282	530
283	530
297	530
298	530
312	530
325	530
339	530
354	530
368	530
381	530
382	530
411	530
424	530
440	530
454	530
468	530
469	530
481	530
482	530
497	530
498	530
511	530
512	530
168	531
169	531
255	531
256	531
269	531
282	531
283	531
297	531
298	531
312	531
325	531
326	531
339	531
354	531
368	531
381	531
382	531
411	531
424	531
440	531
454	531
468	531
469	531
481	531
482	531
497	531
498	531
511	531
512	531
110	532
168	532
169	532
255	532
256	532
269	532
282	532
283	532
297	532
298	532
312	532
325	532
326	532
339	532
354	532
368	532
381	532
382	532
411	532
424	532
440	532
441	532
454	532
468	532
469	532
481	532
482	532
498	532
511	532
512	532
110	533
111	533
168	533
169	533
255	533
256	533
269	533
282	533
283	533
297	533
298	533
312	533
325	533
326	533
339	533
354	533
368	533
381	533
382	533
411	533
424	533
440	533
454	533
468	533
469	533
481	533
482	533
497	533
498	533
511	533
512	533
111	534
112	534
113	534
114	534
168	534
169	534
255	534
256	534
269	534
283	534
297	534
298	534
312	534
325	534
326	534
339	534
354	534
368	534
381	534
382	534
411	534
424	534
440	534
454	534
468	534
469	534
481	534
482	534
497	534
498	534
511	534
512	534
111	535
112	535
168	535
169	535
255	535
256	535
269	535
283	535
297	535
298	535
312	535
325	535
326	535
339	535
354	535
355	535
368	535
381	535
382	535
411	535
424	535
440	535
441	535
454	535
468	535
469	535
481	535
482	535
498	535
511	535
512	535
110	536
164	536
168	536
169	536
255	536
256	536
269	536
283	536
297	536
298	536
312	536
325	536
326	536
339	536
354	536
355	536
368	536
381	536
382	536
411	536
424	536
440	536
441	536
454	536
468	536
469	536
482	536
498	536
511	536
512	536
110	537
114	537
164	537
168	537
169	537
255	537
256	537
269	537
283	537
297	537
298	537
312	537
325	537
326	537
339	537
354	537
355	537
368	537
381	537
382	537
411	537
424	537
440	537
441	537
454	537
468	537
469	537
482	537
498	537
511	537
512	537
110	538
114	538
163	538
164	538
165	538
168	538
169	538
170	538
171	538
255	538
256	538
269	538
283	538
297	538
298	538
312	538
325	538
326	538
339	538
354	538
355	538
368	538
381	538
382	538
411	538
424	538
440	538
441	538
454	538
468	538
469	538
482	538
498	538
511	538
512	538
110	539
114	539
164	539
168	539
169	539
255	539
256	539
269	539
283	539
297	539
298	539
312	539
325	539
326	539
339	539
354	539
355	539
368	539
381	539
382	539
411	539
424	539
440	539
441	539
454	539
468	539
469	539
482	539
498	539
511	539
512	539
110	540
111	540
113	540
114	540
168	540
169	540
255	540
256	540
269	540
283	540
297	540
298	540
312	540
325	540
326	540
339	540
354	540
355	540
368	540
381	540
382	540
411	540
424	540
440	540
441	540
454	540
468	540
469	540
482	540
498	540
511	540
512	540
111	541
112	541
113	541
168	541
169	541
255	541
256	541
269	541
283	541
298	541
312	541
325	541
326	541
339	541
354	541
355	541
368	541
381	541
382	541
411	541
424	541
440	541
441	541
454	541
468	541
469	541
482	541
498	541
511	541
512	541
110	542
111	542
112	542
113	542
114	542
168	542
169	542
255	542
256	542
269	542
283	542
298	542
312	542
325	542
326	542
339	542
354	542
355	542
368	542
381	542
382	542
411	542
424	542
440	542
441	542
454	542
468	542
469	542
482	542
498	542
511	542
512	542
113	543
114	543
168	543
169	543
255	543
256	543
269	543
283	543
298	543
312	543
313	543
325	543
326	543
339	543
354	543
355	543
368	543
382	543
411	543
424	543
440	543
441	543
454	543
468	543
469	543
482	543
498	543
511	543
512	543
112	544
168	544
169	544
255	544
256	544
269	544
283	544
298	544
312	544
313	544
325	544
326	544
339	544
354	544
355	544
368	544
382	544
411	544
424	544
440	544
441	544
454	544
468	544
469	544
482	544
498	544
511	544
512	544
111	545
168	545
169	545
255	545
256	545
269	545
283	545
298	545
312	545
313	545
325	545
326	545
339	545
354	545
355	545
368	545
382	545
411	545
424	545
440	545
441	545
454	545
468	545
469	545
482	545
498	545
511	545
512	545
110	546
111	546
112	546
113	546
114	546
168	546
169	546
255	546
256	546
269	546
283	546
298	546
312	546
313	546
325	546
326	546
339	546
354	546
355	546
368	546
382	546
411	546
424	546
425	546
440	546
441	546
454	546
468	546
469	546
482	546
498	546
511	546
512	546
168	547
169	547
255	547
256	547
269	547
283	547
298	547
312	547
313	547
325	547
326	547
339	547
354	547
355	547
368	547
382	547
411	547
424	547
425	547
440	547
441	547
454	547
468	547
469	547
482	547
498	547
511	547
512	547
110	548
114	548
154	548
155	548
158	548
164	548
168	548
169	548
255	548
256	548
269	548
283	548
298	548
312	548
313	548
325	548
326	548
339	548
354	548
355	548
368	548
382	548
411	548
424	548
425	548
440	548
441	548
454	548
469	548
482	548
498	548
511	548
512	548
110	549
112	549
114	549
121	549
122	549
125	549
126	549
127	549
128	549
129	549
131	549
132	549
133	549
136	549
138	549
141	549
143	549
144	549
146	549
147	549
150	549
151	549
153	549
154	549
155	549
156	549
158	549
163	549
164	549
165	549
168	549
169	549
256	549
269	549
283	549
298	549
312	549
313	549
325	549
326	549
339	549
354	549
355	549
368	549
382	549
411	549
424	549
425	549
440	549
441	549
454	549
464	549
465	549
466	549
468	549
469	549
481	549
482	549
485	549
486	549
487	549
488	549
489	549
490	549
491	549
492	549
493	549
494	549
495	549
496	549
497	549
498	549
499	549
500	549
501	549
502	549
503	549
504	549
505	549
506	549
507	549
508	549
509	549
510	549
511	549
512	549
513	549
514	549
515	549
110	550
111	550
112	550
113	550
114	550
121	550
122	550
125	550
127	550
128	550
130	550
131	550
136	550
138	550
141	550
142	550
143	550
147	550
148	550
151	550
152	550
156	550
158	550
159	550
163	550
165	550
166	550
168	550
169	550
252	550
253	550
255	550
256	550
269	550
282	550
283	550
285	550
286	550
287	550
288	550
289	550
290	550
291	550
292	550
293	550
294	550
295	550
296	550
297	550
298	550
312	550
313	550
315	550
316	550
317	550
318	550
319	550
320	550
321	550
322	550
323	550
324	550
325	550
326	550
327	550
328	550
329	550
330	550
331	550
332	550
333	550
334	550
335	550
336	550
337	550
338	550
339	550
340	550
341	550
342	550
343	550
344	550
345	550
346	550
347	550
348	550
349	550
350	550
351	550
352	550
353	550
354	550
355	550
356	550
357	550
358	550
359	550
360	550
361	550
362	550
363	550
364	550
365	550
366	550
367	550
368	550
369	550
370	550
371	550
372	550
373	550
374	550
375	550
376	550
377	550
378	550
379	550
380	550
381	550
382	550
383	550
384	550
385	550
386	550
387	550
388	550
389	550
390	550
391	550
392	550
393	550
394	550
395	550
396	550
397	550
398	550
399	550
400	550
401	550
402	550
403	550
404	550
405	550
406	550
407	550
408	550
409	550
410	550
411	550
412	550
413	550
414	550
415	550
416	550
417	550
418	550
419	550
420	550
421	550
422	550
423	550
424	550
425	550
426	550
427	550
428	550
429	550
430	550
431	550
432	550
433	550
434	550
435	550
436	550
437	550
438	550
439	550
440	550
441	550
442	550
443	550
444	550
445	550
446	550
447	550
448	550
449	550
450	550
451	550
452	550
453	550
454	550
455	550
456	550
457	550
458	550
459	550
460	550
461	550
462	550
463	550
464	550
465	550
466	550
467	550
468	550
469	550
470	550
471	550
472	550
473	550
474	550
475	550
476	550
477	550
478	550
479	550
480	550
481	550
482	550
483	550
484	550
485	550
486	550
487	550
488	550
489	550
490	550
491	550
492	550
493	550
494	550
495	550
496	550
497	550
498	550
499	550
500	550
501	550
502	550
503	550
504	550
505	550
506	550
507	550
508	550
509	550
511	550
512	550
513	550
514	550
515	550
121	551
122	551
125	551
127	551
128	551
130	551
135	551
138	551
141	551
143	551
144	551
147	551
149	551
150	551
151	551
152	551
156	551
157	551
159	551
163	551
165	551
166	551
169	551
170	551
171	551
172	551
173	551
174	551
175	551
176	551
177	551
178	551
179	551
180	551
181	551
182	551
183	551
184	551
185	551
186	551
187	551
188	551
189	551
190	551
191	551
192	551
193	551
194	551
195	551
196	551
197	551
198	551
199	551
200	551
201	551
202	551
203	551
204	551
205	551
206	551
207	551
208	551
209	551
210	551
211	551
212	551
213	551
214	551
215	551
216	551
217	551
218	551
219	551
220	551
221	551
222	551
223	551
224	551
225	551
226	551
227	551
228	551
229	551
230	551
231	551
232	551
233	551
234	551
235	551
236	551
237	551
238	551
239	551
240	551
241	551
242	551
243	551
244	551
245	551
246	551
247	551
248	551
249	551
250	551
251	551
252	551
253	551
254	551
255	551
256	551
257	551
258	551
259	551
260	551
261	551
262	551
263	551
264	551
265	551
266	551
267	551
268	551
269	551
270	551
271	551
272	551
273	551
274	551
275	551
276	551
277	551
278	551
279	551
280	551
281	551
282	551
283	551
284	551
285	551
286	551
287	551
288	551
289	551
290	551
291	551
292	551
293	551
294	551
295	551
296	551
297	551
298	551
299	551
300	551
301	551
302	551
303	551
304	551
305	551
306	551
307	551
308	551
309	551
310	551
311	551
312	551
313	551
314	551
315	551
316	551
317	551
318	551
319	551
320	551
321	551
322	551
323	551
324	551
325	551
326	551
327	551
328	551
329	551
330	551
331	551
332	551
333	551
334	551
335	551
339	551
340	551
342	551
343	551
344	551
345	551
346	551
347	551
348	551
349	551
350	551
351	551
352	551
354	551
355	551
368	551
369	551
382	551
411	551
424	551
425	551
440	551
441	551
454	551
469	551
482	551
498	551
512	551
110	552
111	552
112	552
113	552
114	552
121	552
122	552
124	552
125	552
127	552
128	552
130	552
131	552
135	552
138	552
141	552
144	552
146	552
147	552
150	552
151	552
152	552
153	552
156	552
159	552
163	552
165	552
169	552
256	552
269	552
283	552
298	552
312	552
313	552
326	552
339	552
354	552
355	552
368	552
382	552
411	552
424	552
425	552
441	552
454	552
469	552
482	552
498	552
511	552
512	552
114	553
122	553
123	553
124	553
127	553
128	553
131	553
132	553
133	553
134	553
136	553
138	553
139	553
140	553
143	553
144	553
146	553
147	553
150	553
153	553
154	553
155	553
158	553
159	553
164	553
165	553
169	553
256	553
269	553
283	553
298	553
312	553
313	553
325	553
326	553
339	553
340	553
354	553
355	553
368	553
369	553
382	553
411	553
424	553
425	553
440	553
441	553
454	553
469	553
482	553
498	553
511	553
512	553
114	554
136	554
158	554
169	554
256	554
269	554
283	554
298	554
312	554
313	554
325	554
326	554
339	554
340	554
354	554
355	554
368	554
369	554
382	554
411	554
424	554
425	554
440	554
441	554
454	554
469	554
482	554
498	554
511	554
512	554
110	555
111	555
112	555
113	555
114	555
168	555
169	555
256	555
269	555
283	555
298	555
312	555
313	555
325	555
326	555
339	555
340	555
354	555
355	555
368	555
369	555
382	555
411	555
424	555
425	555
441	555
454	555
469	555
482	555
498	555
511	555
512	555
168	556
169	556
255	556
256	556
269	556
282	556
283	556
297	556
298	556
312	556
313	556
325	556
326	556
339	556
340	556
354	556
355	556
368	556
369	556
382	556
411	556
424	556
425	556
441	556
454	556
469	556
482	556
498	556
511	556
512	556
110	557
111	557
112	557
113	557
114	557
168	557
169	557
255	557
256	557
269	557
282	557
283	557
297	557
298	557
312	557
325	557
326	557
339	557
354	557
368	557
381	557
382	557
411	557
424	557
440	557
441	557
454	557
468	557
469	557
481	557
482	557
498	557
511	557
512	557
109	558
110	558
113	558
114	558
168	558
169	558
255	558
256	558
269	558
282	558
283	558
297	558
298	558
312	558
325	558
326	558
339	558
354	558
368	558
381	558
382	558
411	558
424	558
440	558
441	558
454	558
468	558
469	558
481	558
482	558
497	558
498	558
511	558
109	559
114	559
168	559
169	559
255	559
256	559
269	559
282	559
283	559
297	559
298	559
312	559
325	559
326	559
339	559
354	559
368	559
381	559
382	559
411	559
424	559
440	559
441	559
454	559
468	559
469	559
481	559
482	559
497	559
498	559
511	559
512	559
109	560
113	560
114	560
168	560
169	560
255	560
256	560
269	560
282	560
283	560
297	560
298	560
312	560
325	560
326	560
339	560
354	560
368	560
381	560
382	560
411	560
424	560
440	560
441	560
454	560
468	560
469	560
481	560
482	560
497	560
498	560
511	560
512	560
110	561
111	561
112	561
113	561
168	561
169	561
255	561
256	561
269	561
282	561
283	561
297	561
298	561
312	561
325	561
326	561
339	561
354	561
368	561
381	561
382	561
411	561
424	561
440	561
441	561
454	561
468	561
469	561
481	561
482	561
497	561
498	561
511	561
168	562
169	562
255	562
256	562
269	562
283	562
297	562
298	562
312	562
325	562
326	562
339	562
354	562
355	562
368	562
381	562
382	562
411	562
424	562
440	562
441	562
454	562
468	562
469	562
481	562
482	562
497	562
498	562
511	562
114	563
168	563
169	563
255	563
256	563
269	563
283	563
297	563
298	563
312	563
325	563
326	563
339	563
354	563
368	563
381	563
382	563
411	563
424	563
440	563
441	563
454	563
468	563
469	563
481	563
482	563
497	563
498	563
511	563
110	564
112	564
114	564
163	564
164	564
165	564
168	564
169	564
171	564
255	564
256	564
269	564
283	564
297	564
298	564
312	564
325	564
326	564
339	564
354	564
355	564
368	564
382	564
411	564
424	564
440	564
441	564
454	564
468	564
469	564
482	564
497	564
498	564
511	564
110	565
111	565
112	565
113	565
114	565
164	565
165	565
168	565
169	565
170	565
171	565
255	565
256	565
269	565
283	565
298	565
312	565
325	565
326	565
339	565
354	565
355	565
368	565
382	565
411	565
424	565
440	565
441	565
454	565
468	565
469	565
482	565
497	565
498	565
511	565
512	565
110	566
111	566
114	566
168	566
169	566
255	566
256	566
269	566
283	566
298	566
312	566
325	566
326	566
339	566
354	566
355	566
368	566
382	566
411	566
424	566
425	566
440	566
441	566
454	566
468	566
469	566
482	566
497	566
498	566
511	566
110	567
112	567
113	567
168	567
169	567
255	567
256	567
269	567
283	567
298	567
312	567
325	567
326	567
339	567
354	567
355	567
368	567
382	567
411	567
424	567
440	567
441	567
454	567
468	567
469	567
482	567
498	567
511	567
110	568
111	568
112	568
113	568
114	568
168	568
169	568
255	568
256	568
269	568
283	568
298	568
312	568
325	568
326	568
339	568
354	568
355	568
368	568
382	568
411	568
424	568
425	568
440	568
441	568
454	568
468	568
469	568
482	568
497	568
498	568
511	568
168	569
169	569
256	569
269	569
283	569
298	569
312	569
325	569
326	569
339	569
354	569
355	569
368	569
382	569
411	569
424	569
425	569
440	569
441	569
454	569
468	569
469	569
482	569
497	569
498	569
511	569
110	570
112	570
168	570
169	570
256	570
269	570
283	570
298	570
312	570
313	570
325	570
326	570
339	570
354	570
355	570
368	570
382	570
411	570
424	570
425	570
440	570
441	570
454	570
468	570
469	570
482	570
497	570
498	570
511	570
512	570
110	571
111	571
112	571
168	571
169	571
256	571
269	571
283	571
298	571
312	571
313	571
325	571
326	571
339	571
354	571
355	571
368	571
382	571
411	571
424	571
425	571
440	571
441	571
454	571
468	571
469	571
482	571
498	571
511	571
512	571
110	572
111	572
112	572
113	572
114	572
168	572
169	572
256	572
269	572
283	572
298	572
312	572
313	572
325	572
326	572
339	572
354	572
355	572
368	572
382	572
411	572
424	572
425	572
440	572
441	572
454	572
468	572
469	572
482	572
498	572
511	572
512	572
168	573
169	573
256	573
269	573
283	573
298	573
312	573
313	573
325	573
326	573
339	573
354	573
355	573
368	573
369	573
382	573
411	573
424	573
425	573
440	573
441	573
454	573
468	573
469	573
482	573
498	573
511	573
512	573
168	574
169	574
256	574
269	574
283	574
298	574
312	574
313	574
325	574
326	574
339	574
354	574
355	574
368	574
382	574
411	574
424	574
425	574
440	574
441	574
454	574
468	574
469	574
482	574
498	574
511	574
512	574
168	575
169	575
256	575
269	575
283	575
298	575
312	575
313	575
325	575
326	575
339	575
354	575
355	575
368	575
369	575
382	575
411	575
424	575
425	575
440	575
441	575
454	575
468	575
469	575
482	575
498	575
511	575
512	575
168	576
169	576
256	576
269	576
283	576
298	576
312	576
313	576
325	576
326	576
339	576
354	576
355	576
368	576
369	576
382	576
411	576
424	576
425	576
441	576
454	576
468	576
469	576
482	576
498	576
511	576
512	576
114	577
168	577
169	577
170	577
171	577
256	577
269	577
283	577
298	577
312	577
313	577
325	577
326	577
339	577
354	577
355	577
368	577
369	577
382	577
411	577
424	577
425	577
441	577
454	577
468	577
469	577
482	577
498	577
511	577
512	577
114	578
115	578
169	578
170	578
171	578
256	578
269	578
283	578
298	578
312	578
313	578
325	578
326	578
339	578
340	578
354	578
355	578
368	578
369	578
382	578
411	578
424	578
425	578
440	578
441	578
454	578
468	578
469	578
482	578
498	578
511	578
512	578
169	579
256	579
269	579
283	579
298	579
312	579
313	579
325	579
326	579
339	579
340	579
354	579
355	579
368	579
369	579
382	579
411	579
424	579
425	579
441	579
454	579
468	579
469	579
482	579
498	579
511	579
512	579
110	580
112	580
169	580
256	580
269	580
283	580
298	580
312	580
313	580
325	580
326	580
339	580
340	580
354	580
355	580
368	580
369	580
382	580
411	580
424	580
425	580
441	580
454	580
468	580
469	580
482	580
498	580
511	580
512	580
110	581
112	581
168	581
169	581
256	581
269	581
283	581
298	581
312	581
313	581
326	581
339	581
340	581
354	581
355	581
368	581
369	581
382	581
411	581
424	581
425	581
441	581
454	581
468	581
469	581
482	581
498	581
511	581
512	581
110	582
111	582
112	582
113	582
114	582
169	582
256	582
269	582
283	582
298	582
312	582
313	582
326	582
339	582
340	582
354	582
355	582
368	582
369	582
382	582
411	582
424	582
425	582
441	582
454	582
468	582
469	582
482	582
498	582
511	582
512	582
169	583
256	583
269	583
283	583
298	583
312	583
313	583
326	583
339	583
340	583
354	583
355	583
368	583
369	583
382	583
411	583
424	583
425	583
441	583
454	583
469	583
482	583
498	583
511	583
512	583
110	584
169	584
256	584
269	584
283	584
298	584
312	584
313	584
326	584
339	584
340	584
354	584
355	584
368	584
369	584
382	584
411	584
424	584
425	584
441	584
454	584
469	584
482	584
498	584
511	584
512	584
111	585
112	585
169	585
256	585
269	585
283	585
298	585
312	585
313	585
326	585
339	585
340	585
352	585
353	585
354	585
355	585
356	585
357	585
368	585
369	585
382	585
411	585
424	585
425	585
441	585
454	585
469	585
482	585
498	585
511	585
512	585
112	586
113	586
169	586
256	586
269	586
283	586
298	586
312	586
313	586
326	586
339	586
340	586
368	586
369	586
382	586
411	586
424	586
425	586
441	586
454	586
469	586
482	586
498	586
511	586
512	586
114	587
115	587
169	587
256	587
269	587
283	587
298	587
312	587
313	587
326	587
339	587
340	587
368	587
369	587
382	587
411	587
424	587
425	587
441	587
454	587
469	587
482	587
498	587
511	587
512	587
110	588
169	588
256	588
269	588
283	588
298	588
312	588
313	588
326	588
339	588
340	588
368	588
369	588
382	588
411	588
424	588
425	588
441	588
454	588
469	588
482	588
498	588
511	588
512	588
110	589
111	589
112	589
113	589
114	589
169	589
256	589
269	589
283	589
298	589
312	589
313	589
326	589
339	589
340	589
368	589
369	589
382	589
411	589
425	589
441	589
454	589
469	589
482	589
498	589
511	589
512	589
112	590
169	590
256	590
269	590
283	590
298	590
312	590
313	590
326	590
339	590
340	590
368	590
369	590
382	590
411	590
425	590
441	590
454	590
469	590
482	590
498	590
511	590
512	590
113	591
114	591
169	591
170	591
171	591
256	591
269	591
283	591
298	591
312	591
313	591
326	591
339	591
340	591
368	591
369	591
382	591
411	591
425	591
441	591
454	591
469	591
482	591
498	591
511	591
512	591
111	592
112	592
113	592
114	592
144	592
147	592
150	592
151	592
152	592
160	592
161	592
164	592
165	592
169	592
256	592
269	592
283	592
298	592
312	592
313	592
326	592
339	592
340	592
368	592
369	592
382	592
411	592
425	592
441	592
454	592
469	592
482	592
498	592
511	592
512	592
110	593
111	593
114	593
144	593
146	593
147	593
148	593
150	593
161	593
164	593
165	593
166	593
169	593
256	593
269	593
283	593
298	593
312	593
313	593
326	593
339	593
340	593
368	593
369	593
382	593
411	593
425	593
441	593
454	593
469	593
482	593
498	593
511	593
512	593
110	594
111	594
112	594
114	594
144	594
146	594
148	594
150	594
151	594
152	594
161	594
165	594
166	594
169	594
170	594
171	594
172	594
173	594
174	594
256	594
269	594
283	594
298	594
312	594
313	594
326	594
339	594
340	594
368	594
369	594
382	594
411	594
425	594
441	594
454	594
469	594
482	594
498	594
511	594
512	594
112	595
113	595
114	595
139	595
140	595
141	595
144	595
146	595
148	595
149	595
150	595
156	595
157	595
158	595
161	595
165	595
166	595
169	595
173	595
174	595
256	595
269	595
283	595
298	595
312	595
313	595
326	595
339	595
340	595
368	595
369	595
382	595
411	595
425	595
441	595
454	595
469	595
482	595
498	595
511	595
512	595
144	596
146	596
148	596
150	596
161	596
163	596
164	596
165	596
166	596
169	596
256	596
269	596
283	596
298	596
312	596
313	596
326	596
339	596
340	596
369	596
382	596
411	596
425	596
441	596
454	596
469	596
482	596
498	596
511	596
512	596
144	597
147	597
148	597
150	597
151	597
152	597
161	597
164	597
165	597
169	597
256	597
269	597
283	597
298	597
312	597
313	597
326	597
339	597
340	597
369	597
382	597
411	597
425	597
441	597
454	597
469	597
482	597
498	597
511	597
512	597
168	598
169	598
256	598
269	598
283	598
298	598
312	598
313	598
326	598
339	598
340	598
369	598
382	598
411	598
425	598
441	598
454	598
469	598
482	598
498	598
511	598
512	598
168	599
169	599
256	599
269	599
283	599
298	599
312	599
313	599
325	599
326	599
339	599
340	599
368	599
369	599
382	599
411	599
425	599
441	599
454	599
469	599
482	599
498	599
511	599
512	599
168	600
169	600
256	600
269	600
283	600
298	600
312	600
313	600
325	600
326	600
339	600
368	600
369	600
382	600
411	600
424	600
425	600
440	600
441	600
454	600
468	600
469	600
482	600
498	600
511	600
512	600
168	601
169	601
256	601
269	601
283	601
298	601
312	601
313	601
325	601
326	601
339	601
368	601
369	601
382	601
411	601
424	601
425	601
440	601
441	601
454	601
468	601
469	601
482	601
498	601
511	601
168	602
169	602
256	602
269	602
283	602
298	602
312	602
313	602
325	602
326	602
339	602
368	602
369	602
382	602
411	602
424	602
425	602
440	602
441	602
454	602
468	602
469	602
482	602
498	602
511	602
512	602
168	603
169	603
256	603
267	603
268	603
269	603
270	603
271	603
283	603
298	603
312	603
313	603
325	603
326	603
339	603
340	603
368	603
369	603
382	603
411	603
424	603
425	603
440	603
441	603
454	603
468	603
469	603
482	603
498	603
511	603
512	603
168	604
169	604
256	604
283	604
298	604
312	604
313	604
325	604
326	604
339	604
340	604
368	604
369	604
382	604
411	604
424	604
425	604
441	604
454	604
468	604
469	604
482	604
498	604
511	604
512	604
168	605
169	605
256	605
283	605
298	605
312	605
313	605
325	605
326	605
339	605
340	605
368	605
369	605
382	605
411	605
424	605
425	605
441	605
454	605
468	605
469	605
482	605
498	605
511	605
512	605
169	606
256	606
283	606
298	606
312	606
313	606
325	606
326	606
339	606
340	606
368	606
369	606
382	606
411	606
424	606
425	606
441	606
454	606
468	606
469	606
482	606
498	606
511	606
512	606
169	607
256	607
283	607
298	607
312	607
313	607
326	607
339	607
340	607
368	607
369	607
382	607
411	607
424	607
425	607
441	607
454	607
468	607
469	607
482	607
498	607
511	607
512	607
169	608
170	608
171	608
256	608
283	608
298	608
312	608
313	608
326	608
339	608
340	608
368	608
369	608
382	608
411	608
424	608
425	608
441	608
454	608
468	608
469	608
482	608
498	608
511	608
512	608
169	609
256	609
283	609
298	609
312	609
313	609
325	609
326	609
339	609
340	609
368	609
369	609
382	609
411	609
424	609
425	609
441	609
454	609
468	609
469	609
482	609
498	609
511	609
512	609
169	610
256	610
283	610
298	610
312	610
313	610
326	610
339	610
340	610
368	610
369	610
382	610
411	610
424	610
425	610
441	610
454	610
468	610
469	610
482	610
498	610
511	610
512	610
169	611
256	611
283	611
298	611
312	611
313	611
326	611
339	611
340	611
368	611
369	611
382	611
411	611
424	611
425	611
441	611
454	611
469	611
482	611
498	611
511	611
512	611
169	612
256	612
283	612
298	612
312	612
313	612
326	612
339	612
340	612
368	612
369	612
382	612
411	612
424	612
425	612
441	612
454	612
469	612
482	612
498	612
511	612
512	612
169	613
256	613
283	613
298	613
312	613
313	613
326	613
339	613
340	613
368	613
369	613
382	613
411	613
424	613
425	613
441	613
454	613
469	613
482	613
498	613
511	613
512	613
169	614
256	614
283	614
298	614
312	614
313	614
326	614
339	614
340	614
368	614
369	614
382	614
411	614
424	614
425	614
441	614
454	614
469	614
482	614
498	614
511	614
512	614
169	615
256	615
283	615
298	615
312	615
313	615
326	615
339	615
340	615
368	615
369	615
382	615
411	615
424	615
425	615
441	615
454	615
469	615
482	615
498	615
511	615
512	615
169	616
256	616
283	616
298	616
312	616
313	616
326	616
339	616
340	616
368	616
369	616
382	616
411	616
424	616
425	616
441	616
454	616
469	616
482	616
498	616
511	616
512	616
169	617
256	617
283	617
298	617
312	617
313	617
326	617
339	617
340	617
368	617
369	617
382	617
411	617
424	617
425	617
441	617
454	617
469	617
482	617
498	617
511	617
512	617
169	618
256	618
283	618
298	618
312	618
313	618
326	618
339	618
340	618
368	618
369	618
382	618
411	618
425	618
441	618
454	618
469	618
482	618
498	618
511	618
512	618
169	619
256	619
283	619
298	619
312	619
313	619
326	619
339	619
340	619
368	619
369	619
382	619
411	619
425	619
441	619
454	619
469	619
482	619
498	619
511	619
512	619
169	620
256	620
283	620
298	620
312	620
313	620
326	620
339	620
340	620
368	620
369	620
382	620
411	620
425	620
441	620
454	620
469	620
482	620
498	620
511	620
512	620
169	621
170	621
171	621
256	621
283	621
298	621
312	621
313	621
326	621
339	621
340	621
368	621
369	621
382	621
411	621
425	621
441	621
454	621
469	621
482	621
498	621
511	621
512	621
169	622
256	622
283	622
298	622
312	622
313	622
326	622
339	622
340	622
369	622
382	622
411	622
425	622
441	622
454	622
469	622
482	622
498	622
511	622
512	622
169	623
256	623
283	623
298	623
312	623
313	623
326	623
339	623
340	623
369	623
382	623
411	623
425	623
441	623
454	623
469	623
482	623
498	623
511	623
512	623
169	624
256	624
283	624
298	624
312	624
313	624
326	624
339	624
340	624
369	624
382	624
411	624
425	624
441	624
452	624
453	624
454	624
455	624
456	624
457	624
469	624
482	624
498	624
511	624
512	624
169	625
256	625
283	625
298	625
312	625
313	625
326	625
339	625
340	625
369	625
382	625
411	625
425	625
441	625
469	625
482	625
498	625
511	625
512	625
169	626
256	626
283	626
298	626
312	626
313	626
326	626
339	626
340	626
369	626
382	626
411	626
425	626
441	626
469	626
482	626
498	626
511	626
512	626
169	627
256	627
283	627
298	627
312	627
313	627
326	627
339	627
340	627
369	627
382	627
411	627
425	627
441	627
469	627
480	627
481	627
482	627
483	627
484	627
498	627
511	627
512	627
169	628
256	628
283	628
298	628
313	628
326	628
339	628
340	628
369	628
382	628
411	628
425	628
441	628
469	628
480	628
481	628
482	628
483	628
484	628
498	628
511	628
512	628
169	629
256	629
283	629
298	629
313	629
326	629
339	629
340	629
366	629
367	629
368	629
369	629
370	629
371	629
380	629
381	629
382	629
383	629
384	629
385	629
411	629
425	629
441	629
469	629
498	629
512	629
169	630
256	630
283	630
298	630
313	630
326	630
339	630
340	630
384	630
411	630
425	630
441	630
469	630
498	630
512	630
169	631
256	631
281	631
282	631
283	631
284	631
285	631
298	631
313	631
326	631
339	631
340	631
411	631
412	631
425	631
441	631
469	631
498	631
512	631
169	632
256	632
281	632
282	632
283	632
284	632
285	632
298	632
313	632
326	632
339	632
340	632
411	632
425	632
441	632
469	632
498	632
512	632
169	633
170	633
171	633
172	633
256	633
298	633
313	633
326	633
340	633
410	633
411	633
412	633
413	633
414	633
425	633
441	633
469	633
498	633
512	633
144	634
148	634
151	634
152	634
161	634
164	634
165	634
169	634
224	634
232	634
236	634
237	634
238	634
256	634
298	634
313	634
326	634
340	634
409	634
410	634
411	634
412	634
413	634
414	634
425	634
441	634
469	634
498	634
512	634
144	635
147	635
148	635
149	635
150	635
151	635
161	635
162	635
164	635
165	635
166	635
169	635
179	635
180	635
181	635
183	635
184	635
186	635
187	635
188	635
190	635
191	635
192	635
193	635
209	635
212	635
213	635
214	635
215	635
216	635
218	635
219	635
220	635
221	635
224	635
226	635
227	635
230	635
232	635
233	635
235	635
236	635
239	635
254	635
255	635
256	635
257	635
258	635
259	635
298	635
313	635
326	635
340	635
425	635
441	635
469	635
498	635
512	635
144	636
146	636
149	636
151	636
152	636
161	636
162	636
165	636
166	636
169	636
179	636
183	636
185	636
186	636
187	636
190	636
202	636
204	636
205	636
209	636
210	636
212	636
213	636
215	636
216	636
218	636
223	636
226	636
227	636
228	636
230	636
232	636
233	636
235	636
236	636
239	636
298	636
313	636
326	636
340	636
425	636
439	636
440	636
441	636
442	636
443	636
469	636
498	636
512	636
140	637
141	637
142	637
144	637
146	637
149	637
151	637
156	637
157	637
158	637
159	637
161	637
162	637
165	637
169	637
170	637
171	637
172	637
173	637
174	637
180	637
183	637
184	637
187	637
188	637
190	637
197	637
198	637
199	637
200	637
201	637
202	637
204	637
205	637
209	637
210	637
212	637
213	637
215	637
216	637
218	637
223	637
226	637
228	637
229	637
230	637
232	637
233	637
234	637
237	637
239	637
298	637
313	637
326	637
340	637
423	637
424	637
425	637
467	637
468	637
469	637
470	637
471	637
498	637
512	637
144	638
147	638
148	638
149	638
151	638
152	638
161	638
162	638
164	638
165	638
169	638
181	638
183	638
186	638
187	638
190	638
197	638
198	638
199	638
200	638
202	638
205	638
209	638
210	638
212	638
215	638
216	638
218	638
219	638
221	638
223	638
226	638
229	638
230	638
232	638
233	638
234	638
235	638
236	638
237	638
239	638
298	638
313	638
326	638
340	638
423	638
424	638
425	638
426	638
427	638
496	638
497	638
498	638
499	638
500	638
510	638
511	638
512	638
144	639
148	639
169	639
179	639
180	639
183	639
187	639
188	639
191	639
192	639
193	639
202	639
211	639
215	639
219	639
220	639
221	639
224	639
226	639
232	639
236	639
239	639
298	639
313	639
326	639
340	639
500	639
510	639
511	639
512	639
513	639
514	639
169	640
224	640
298	640
312	640
313	640
315	640
326	640
340	640
367	640
373	640
377	640
378	640
407	640
413	640
414	640
415	640
416	640
417	640
421	640
422	640
423	640
424	640
425	640
426	640
435	640
439	640
440	640
441	640
442	640
443	640
444	640
445	640
450	640
451	640
452	640
453	640
454	640
455	640
456	640
460	640
461	640
462	640
463	640
464	640
465	640
466	640
470	640
471	640
472	640
473	640
474	640
475	640
478	640
479	640
480	640
481	640
482	640
483	640
487	640
488	640
489	640
490	640
491	640
492	640
495	640
496	640
497	640
498	640
499	640
500	640
505	640
506	640
507	640
508	640
509	640
511	640
512	640
513	640
514	640
515	640
516	640
169	641
171	641
172	641
173	641
174	641
175	641
176	641
177	641
180	641
181	641
182	641
183	641
184	641
185	641
186	641
187	641
191	641
192	641
193	641
194	641
195	641
196	641
197	641
198	641
202	641
203	641
204	641
205	641
206	641
207	641
208	641
209	641
213	641
214	641
215	641
216	641
217	641
218	641
219	641
220	641
224	641
225	641
226	641
227	641
228	641
229	641
230	641
234	641
235	641
236	641
237	641
238	641
239	641
240	641
244	641
245	641
246	641
247	641
248	641
249	641
250	641
251	641
255	641
256	641
257	641
258	641
259	641
260	641
261	641
264	641
265	641
266	641
267	641
268	641
269	641
270	641
271	641
274	641
275	641
276	641
277	641
278	641
279	641
280	641
283	641
284	641
285	641
286	641
287	641
288	641
289	641
290	641
291	641
296	641
297	641
298	641
303	641
304	641
305	641
306	641
307	641
308	641
311	641
312	641
313	641
314	641
315	641
318	641
319	641
320	641
321	641
322	641
323	641
326	641
329	641
330	641
331	641
332	641
333	641
334	641
335	641
336	641
340	641
342	641
343	641
344	641
345	641
346	641
347	641
348	641
351	641
352	641
353	641
354	641
355	641
356	641
357	641
361	641
362	641
363	641
364	641
365	641
366	641
367	641
368	641
372	641
373	641
374	641
375	641
376	641
377	641
378	641
382	641
383	641
384	641
385	641
386	641
387	641
388	641
389	641
393	641
394	641
395	641
396	641
397	641
398	641
402	641
403	641
404	641
405	641
406	641
407	641
412	641
413	641
414	641
415	641
416	641
417	641
421	641
422	641
423	641
424	641
425	641
426	641
431	641
432	641
433	641
434	641
435	641
436	641
439	641
440	641
441	641
442	641
443	641
444	641
445	641
450	641
451	641
452	641
470	641
474	641
169	642
171	642
172	642
173	642
174	642
175	642
176	642
177	642
180	642
181	642
182	642
183	642
184	642
187	642
192	642
296	642
297	642
298	642
299	642
300	642
326	642
338	642
339	642
340	642
341	642
342	642
169	643
324	643
325	643
326	643
327	643
328	643
338	643
339	643
341	643
342	643
169	644
169	645
407	645
418	645
419	645
434	645
444	645
448	645
452	645
453	645
456	645
457	645
459	645
460	645
461	645
466	645
469	645
471	645
472	645
476	645
477	645
478	645
481	645
485	645
492	645
495	645
496	645
499	645
500	645
505	645
506	645
507	645
510	645
511	645
169	646
327	646
328	646
329	646
331	646
332	646
335	646
336	646
337	646
339	646
340	646
341	646
342	646
345	646
346	646
351	646
352	646
356	646
359	646
360	646
361	646
366	646
367	646
368	646
371	646
372	646
373	646
374	646
377	646
380	646
382	646
383	646
384	646
386	646
389	646
391	646
392	646
393	646
396	646
399	646
400	646
401	646
403	646
404	646
406	646
407	646
408	646
409	646
412	646
416	646
417	646
418	646
419	646
424	646
426	646
429	646
430	646
431	646
433	646
434	646
435	646
437	646
438	646
439	646
443	646
444	646
445	646
448	646
449	646
452	646
455	646
456	646
459	646
460	646
461	646
462	646
466	646
469	646
471	646
473	646
475	646
479	646
481	646
482	646
485	646
490	646
491	646
492	646
494	646
495	646
496	646
497	646
498	646
499	646
500	646
501	646
505	646
507	646
510	646
511	646
169	647
327	647
328	647
331	647
333	647
335	647
337	647
338	647
339	647
342	647
343	647
345	647
346	647
347	647
351	647
352	647
355	647
356	647
357	647
359	647
361	647
365	647
366	647
370	647
374	647
376	647
377	647
380	647
382	647
383	647
384	647
385	647
386	647
389	647
392	647
396	647
397	647
400	647
403	647
404	647
405	647
409	647
412	647
413	647
416	647
418	647
424	647
426	647
427	647
429	647
430	647
433	647
434	647
435	647
437	647
443	647
444	647
445	647
447	647
448	647
449	647
452	647
453	647
455	647
456	647
459	647
462	647
466	647
469	647
471	647
472	647
473	647
475	647
479	647
481	647
482	647
483	647
485	647
489	647
490	647
496	647
497	647
498	647
501	647
507	647
509	647
510	647
169	648
327	648
328	648
329	648
331	648
332	648
335	648
336	648
338	648
343	648
345	648
346	648
347	648
351	648
352	648
355	648
357	648
359	648
360	648
361	648
365	648
370	648
374	648
376	648
377	648
378	648
379	648
380	648
382	648
383	648
384	648
385	648
386	648
389	648
392	648
395	648
396	648
397	648
400	648
403	648
404	648
405	648
409	648
412	648
414	648
415	648
416	648
419	648
424	648
425	648
426	648
427	648
428	648
430	648
431	648
433	648
434	648
435	648
437	648
438	648
439	648
443	648
444	648
445	648
447	648
448	648
449	648
453	648
455	648
456	648
459	648
462	648
466	648
469	648
471	648
472	648
475	648
479	648
481	648
484	648
485	648
490	648
491	648
492	648
495	648
496	648
498	648
501	648
506	648
509	648
510	648
511	648
513	648
514	648
515	648
169	649
327	649
331	649
332	649
335	649
336	649
338	649
339	649
342	649
343	649
345	649
346	649
351	649
353	649
355	649
356	649
357	649
358	649
359	649
360	649
361	649
365	649
366	649
370	649
374	649
376	649
378	649
379	649
381	649
382	649
383	649
386	649
389	649
392	649
395	649
396	649
397	649
398	649
400	649
403	649
404	649
405	649
406	649
409	649
412	649
415	649
416	649
419	649
420	649
425	649
427	649
428	649
430	649
433	649
434	649
435	649
437	649
443	649
444	649
445	649
446	649
447	649
449	649
450	649
452	649
453	649
454	649
455	649
456	649
457	649
459	649
460	649
461	649
462	649
466	649
467	649
468	649
469	649
471	649
475	649
476	649
477	649
478	649
479	649
481	649
485	649
495	649
496	649
499	649
500	649
501	649
505	649
506	649
507	649
510	649
511	649
169	650
170	650
171	650
172	650
327	650
328	650
329	650
331	650
333	650
335	650
337	650
339	650
340	650
341	650
342	650
345	650
347	650
351	650
352	650
353	650
354	650
358	650
359	650
361	650
366	650
367	650
368	650
369	650
371	650
372	650
373	650
374	650
376	650
378	650
381	650
382	650
383	650
386	650
387	650
388	650
389	650
392	650
394	650
398	650
400	650
404	650
406	650
407	650
408	650
409	650
412	650
418	650
419	650
425	650
428	650
430	650
431	650
432	650
437	650
438	650
439	650
444	650
452	650
453	650
456	650
457	650
460	650
471	650
477	650
478	650
489	650
490	650
491	650
492	650
495	650
496	650
505	650
506	650
507	650
169	651
169	652
436	652
444	652
454	652
455	652
464	652
467	652
468	652
471	652
481	652
482	652
483	652
486	652
490	652
492	652
495	652
498	652
499	652
503	652
504	652
169	653
328	653
331	653
334	653
335	653
336	653
342	653
344	653
350	653
357	653
358	653
361	653
365	653
366	653
368	653
371	653
373	653
374	653
376	653
377	653
378	653
381	653
384	653
386	653
387	653
388	653
390	653
394	653
396	653
397	653
398	653
400	653
401	653
412	653
413	653
414	653
416	653
419	653
420	653
421	653
422	653
423	653
425	653
428	653
432	653
434	653
435	653
436	653
437	653
442	653
443	653
444	653
445	653
446	653
448	653
449	653
450	653
451	653
454	653
455	653
464	653
466	653
467	653
468	653
469	653
470	653
471	653
472	653
474	653
475	653
480	653
481	653
484	653
486	653
487	653
490	653
492	653
496	653
498	653
504	653
169	654
328	654
330	654
331	654
333	654
336	654
338	654
339	654
341	654
342	654
343	654
344	654
345	654
350	654
353	654
354	654
356	654
360	654
361	654
364	654
365	654
368	654
371	654
373	654
374	654
376	654
377	654
380	654
381	654
384	654
386	654
390	654
391	654
394	654
397	654
399	654
400	654
412	654
415	654
416	654
419	654
420	654
422	654
423	654
425	654
428	654
429	654
432	654
434	654
442	654
446	654
448	654
454	654
464	654
466	654
468	654
469	654
470	654
472	654
475	654
480	654
484	654
486	654
487	654
488	654
490	654
492	654
496	654
497	654
498	654
504	654
169	655
328	655
329	655
330	655
331	655
332	655
333	655
337	655
338	655
339	655
342	655
343	655
344	655
345	655
350	655
351	655
353	655
354	655
356	655
357	655
360	655
361	655
362	655
365	655
368	655
371	655
373	655
374	655
376	655
377	655
378	655
380	655
381	655
383	655
384	655
386	655
387	655
388	655
390	655
391	655
392	655
394	655
397	655
400	655
401	655
412	655
415	655
416	655
419	655
420	655
422	655
423	655
425	655
428	655
430	655
432	655
434	655
437	655
438	655
442	655
446	655
448	655
454	655
464	655
467	655
468	655
470	655
471	655
472	655
475	655
480	655
484	655
486	655
489	655
490	655
492	655
497	655
504	655
169	656
328	656
330	656
331	656
332	656
337	656
339	656
342	656
343	656
344	656
345	656
350	656
351	656
352	656
353	656
354	656
356	656
359	656
360	656
361	656
362	656
366	656
368	656
371	656
373	656
374	656
376	656
377	656
380	656
382	656
383	656
385	656
386	656
390	656
393	656
394	656
397	656
401	656
412	656
415	656
416	656
417	656
419	656
420	656
421	656
422	656
423	656
425	656
428	656
431	656
432	656
434	656
437	656
438	656
442	656
446	656
448	656
454	656
464	656
467	656
468	656
470	656
472	656
475	656
480	656
481	656
483	656
484	656
486	656
489	656
490	656
492	656
493	656
494	656
497	656
504	656
169	657
328	657
331	657
333	657
334	657
336	657
339	657
340	657
341	657
342	657
343	657
345	657
349	657
350	657
352	657
354	657
356	657
359	657
362	657
363	657
364	657
365	657
366	657
368	657
369	657
370	657
371	657
373	657
374	657
375	657
376	657
377	657
378	657
380	657
382	657
383	657
385	657
386	657
387	657
388	657
390	657
394	657
397	657
400	657
401	657
412	657
413	657
414	657
417	657
418	657
419	657
422	657
425	657
428	657
432	657
434	657
435	657
436	657
437	657
443	657
444	657
445	657
449	657
450	657
451	657
454	657
464	657
467	657
470	657
471	657
472	657
475	657
481	657
482	657
483	657
486	657
493	657
494	657
497	657
504	657
169	658
334	658
335	658
340	658
341	658
356	658
357	658
358	658
365	658
369	658
387	658
388	658
169	659
447	659
448	659
452	659
455	659
456	659
457	659
463	659
466	659
470	659
475	659
476	659
479	659
482	659
483	659
487	659
488	659
492	659
493	659
169	660
334	660
335	660
339	660
343	660
344	660
346	660
351	660
352	660
355	660
356	660
359	660
362	660
365	660
366	660
368	660
372	660
374	660
375	660
376	660
380	660
382	660
385	660
388	660
391	660
392	660
393	660
398	660
401	660
405	660
408	660
409	660
410	660
411	660
413	660
414	660
415	660
422	660
423	660
424	660
426	660
429	660
431	660
432	660
433	660
434	660
435	660
436	660
438	660
439	660
440	660
442	660
443	660
446	660
447	660
448	660
449	660
451	660
452	660
453	660
455	660
456	660
462	660
463	660
466	660
467	660
470	660
474	660
475	660
478	660
480	660
481	660
482	660
483	660
485	660
486	660
489	660
491	660
492	660
493	660
169	661
328	661
331	661
332	661
334	661
335	661
339	661
342	661
343	661
344	661
346	661
349	661
350	661
351	661
352	661
353	661
355	661
356	661
359	661
362	661
365	661
368	661
369	661
372	661
375	661
376	661
380	661
382	661
384	661
385	661
387	661
388	661
391	661
398	661
401	661
404	661
405	661
408	661
411	661
413	661
423	661
426	661
429	661
431	661
434	661
436	661
438	661
442	661
445	661
449	661
451	661
452	661
453	661
455	661
456	661
462	661
463	661
464	661
466	661
467	661
468	661
470	661
474	661
475	661
476	661
478	661
479	661
480	661
481	661
482	661
483	661
485	661
490	661
491	661
492	661
493	661
169	662
328	662
329	662
331	662
332	662
334	662
335	662
338	662
339	662
340	662
342	662
343	662
346	662
349	662
350	662
351	662
352	662
353	662
355	662
356	662
358	662
359	662
361	662
362	662
365	662
366	662
368	662
369	662
370	662
372	662
375	662
380	662
382	662
383	662
384	662
387	662
388	662
391	662
392	662
397	662
398	662
400	662
401	662
402	662
404	662
405	662
406	662
408	662
411	662
413	662
414	662
415	662
423	662
426	662
427	662
428	662
429	662
431	662
432	662
434	662
435	662
436	662
438	662
439	662
442	662
443	662
445	662
450	662
451	662
452	662
455	662
456	662
461	662
462	662
463	662
464	662
466	662
469	662
470	662
475	662
478	662
479	662
482	662
483	662
485	662
490	662
491	662
492	662
493	662
169	663
170	663
171	663
172	663
328	663
329	663
330	663
332	663
334	663
338	663
339	663
340	663
343	663
344	663
346	663
349	663
351	663
352	663
355	663
358	663
359	663
360	663
361	663
362	663
363	663
365	663
368	663
371	663
372	663
375	663
380	663
381	663
383	663
384	663
386	663
387	663
388	663
389	663
393	663
397	663
399	663
400	663
402	663
404	663
405	663
406	663
408	663
411	663
413	663
423	663
426	663
429	663
431	663
434	663
436	663
438	663
442	663
445	663
446	663
449	663
451	663
453	663
455	663
461	663
462	663
464	663
466	663
470	663
475	663
478	663
480	663
481	663
482	663
483	663
486	663
489	663
491	663
492	663
493	663
169	664
327	664
328	664
329	664
330	664
332	664
334	664
337	664
338	664
340	664
341	664
344	664
346	664
347	664
349	664
351	664
352	664
353	664
355	664
358	664
360	664
361	664
363	664
365	664
368	664
369	664
372	664
375	664
381	664
383	664
384	664
386	664
389	664
392	664
393	664
397	664
399	664
400	664
402	664
403	664
407	664
408	664
409	664
410	664
411	664
413	664
414	664
415	664
417	664
423	664
426	664
429	664
431	664
432	664
433	664
434	664
436	664
438	664
439	664
440	664
442	664
446	664
447	664
448	664
449	664
451	664
455	664
456	664
457	664
461	664
475	664
476	664
478	664
487	664
488	664
169	665
330	665
334	665
335	665
336	665
341	665
343	665
344	665
347	665
348	665
349	665
351	665
353	665
355	665
356	665
357	665
358	665
365	665
366	665
375	665
392	665
416	665
417	665
169	666
169	667
369	667
390	667
403	667
404	667
410	667
414	667
415	667
420	667
423	667
425	667
426	667
427	667
430	667
434	667
440	667
443	667
447	667
449	667
450	667
451	667
452	667
455	667
458	667
459	667
460	667
462	667
463	667
464	667
465	667
466	667
467	667
169	668
327	668
328	668
329	668
330	668
332	668
333	668
334	668
335	668
338	668
341	668
342	668
344	668
345	668
346	668
347	668
350	668
352	668
353	668
354	668
357	668
358	668
361	668
362	668
363	668
365	668
367	668
368	668
369	668
370	668
371	668
373	668
374	668
377	668
381	668
384	668
386	668
388	668
389	668
390	668
391	668
394	668
397	668
399	668
402	668
403	668
404	668
405	668
410	668
411	668
413	668
414	668
420	668
423	668
425	668
430	668
431	668
434	668
435	668
438	668
440	668
443	668
444	668
447	668
449	668
452	668
455	668
458	668
462	668
465	668
466	668
169	669
327	669
331	669
332	669
335	669
336	669
338	669
339	669
341	669
342	669
344	669
346	669
347	669
350	669
353	669
354	669
357	669
358	669
362	669
365	669
366	669
367	669
371	669
373	669
374	669
375	669
377	669
381	669
382	669
383	669
384	669
386	669
387	669
388	669
392	669
394	669
397	669
399	669
402	669
403	669
405	669
406	669
410	669
411	669
413	669
414	669
415	669
419	669
420	669
422	669
423	669
425	669
426	669
427	669
430	669
431	669
434	669
435	669
436	669
438	669
440	669
443	669
444	669
445	669
447	669
448	669
452	669
455	669
458	669
459	669
460	669
462	669
463	669
466	669
467	669
169	670
327	670
331	670
336	670
338	670
339	670
341	670
342	670
344	670
345	670
346	670
347	670
350	670
353	670
357	670
358	670
359	670
362	670
365	670
366	670
367	670
371	670
373	670
375	670
376	670
377	670
382	670
383	670
384	670
385	670
386	670
387	670
388	670
392	670
394	670
397	670
399	670
402	670
403	670
405	670
406	670
410	670
413	670
414	670
419	670
421	670
422	670
424	670
425	670
429	670
430	670
431	670
432	670
434	670
435	670
437	670
438	670
440	670
443	670
445	670
446	670
447	670
448	670
449	670
452	670
453	670
455	670
458	670
464	670
467	670
169	671
327	671
331	671
332	671
335	671
336	671
338	671
339	671
340	671
342	671
344	671
347	671
350	671
353	671
356	671
357	671
358	671
359	671
362	671
365	671
367	671
371	671
373	671
376	671
377	671
382	671
383	671
385	671
388	671
391	671
392	671
394	671
397	671
399	671
402	671
403	671
405	671
410	671
411	671
412	671
413	671
414	671
419	671
421	671
422	671
424	671
425	671
426	671
427	671
429	671
432	671
434	671
435	671
438	671
440	671
443	671
446	671
447	671
449	671
450	671
451	671
452	671
455	671
456	671
458	671
459	671
460	671
462	671
463	671
464	671
465	671
466	671
467	671
169	672
327	672
328	672
329	672
330	672
332	672
333	672
334	672
335	672
337	672
338	672
340	672
342	672
344	672
347	672
348	672
349	672
350	672
353	672
356	672
359	672
360	672
362	672
365	672
368	672
369	672
370	672
373	672
377	672
382	672
385	672
388	672
389	672
390	672
391	672
394	672
395	672
396	672
399	672
400	672
401	672
403	672
404	672
405	672
410	672
411	672
414	672
415	672
426	672
427	672
440	672
443	672
451	672
169	673
169	674
369	674
383	674
398	674
412	674
454	674
469	674
484	674
498	674
499	674
512	674
144	675
145	675
148	675
149	675
151	675
152	675
153	675
161	675
162	675
165	675
166	675
169	675
185	675
198	675
212	675
226	675
240	675
241	675
255	675
269	675
283	675
284	675
298	675
312	675
325	675
326	675
341	675
355	675
369	675
383	675
398	675
412	675
427	675
428	675
441	675
442	675
454	675
469	675
484	675
498	675
499	675
512	675
145	676
147	676
148	676
150	676
151	676
162	676
165	676
166	676
169	676
170	676
171	676
172	676
185	676
198	676
212	676
226	676
240	676
241	676
255	676
269	676
283	676
284	676
298	676
312	676
325	676
326	676
341	676
355	676
369	676
383	676
398	676
412	676
427	676
428	676
441	676
442	676
454	676
469	676
484	676
498	676
499	676
512	676
145	677
147	677
150	677
151	677
152	677
153	677
158	677
159	677
162	677
165	677
166	677
169	677
185	677
198	677
212	677
226	677
240	677
241	677
255	677
269	677
283	677
284	677
298	677
312	677
325	677
326	677
341	677
355	677
369	677
383	677
398	677
412	677
427	677
428	677
441	677
442	677
454	677
469	677
484	677
498	677
499	677
512	677
140	678
141	678
142	678
145	678
147	678
150	678
151	678
157	678
158	678
159	678
162	678
165	678
166	678
169	678
185	678
198	678
212	678
226	678
240	678
241	678
255	678
269	678
283	678
284	678
298	678
312	678
325	678
341	678
355	678
369	678
383	678
398	678
412	678
427	678
441	678
442	678
454	678
469	678
484	678
498	678
499	678
512	678
145	679
148	679
149	679
151	679
152	679
153	679
162	679
165	679
166	679
169	679
185	679
198	679
212	679
226	679
240	679
241	679
255	679
269	679
283	679
284	679
298	679
312	679
313	679
317	679
318	679
319	679
321	679
322	679
323	679
325	679
326	679
327	679
328	679
329	679
330	679
331	679
332	679
333	679
334	679
335	679
336	679
337	679
338	679
339	679
340	679
341	679
345	679
346	679
347	679
348	679
349	679
350	679
351	679
352	679
353	679
354	679
355	679
356	679
357	679
358	679
359	679
360	679
361	679
362	679
363	679
364	679
365	679
366	679
367	679
368	679
369	679
370	679
371	679
372	679
373	679
374	679
375	679
376	679
377	679
378	679
379	679
380	679
381	679
382	679
383	679
384	679
385	679
386	679
387	679
388	679
389	679
390	679
391	679
392	679
393	679
394	679
395	679
396	679
397	679
398	679
399	679
400	679
401	679
402	679
403	679
404	679
405	679
406	679
407	679
408	679
409	679
410	679
411	679
412	679
413	679
414	679
415	679
416	679
417	679
418	679
419	679
420	679
421	679
422	679
423	679
424	679
425	679
426	679
427	679
428	679
429	679
430	679
431	679
432	679
433	679
434	679
435	679
436	679
437	679
438	679
439	679
440	679
441	679
442	679
443	679
444	679
445	679
446	679
447	679
448	679
449	679
450	679
451	679
452	679
453	679
454	679
455	679
456	679
457	679
458	679
459	679
460	679
461	679
462	679
463	679
464	679
465	679
466	679
467	679
468	679
469	679
470	679
471	679
472	679
473	679
474	679
475	679
476	679
477	679
478	679
479	679
480	679
481	679
482	679
483	679
484	679
485	679
486	679
487	679
488	679
489	679
490	679
491	679
492	679
493	679
494	679
495	679
496	679
497	679
498	679
499	679
500	679
501	679
502	679
503	679
504	679
505	679
506	679
507	679
508	679
509	679
510	679
511	679
512	679
169	680
170	680
171	680
172	680
173	680
174	680
175	680
176	680
177	680
178	680
179	680
180	680
181	680
182	680
183	680
184	680
185	680
186	680
187	680
188	680
189	680
190	680
191	680
192	680
193	680
194	680
195	680
196	680
197	680
198	680
199	680
200	680
201	680
202	680
203	680
204	680
205	680
206	680
207	680
208	680
209	680
210	680
211	680
212	680
213	680
214	680
215	680
216	680
217	680
218	680
219	680
220	680
221	680
222	680
223	680
224	680
225	680
226	680
227	680
228	680
229	680
230	680
231	680
232	680
233	680
234	680
235	680
236	680
237	680
238	680
239	680
240	680
241	680
242	680
243	680
244	680
245	680
246	680
247	680
248	680
249	680
250	680
251	680
252	680
253	680
254	680
255	680
256	680
257	680
258	680
259	680
260	680
261	680
262	680
263	680
264	680
265	680
266	680
267	680
268	680
269	680
270	680
271	680
272	680
273	680
274	680
275	680
276	680
277	680
278	680
279	680
280	680
281	680
282	680
283	680
284	680
285	680
286	680
287	680
288	680
289	680
290	680
291	680
292	680
293	680
294	680
295	680
296	680
297	680
298	680
299	680
300	680
301	680
302	680
303	680
304	680
305	680
306	680
307	680
308	680
309	680
310	680
311	680
312	680
313	680
314	680
315	680
316	680
317	680
318	680
319	680
320	680
321	680
322	680
323	680
324	680
325	680
326	680
327	680
328	680
329	680
330	680
331	680
332	680
333	680
334	680
335	680
336	680
337	680
338	680
342	680
343	680
344	680
345	680
346	680
347	680
348	680
349	680
350	680
351	680
352	680
353	680
354	680
355	680
356	680
357	680
358	680
359	680
360	680
361	680
362	680
363	680
364	680
365	680
366	680
384	680
385	680
386	680
387	680
388	680
390	680
391	680
392	680
454	682
455	682
512	682
211	683
212	683
225	683
226	683
227	683
242	683
253	683
254	683
255	683
270	683
282	683
283	683
284	683
296	683
299	683
312	683
323	683
327	683
341	683
355	683
368	683
369	683
382	683
383	683
384	683
396	683
397	683
398	683
399	683
410	683
414	683
426	683
427	683
428	683
442	683
453	683
454	683
455	683
468	683
471	683
483	683
484	683
497	683
500	683
501	683
512	683
170	684
171	684
185	684
197	684
198	684
211	684
212	684
224	684
225	684
226	684
227	684
228	684
238	684
239	684
242	684
253	684
254	684
255	684
256	684
270	684
282	684
283	684
296	684
299	684
300	684
312	684
323	684
324	684
326	684
327	684
341	684
355	684
356	684
368	684
369	684
382	684
396	684
400	684
410	684
411	684
414	684
426	684
428	684
429	684
442	684
453	684
467	684
468	684
471	684
483	684
484	684
497	684
498	684
500	684
501	684
512	684
171	685
185	685
197	685
198	685
211	685
212	685
224	685
228	685
238	685
239	685
240	685
242	685
253	685
256	685
270	685
282	685
283	685
284	685
295	685
296	685
297	685
299	685
300	685
311	685
312	685
313	685
323	685
324	685
326	685
327	685
341	685
355	685
356	685
368	685
369	685
370	685
382	685
383	685
384	685
395	685
396	685
400	685
410	685
412	685
414	685
426	685
429	685
442	685
453	685
454	685
455	685
467	685
468	685
469	685
470	685
471	685
472	685
483	685
484	685
485	685
497	685
498	685
499	685
500	685
501	685
512	685
171	686
185	686
196	686
197	686
198	686
199	686
212	686
213	686
223	686
224	686
228	686
238	686
240	686
241	686
242	686
253	686
256	686
270	686
282	686
283	686
295	686
297	686
298	686
300	686
311	686
312	686
313	686
323	686
324	686
325	686
326	686
327	686
341	686
355	686
356	686
367	686
368	686
369	686
370	686
384	686
396	686
400	686
410	686
413	686
414	686
426	686
429	686
442	686
453	686
467	686
469	686
470	686
472	686
482	686
483	686
484	686
485	686
496	686
497	686
498	686
499	686
501	686
510	686
511	686
512	686
170	687
171	687
185	687
196	687
197	687
198	687
199	687
212	687
213	687
224	687
227	687
228	687
238	687
241	687
242	687
253	687
254	687
255	687
256	687
269	687
270	687
282	687
295	687
297	687
298	687
300	687
310	687
311	687
313	687
314	687
323	687
325	687
327	687
328	687
339	687
340	687
341	687
354	687
355	687
356	687
367	687
370	687
382	687
383	687
384	687
396	687
397	687
398	687
399	687
400	687
410	687
414	687
426	687
427	687
428	687
440	687
441	687
442	687
453	687
467	687
469	687
470	687
472	687
482	687
486	687
496	687
499	687
501	687
510	687
511	687
169	688
170	688
183	688
184	688
185	688
196	688
199	688
200	688
211	688
212	688
225	688
226	688
227	688
238	688
253	688
254	688
255	688
268	688
269	688
282	688
295	688
300	688
310	688
314	688
323	688
339	688
340	688
354	688
355	688
398	688
463	693
466	693
467	693
470	693
471	693
474	693
204	694
205	694
208	694
209	694
210	694
212	694
213	694
216	694
217	694
341	694
342	694
344	694
345	694
346	694
348	694
349	694
350	694
352	694
353	694
463	694
465	694
466	694
468	694
469	694
470	694
471	694
472	694
473	694
474	694
475	694
205	695
208	695
210	695
211	695
213	695
214	695
215	695
217	695
341	695
342	695
344	695
346	695
347	695
348	695
350	695
352	695
353	695
463	695
466	695
468	695
469	695
470	695
471	695
472	695
475	695
205	696
208	696
209	696
210	696
212	696
213	696
215	696
217	696
218	696
341	696
342	696
344	696
345	696
346	696
348	696
349	696
350	696
352	696
353	696
463	696
466	696
467	696
469	696
470	696
471	696
472	696
474	696
475	696
205	697
209	697
211	697
214	697
215	697
217	697
218	697
341	697
342	697
345	697
346	697
347	697
348	697
350	697
352	697
353	697
463	697
466	697
467	697
469	697
470	697
471	697
472	697
473	697
474	697
205	698
208	698
209	698
211	698
212	698
213	698
215	698
216	698
217	698
341	698
342	698
345	698
348	698
349	698
350	698
352	698
353	698
466	698
470	698
471	698
472	698
473	698
474	698
475	698
216	699
171	715
172	715
173	715
174	715
176	715
189	715
190	715
199	715
200	715
201	715
202	715
206	715
207	715
208	715
211	715
212	715
213	715
224	715
294	715
297	715
298	715
300	715
301	715
302	715
303	715
306	715
307	715
308	715
312	715
315	715
317	715
320	715
323	715
324	715
325	715
328	715
331	715
334	715
335	715
336	715
337	715
339	715
347	715
369	715
370	715
379	715
380	715
413	715
414	715
418	715
419	715
425	715
426	715
436	715
437	715
443	715
444	715
171	716
172	716
173	716
174	716
175	716
176	716
188	716
189	716
190	716
191	716
199	716
200	716
201	716
202	716
203	716
205	716
206	716
207	716
208	716
209	716
210	716
211	716
212	716
213	716
214	716
219	716
220	716
221	716
223	716
224	716
225	716
244	716
267	716
284	716
285	716
294	716
295	716
297	716
298	716
299	716
300	716
301	716
302	716
303	716
305	716
306	716
307	716
308	716
309	716
312	716
314	716
315	716
316	716
317	716
320	716
322	716
323	716
324	716
325	716
326	716
327	716
328	716
329	716
331	716
332	716
333	716
334	716
335	716
336	716
337	716
338	716
339	716
340	716
345	716
347	716
348	716
366	716
369	716
370	716
371	716
372	716
377	716
378	716
379	716
380	716
381	716
382	716
397	716
398	716
402	716
403	716
409	716
410	716
413	716
414	716
418	716
419	716
421	716
422	716
423	716
425	716
426	716
428	716
429	716
432	716
436	716
437	716
439	716
440	716
441	716
443	716
446	716
447	716
448	716
450	716
451	716
452	716
453	716
171	717
172	717
176	717
178	717
179	717
180	717
181	717
188	717
190	717
191	717
199	717
200	717
203	717
204	717
205	717
206	717
210	717
211	717
219	717
220	717
221	717
223	717
225	717
230	717
231	717
232	717
234	717
235	717
237	717
238	717
239	717
240	717
241	717
242	717
243	717
244	717
245	717
246	717
247	717
248	717
249	717
251	717
252	717
253	717
254	717
256	717
257	717
258	717
259	717
260	717
261	717
262	717
263	717
264	717
265	717
266	717
267	717
268	717
269	717
270	717
272	717
273	717
274	717
276	717
277	717
278	717
279	717
283	717
284	717
285	717
287	717
288	717
289	717
294	717
295	717
297	717
298	717
301	717
302	717
304	717
305	717
308	717
309	717
311	717
312	717
314	717
317	717
320	717
322	717
323	717
327	717
328	717
329	717
331	717
333	717
334	717
337	717
338	717
340	717
344	717
345	717
346	717
347	717
348	717
349	717
350	717
352	717
353	717
354	717
355	717
356	717
357	717
358	717
360	717
362	717
363	717
365	717
366	717
367	717
368	717
370	717
371	717
372	717
373	717
377	717
378	717
379	717
380	717
381	717
382	717
383	717
385	717
386	717
387	717
391	717
392	717
394	717
395	717
396	717
397	717
398	717
399	717
401	717
402	717
403	717
404	717
408	717
409	717
410	717
411	717
413	717
414	717
418	717
419	717
420	717
421	717
422	717
423	717
424	717
425	717
426	717
427	717
428	717
429	717
430	717
431	717
432	717
434	717
435	717
436	717
437	717
438	717
439	717
440	717
441	717
443	717
445	717
446	717
447	717
448	717
450	717
451	717
452	717
453	717
171	718
172	718
173	718
174	718
176	718
178	718
179	718
181	718
189	718
190	718
191	718
199	718
200	718
203	718
205	718
206	718
207	718
208	718
211	718
212	718
213	718
214	718
218	718
219	718
220	718
221	718
224	718
225	718
230	718
231	718
232	718
234	718
235	718
236	718
237	718
239	718
241	718
242	718
244	718
246	718
247	718
249	718
250	718
251	718
252	718
254	718
256	718
257	718
259	718
260	718
261	718
262	718
263	718
264	718
265	718
267	718
269	718
270	718
271	718
272	718
274	718
275	718
276	718
277	718
279	718
280	718
284	718
286	718
287	718
289	718
290	718
294	718
295	718
297	718
298	718
301	718
302	718
304	718
305	718
311	718
312	718
314	718
316	718
317	718
320	718
323	718
324	718
325	718
327	718
328	718
329	718
330	718
331	718
333	718
334	718
337	718
338	718
340	718
341	718
345	718
347	718
348	718
350	718
352	718
353	718
355	718
356	718
358	718
360	718
363	718
364	718
365	718
367	718
368	718
370	718
372	718
373	718
377	718
378	718
380	718
382	718
383	718
384	718
385	718
386	718
387	718
388	718
391	718
392	718
394	718
395	718
396	718
397	718
398	718
401	718
402	718
403	718
404	718
408	718
411	718
413	718
414	718
418	718
419	718
420	718
421	718
422	718
423	718
424	718
425	718
426	718
427	718
428	718
429	718
430	718
432	718
433	718
434	718
436	718
437	718
439	718
440	718
441	718
443	718
445	718
448	718
449	718
450	718
453	718
171	719
172	719
176	719
178	719
181	719
188	719
190	719
191	719
199	719
200	719
202	719
203	719
205	719
208	719
209	719
210	719
213	719
214	719
218	719
219	719
220	719
221	719
225	719
226	719
230	719
231	719
232	719
233	719
235	719
236	719
237	719
239	719
241	719
242	719
244	719
246	719
247	719
249	719
250	719
251	719
252	719
254	719
256	719
257	719
259	719
260	719
262	719
263	719
264	719
265	719
267	719
269	719
270	719
271	719
272	719
274	719
275	719
276	719
277	719
279	719
280	719
284	719
286	719
287	719
289	719
290	719
294	719
295	719
297	719
298	719
301	719
302	719
304	719
305	719
308	719
309	719
311	719
314	719
317	719
320	719
322	719
325	719
326	719
327	719
328	719
330	719
331	719
333	719
334	719
337	719
338	719
340	719
341	719
345	719
347	719
348	719
350	719
352	719
355	719
358	719
360	719
363	719
364	719
365	719
367	719
368	719
370	719
372	719
373	719
377	719
378	719
380	719
382	719
383	719
384	719
385	719
387	719
391	719
392	719
394	719
395	719
398	719
399	719
400	719
401	719
403	719
408	719
411	719
413	719
414	719
418	719
419	719
420	719
421	719
423	719
425	719
426	719
427	719
428	719
432	719
433	719
434	719
436	719
437	719
441	719
443	719
445	719
446	719
448	719
450	719
451	719
453	719
171	720
172	720
176	720
178	720
179	720
180	720
181	720
188	720
189	720
190	720
191	720
192	720
193	720
199	720
200	720
201	720
202	720
203	720
205	720
206	720
207	720
208	720
209	720
210	720
211	720
212	720
213	720
214	720
220	720
221	720
222	720
223	720
224	720
225	720
226	720
230	720
231	720
232	720
233	720
235	720
236	720
239	720
241	720
242	720
244	720
245	720
246	720
247	720
248	720
249	720
251	720
252	720
254	720
256	720
257	720
258	720
259	720
260	720
262	720
263	720
264	720
265	720
267	720
268	720
269	720
270	720
271	720
272	720
273	720
274	720
275	720
276	720
277	720
279	720
280	720
284	720
285	720
286	720
287	720
288	720
289	720
290	720
294	720
295	720
296	720
297	720
298	720
301	720
302	720
305	720
306	720
307	720
308	720
309	720
310	720
311	720
314	720
317	720
318	720
319	720
320	720
322	720
323	720
324	720
325	720
326	720
327	720
328	720
330	720
331	720
334	720
335	720
336	720
337	720
340	720
345	720
346	720
347	720
348	720
350	720
352	720
353	720
355	720
356	720
357	720
358	720
360	720
361	720
362	720
363	720
365	720
366	720
367	720
368	720
370	720
372	720
373	720
377	720
378	720
379	720
380	720
382	720
383	720
384	720
385	720
386	720
387	720
392	720
393	720
394	720
395	720
396	720
397	720
398	720
399	720
401	720
402	720
403	720
404	720
408	720
409	720
410	720
411	720
413	720
414	720
418	720
419	720
421	720
422	720
423	720
425	720
426	720
427	720
428	720
429	720
430	720
433	720
434	720
436	720
437	720
439	720
440	720
441	720
443	720
444	720
446	720
447	720
448	720
450	720
451	720
453	720
171	721
176	721
179	721
180	721
181	721
188	721
189	721
190	721
193	721
206	721
207	721
211	721
212	721
213	721
220	721
223	721
224	721
225	721
230	721
231	721
232	721
235	721
236	721
239	721
244	721
245	721
247	721
248	721
256	721
258	721
259	721
260	721
261	721
263	721
264	721
265	721
267	721
268	721
270	721
272	721
273	721
274	721
285	721
288	721
289	721
296	721
297	721
301	721
306	721
307	721
308	721
310	721
314	721
315	721
318	721
319	721
323	721
324	721
325	721
335	721
336	721
339	721
340	721
345	721
346	721
356	721
357	721
365	721
367	721
368	721
386	721
178	722
179	722
180	722
181	722
234	722
235	722
236	722
314	722
315	722
339	722
365	722
366	722
367	722
565	752
568	752
569	752
570	752
572	752
573	752
574	752
575	752
563	753
564	753
565	753
567	753
568	753
570	753
572	753
564	754
565	754
570	754
572	754
573	754
574	754
575	754
564	755
565	755
569	755
570	755
574	755
575	755
564	756
565	756
568	756
569	756
572	756
574	756
575	756
564	757
565	757
567	757
568	757
569	757
570	757
571	757
572	757
573	757
574	757
575	757
