# ink cloud 8x downsample, 600-dpi source 5108x6562, threshold<96, block>=20
154	82
155	82
158	82
161	82
162	82
179	82
180	82
181	82
182	82
183	82
184	82
155	83
157	83
158	83
159	83
161	83
171	83
172	83
175	83
176	83
179	83
155	84
157	84
159	84
161	84
162	84
172	84
175	84
176	84
179	84
155	85
157	85
159	85
161	85
167	85
168	85
169	85
172	85
175	85
176	85
179	85
155	86
157	86
159	86
161	86
172	86
175	86
176	86
179	86
155	87
158	87
159	87
161	87
162	87
163	87
172	87
175	87
176	87
179	87
180	87
181	87
179	88
180	88
181	88
179	89
179	90
179	91
179	92
179	93
179	94
179	95
179	96
179	97
179	98
179	99
179	100
179	101
180	101
181	101
179	102
179	103
179	104
179	105
179	106
179	107
179	108
179	109
179	110
179	111
179	112
179	113
179	114
180	114
181	114
179	115
179	116
191	116
192	116
193	116
195	116
196	116
197	116
198	116
199	116
200	116
203	116
204	116
205	116
221	116
222	116
225	116
226	116
227	116
228	116
231	116
232	116
233	116
236	116
238	116
242	116
244	116
245	116
247	116
248	116
249	116
251	116
179	117
191	117
195	117
197	117
198	117
202	117
216	117
217	117
221	117
222	117
225	117
227	117
228	117
230	117
236	117
238	117
239	117
242	117
244	117
245	117
246	117
247	117
251	117
179	118
192	118
195	118
196	118
197	118
198	118
199	118
200	118
202	118
209	118
211	118
213	118
214	118
215	118
216	118
217	118
221	118
222	118
225	118
227	118
230	118
235	118
236	118
238	118
239	118
240	118
242	118
244	118
245	118
248	118
251	118
252	118
179	119
193	119
195	119
198	119
202	119
209	119
210	119
211	119
212	119
214	119
216	119
217	119
221	119
222	119
225	119
227	119
230	119
235	119
238	119
240	119
241	119
242	119
244	119
246	119
249	119
251	119
252	119
179	120
191	120
192	120
193	120
195	120
198	120
199	120
200	120
202	120
203	120
204	120
205	120
210	120
211	120
212	120
214	120
216	120
217	120
222	120
223	120
224	120
227	120
230	120
231	120
232	120
233	120
236	120
238	120
241	120
242	120
244	120
245	120
246	120
247	120
248	120
249	120
251	120
252	120
179	121
199	121
200	121
204	121
205	121
223	121
231	121
232	121
233	121
236	121
244	121
248	121
251	121
179	122
251	122
179	123
179	124
319	124
320	124
321	124
322	124
323	124
324	124
329	124
330	124
331	124
332	124
333	124
338	124
339	124
340	124
341	124
342	124
343	124
348	124
349	124
350	124
351	124
352	124
353	124
388	124
389	124
390	124
391	124
392	124
393	124
397	124
398	124
399	124
400	124
401	124
402	124
407	124
409	124
410	124
412	124
446	124
447	124
448	124
449	124
450	124
451	124
456	124
457	124
458	124
459	124
460	124
461	124
466	124
467	124
468	124
469	124
470	124
471	124
476	124
477	124
478	124
479	124
480	124
481	124
514	124
515	124
516	124
517	124
518	124
519	124
523	124
524	124
525	124
526	124
527	124
528	124
153	125
154	125
157	125
158	125
160	125
161	125
170	125
171	125
174	125
175	125
179	125
180	125
181	125
182	125
183	125
184	125
188	125
189	125
190	125
191	125
192	125
193	125
194	125
198	125
199	125
200	125
201	125
202	125
203	125
207	125
208	125
209	125
210	125
211	125
212	125
213	125
216	125
217	125
218	125
219	125
220	125
221	125
224	125
225	125
226	125
227	125
228	125
229	125
230	125
233	125
234	125
235	125
236	125
237	125
238	125
239	125
243	125
244	125
245	125
246	125
247	125
248	125
249	125
253	125
254	125
255	125
256	125
257	125
258	125
262	125
263	125
264	125
265	125
266	125
267	125
271	125
272	125
273	125
274	125
275	125
276	125
279	125
280	125
281	125
282	125
283	125
284	125
285	125
286	125
290	125
291	125
292	125
293	125
294	125
295	125
296	125
300	125
301	125
302	125
303	125
304	125
305	125
306	125
309	125
310	125
311	125
312	125
313	125
314	125
315	125
319	125
320	125
321	125
322	125
323	125
324	125
328	125
329	125
330	125
331	125
332	125
333	125
334	125
338	125
339	125
340	125
341	125
342	125
343	125
347	125
348	125
349	125
350	125
351	125
352	125
353	125
357	125
358	125
359	125
360	125
361	125
362	125
363	125
367	125
368	125
369	125
370	125
371	125
372	125
373	125
377	125
378	125
379	125
380	125
381	125
382	125
383	125
387	125
388	125
389	125
390	125
391	125
392	125
393	125
397	125
398	125
399	125
400	125
401	125
402	125
403	125
407	125
408	125
409	125
410	125
411	125
412	125
417	125
418	125
419	125
420	125
421	125
422	125
426	125
427	125
428	125
429	125
430	125
431	125
432	125
436	125
437	125
438	125
439	125
440	125
441	125
442	125
446	125
447	125
448	125
449	125
450	125
451	125
452	125
456	125
457	125
458	125
459	125
460	125
461	125
466	125
467	125
468	125
469	125
470	125
471	125
475	125
476	125
477	125
478	125
479	125
480	125
481	125
486	125
487	125
488	125
489	125
490	125
491	125
495	125
496	125
497	125
498	125
499	125
500	125
501	125
505	125
506	125
507	125
508	125
509	125
510	125
514	125
515	125
516	125
517	125
518	125
519	125
523	125
524	125
525	125
526	125
527	125
528	125
154	126
156	126
158	126
160	126
170	126
171	126
173	126
174	126
175	126
176	126
179	126
154	127
156	127
158	127
160	127
161	127
171	127
175	127
176	127
179	127
180	127
181	127
182	127
183	127
184	127
154	128
156	128
158	128
160	128
166	128
167	128
168	128
171	128
175	128
179	128
249	128
250	128
251	128
252	128
253	128
254	128
154	129
156	129
157	129
158	129
160	129
161	129
171	129
174	129
179	129
251	129
157	130
160	130
161	130
171	130
173	130
174	130
175	130
179	130
251	130
522	130
523	130
524	130
525	130
179	131
251	131
522	131
523	131
524	131
525	131
179	132
180	132
181	132
251	132
523	132
179	133
250	133
251	133
252	133
253	133
422	133
423	133
424	133
425	133
426	133
523	133
179	134
249	134
250	134
251	134
252	134
253	134
421	134
422	134
423	134
424	134
425	134
426	134
523	134
179	135
234	135
235	135
236	135
237	135
238	135
239	135
249	135
250	135
251	135
252	135
253	135
294	135
295	135
296	135
321	135
322	135
323	135
324	135
325	135
326	135
423	135
523	135
179	136
235	136
236	136
237	136
238	136
239	136
249	136
250	136
251	136
252	136
253	136
292	136
293	136
294	136
295	136
296	136
297	136
323	136
423	136
522	136
523	136
524	136
179	137
237	137
250	137
251	137
252	137
253	137
294	137
323	137
423	137
522	137
523	137
524	137
525	137
179	138
237	138
251	138
294	138
307	138
308	138
309	138
310	138
311	138
312	138
323	138
334	138
335	138
336	138
337	138
338	138
423	138
521	138
522	138
523	138
524	138
525	138
526	138
179	139
237	139
251	139
294	139
309	139
310	139
323	139
334	139
335	139
336	139
337	139
338	139
423	139
521	139
522	139
523	139
524	139
525	139
179	140
237	140
251	140
264	140
265	140
266	140
267	140
268	140
278	140
279	140
280	140
281	140
282	140
294	140
309	140
310	140
323	140
336	140
408	140
409	140
410	140
411	140
412	140
423	140
424	140
522	140
523	140
524	140
525	140
179	141
237	141
251	141
264	141
265	141
266	141
267	141
268	141
277	141
278	141
279	141
280	141
281	141
282	141
294	141
309	141
310	141
323	141
336	141
407	141
408	141
409	141
410	141
411	141
412	141
422	141
423	141
424	141
425	141
523	141
524	141
179	142
237	142
251	142
266	142
280	142
294	142
309	142
310	142
322	142
323	142
324	142
336	142
409	142
421	142
422	142
423	142
424	142
425	142
426	142
523	142
179	143
237	143
251	143
266	143
280	143
294	143
309	143
310	143
321	143
322	143
323	143
324	143
325	143
336	143
409	143
421	143
422	143
423	143
424	143
425	143
426	143
450	143
451	143
452	143
453	143
454	143
523	143
179	144
237	144
249	144
250	144
251	144
252	144
253	144
266	144
280	144
293	144
294	144
309	144
310	144
321	144
322	144
323	144
324	144
325	144
336	144
409	144
422	144
423	144
424	144
425	144
450	144
451	144
452	144
453	144
454	144
464	144
465	144
466	144
467	144
468	144
479	144
480	144
481	144
482	144
483	144
523	144
179	145
180	145
181	145
236	145
237	145
266	145
280	145
292	145
293	145
294	145
295	145
309	145
310	145
321	145
322	145
323	145
324	145
325	145
336	145
363	145
364	145
365	145
366	145
367	145
368	145
409	145
423	145
424	145
452	145
465	145
466	145
468	145
480	145
481	145
523	145
179	146
235	146
236	146
237	146
238	146
239	146
266	146
280	146
292	146
293	146
294	146
295	146
296	146
309	146
310	146
321	146
322	146
323	146
324	146
325	146
336	146
349	146
350	146
351	146
352	146
353	146
354	146
365	146
366	146
409	146
423	146
452	146
466	146
481	146
523	146
179	147
235	147
236	147
237	147
238	147
239	147
266	147
280	147
292	147
293	147
294	147
295	147
296	147
309	147
310	147
323	147
336	147
351	147
366	147
409	147
423	147
452	147
466	147
481	147
523	147
179	148
221	148
222	148
223	148
224	148
225	148
235	148
236	148
237	148
238	148
239	148
266	148
280	148
292	148
293	148
294	148
295	148
296	148
309	148
323	148
336	148
351	148
365	148
366	148
409	148
423	148
452	148
466	148
481	148
523	148
179	149
223	149
235	149
236	149
237	149
238	149
239	149
266	149
280	149
293	149
294	149
295	149
309	149
310	149
323	149
336	149
351	149
365	149
366	149
409	149
423	149
452	149
466	149
481	149
523	149
179	150
223	150
236	150
237	150
238	150
266	150
280	150
294	150
308	150
309	150
310	150
311	150
323	150
335	150
336	150
337	150
351	150
365	150
366	150
409	150
423	150
452	150
466	150
481	150
523	150
179	151
223	151
237	151
266	151
280	151
294	151
307	151
308	151
309	151
310	151
311	151
312	151
323	151
334	151
335	151
336	151
337	151
338	151
351	151
365	151
366	151
409	151
410	151
423	151
452	151
466	151
481	151
521	151
522	151
523	151
524	151
525	151
526	151
179	152
223	152
237	152
266	152
280	152
294	152
307	152
308	152
309	152
310	152
311	152
312	152
323	152
334	152
335	152
336	152
337	152
338	152
351	152
365	152
366	152
408	152
409	152
410	152
411	152
423	152
452	152
466	152
481	152
179	153
223	153
237	153
266	153
280	153
294	153
308	153
309	153
310	153
311	153
323	153
334	153
335	153
336	153
337	153
338	153
351	153
366	153
407	153
408	153
409	153
410	153
411	153
412	153
423	153
452	153
466	153
481	153
179	154
223	154
237	154
266	154
279	154
280	154
294	154
309	154
310	154
323	154
334	154
335	154
336	154
337	154
338	154
351	154
365	154
366	154
407	154
408	154
409	154
410	154
411	154
412	154
423	154
452	154
466	154
481	154
179	155
223	155
237	155
266	155
278	155
279	155
280	155
281	155
294	155
309	155
323	155
336	155
337	155
351	155
366	155
408	155
409	155
410	155
411	155
423	155
452	155
466	155
481	155
179	156
223	156
237	156
266	156
277	156
278	156
279	156
280	156
281	156
294	156
309	156
323	156
336	156
351	156
366	156
408	156
409	156
410	156
411	156
423	156
452	156
466	156
481	156
179	157
223	157
237	157
266	157
277	157
278	157
279	157
280	157
281	157
282	157
294	157
309	157
323	157
336	157
351	157
366	157
409	157
423	157
452	157
466	157
481	157
179	158
180	158
181	158
223	158
237	158
266	158
277	158
278	158
279	158
280	158
281	158
282	158
294	158
309	158
323	158
336	158
351	158
365	158
366	158
409	158
423	158
452	158
466	158
481	158
179	159
221	159
222	159
223	159
224	159
237	159
265	159
266	159
267	159
268	159
278	159
279	159
280	159
281	159
294	159
309	159
323	159
336	159
351	159
366	159
409	159
423	159
452	159
466	159
481	159
179	160
207	160
208	160
209	160
210	160
211	160
212	160
221	160
222	160
223	160
224	160
237	160
264	160
265	160
266	160
267	160
268	160
279	160
280	160
294	160
309	160
323	160
336	160
351	160
365	160
366	160
409	160
423	160
452	160
466	160
481	160
179	161
208	161
209	161
210	161
211	161
220	161
221	161
222	161
223	161
224	161
225	161
237	161
264	161
265	161
266	161
267	161
268	161
269	161
280	161
294	161
309	161
323	161
336	161
351	161
365	161
366	161
409	161
423	161
452	161
466	161
481	161
179	162
209	162
210	162
220	162
221	162
222	162
223	162
224	162
225	162
237	162
264	162
265	162
266	162
267	162
268	162
269	162
279	162
280	162
294	162
309	162
323	162
336	162
351	162
365	162
366	162
409	162
423	162
451	162
452	162
453	162
465	162
466	162
467	162
480	162
481	162
482	162
179	163
209	163
210	163
221	163
222	163
223	163
224	163
237	163
265	163
266	163
267	163
268	163
279	163
280	163
294	163
309	163
323	163
336	163
351	163
365	163
366	163
409	163
423	163
450	163
451	163
452	163
453	163
454	163
464	163
465	163
466	163
467	163
468	163
479	163
480	163
481	163
482	163
483	163
179	164
209	164
210	164
222	164
223	164
237	164
266	164
279	164
280	164
294	164
309	164
323	164
336	164
351	164
365	164
366	164
409	164
423	164
435	164
436	164
437	164
438	164
439	164
440	164
450	164
451	164
452	164
453	164
454	164
464	164
465	164
466	164
467	164
468	164
479	164
480	164
481	164
482	164
483	164
179	165
209	165
210	165
223	165
237	165
266	165
279	165
280	165
294	165
309	165
323	165
336	165
351	165
365	165
366	165
409	165
423	165
437	165
438	165
450	165
451	165
452	165
453	165
454	165
464	165
465	165
466	165
467	165
468	165
479	165
480	165
481	165
482	165
483	165
179	166
209	166
210	166
223	166
237	166
266	166
279	166
280	166
294	166
309	166
321	166
322	166
323	166
324	166
325	166
336	166
351	166
365	166
366	166
409	166
423	166
437	166
451	166
452	166
453	166
454	166
464	166
465	166
466	166
467	166
479	166
480	166
481	166
482	166
179	167
209	167
210	167
223	167
237	167
266	167
279	167
280	167
294	167
309	167
336	167
351	167
364	167
365	167
366	167
367	167
409	167
423	167
437	167
438	167
452	167
466	167
481	167
121	168
153	168
154	168
156	168
157	168
158	168
160	168
161	168
170	168
171	168
174	168
175	168
179	168
209	168
210	168
223	168
237	168
266	168
279	168
280	168
294	168
309	168
336	168
351	168
364	168
365	168
366	168
367	168
368	168
409	168
423	168
437	168
438	168
452	168
466	168
481	168
121	169
122	169
123	169
124	169
125	169
126	169
154	169
156	169
158	169
160	169
170	169
171	169
175	169
176	169
179	169
209	169
210	169
223	169
237	169
266	169
279	169
280	169
294	169
309	169
336	169
351	169
364	169
365	169
366	169
367	169
368	169
409	169
423	169
437	169
438	169
452	169
466	169
481	169
121	170
122	170
154	170
156	170
158	170
160	170
161	170
167	170
171	170
175	170
179	170
180	170
181	170
182	170
183	170
184	170
209	170
210	170
223	170
237	170
266	170
279	170
280	170
294	170
309	170
336	170
351	170
364	170
365	170
366	170
367	170
409	170
423	170
437	170
452	170
466	170
481	170
154	171
156	171
158	171
160	171
166	171
167	171
168	171
171	171
175	171
176	171
179	171
180	171
181	171
182	171
183	171
184	171
209	171
210	171
223	171
237	171
266	171
279	171
280	171
294	171
309	171
336	171
351	171
365	171
366	171
367	171
409	171
423	171
437	171
438	171
452	171
466	171
481	171
121	172
126	172
154	172
156	172
157	172
158	172
160	172
161	172
171	172
173	172
174	172
175	172
179	172
193	172
194	172
195	172
196	172
197	172
198	172
209	172
223	172
237	172
266	172
279	172
294	172
309	172
336	172
350	172
351	172
352	172
409	172
423	172
437	172
438	172
452	172
466	172
481	172
121	173
123	173
126	173
157	173
160	173
161	173
174	173
175	173
179	173
195	173
196	173
197	173
209	173
210	173
211	173
223	173
237	173
266	173
279	173
294	173
309	173
336	173
349	173
350	173
351	173
352	173
353	173
365	173
366	173
409	173
423	173
437	173
452	173
466	173
481	173
121	174
122	174
123	174
124	174
125	174
126	174
179	174
194	174
195	174
196	174
197	174
208	174
209	174
210	174
211	174
212	174
223	174
237	174
266	174
279	174
294	174
309	174
336	174
349	174
350	174
351	174
352	174
353	174
365	174
366	174
409	174
423	174
437	174
438	174
452	174
466	174
481	174
179	175
180	175
181	175
193	175
194	175
195	175
196	175
197	175
198	175
207	175
208	175
209	175
210	175
211	175
212	175
223	175
237	175
266	175
279	175
294	175
309	175
336	175
349	175
350	175
351	175
352	175
353	175
365	175
366	175
409	175
423	175
437	175
438	175
452	175
466	175
481	175
124	176
125	176
179	176
193	176
194	176
195	176
196	176
197	176
198	176
207	176
208	176
209	176
210	176
211	176
212	176
223	176
236	176
237	176
266	176
279	176
294	176
309	176
336	176
349	176
350	176
351	176
352	176
353	176
365	176
366	176
409	176
423	176
437	176
438	176
452	176
466	176
481	176
121	177
123	177
125	177
126	177
179	177
194	177
195	177
196	177
197	177
208	177
209	177
210	177
211	177
222	177
223	177
236	177
237	177
266	177
279	177
294	177
309	177
336	177
350	177
351	177
352	177
365	177
366	177
409	177
423	177
437	177
438	177
452	177
466	177
481	177
122	178
123	178
125	178
179	178
195	178
196	178
209	178
210	178
222	178
223	178
236	178
237	178
266	178
279	178
294	178
309	178
336	178
351	178
365	178
366	178
409	178
423	178
437	178
438	178
452	178
466	178
481	178
121	179
179	179
194	179
195	179
196	179
197	179
198	179
209	179
222	179
223	179
236	179
237	179
266	179
279	179
294	179
309	179
336	179
351	179
365	179
366	179
409	179
423	179
437	179
438	179
452	179
466	179
481	179
121	180
123	180
179	180
194	180
195	180
196	180
197	180
198	180
209	180
222	180
223	180
236	180
237	180
266	180
279	180
294	180
309	180
334	180
335	180
336	180
337	180
338	180
351	180
365	180
366	180
409	180
423	180
437	180
438	180
452	180
466	180
481	180
121	181
122	181
123	181
124	181
125	181
179	181
209	181
222	181
223	181
236	181
237	181
266	181
279	181
292	181
293	181
294	181
295	181
296	181
309	181
351	181
365	181
366	181
407	181
408	181
409	181
410	181
411	181
412	181
423	181
437	181
438	181
452	181
466	181
481	181
124	182
125	182
179	182
209	182
222	182
223	182
236	182
266	182
279	182
292	182
293	182
294	182
295	182
296	182
309	182
351	182
365	182
366	182
423	182
437	182
438	182
452	182
466	182
481	182
121	183
179	183
209	183
222	183
223	183
234	183
235	183
236	183
237	183
238	183
239	183
266	183
279	183
309	183
351	183
365	183
366	183
423	183
437	183
438	183
452	183
466	183
481	183
121	184
123	184
179	184
209	184
222	184
223	184
235	184
236	184
237	184
238	184
266	184
279	184
309	184
351	184
365	184
366	184
377	184
378	184
379	184
380	184
381	184
382	184
423	184
437	184
438	184
452	184
466	184
481	184
121	185
122	185
123	185
124	185
125	185
179	185
209	185
222	185
223	185
266	185
279	185
309	185
351	185
365	185
366	185
379	185
380	185
423	185
437	185
452	185
466	185
481	185
122	186
123	186
124	186
125	186
179	186
209	186
222	186
223	186
266	186
279	186
309	186
351	186
365	186
366	186
379	186
380	186
423	186
437	186
452	186
466	186
481	186
123	187
124	187
179	187
207	187
208	187
209	187
210	187
211	187
212	187
221	187
222	187
223	187
224	187
266	187
279	187
309	187
351	187
365	187
379	187
380	187
423	187
437	187
452	187
466	187
481	187
121	188
122	188
125	188
179	188
211	188
220	188
221	188
222	188
223	188
224	188
225	188
266	188
279	188
309	188
351	188
365	188
366	188
379	188
380	188
423	188
437	188
452	188
466	188
481	188
121	189
125	189
126	189
179	189
180	189
181	189
266	189
279	189
309	189
351	189
365	189
379	189
380	189
423	189
437	189
452	189
466	189
481	189
121	190
125	190
126	190
179	190
266	190
279	190
309	190
351	190
365	190
379	190
380	190
423	190
437	190
452	190
466	190
481	190
121	191
122	191
124	191
125	191
179	191
266	191
279	191
309	191
351	191
365	191
379	191
380	191
423	191
437	191
452	191
466	191
481	191
123	192
124	192
179	192
266	192
279	192
309	192
351	192
365	192
379	192
380	192
423	192
437	192
452	192
466	192
481	192
179	193
266	193
279	193
309	193
310	193
351	193
366	193
380	193
423	193
438	193
452	193
466	193
481	193
179	194
266	194
277	194
278	194
279	194
280	194
281	194
309	194
310	194
351	194
366	194
380	194
423	194
438	194
452	194
466	194
481	194
179	195
266	195
309	195
310	195
351	195
366	195
380	195
423	195
438	195
452	195
466	195
481	195
122	196
179	196
266	196
309	196
310	196
351	196
366	196
380	196
423	196
438	196
452	196
466	196
481	196
123	197
124	197
125	197
126	197
179	197
266	197
309	197
310	197
351	197
366	197
380	197
423	197
438	197
452	197
466	197
481	197
122	198
123	198
125	198
179	198
266	198
309	198
310	198
351	198
366	198
380	198
423	198
438	198
452	198
466	198
481	198
121	199
122	199
179	199
266	199
309	199
310	199
351	199
366	199
379	199
380	199
423	199
438	199
452	199
466	199
481	199
174	200
179	200
266	200
309	200
310	200
351	200
366	200
378	200
379	200
380	200
381	200
423	200
438	200
452	200
466	200
481	200
121	201
126	201
173	201
174	201
175	201
179	201
180	201
181	201
266	201
309	201
310	201
351	201
366	201
377	201
378	201
379	201
380	201
381	201
382	201
423	201
438	201
452	201
466	201
481	201
121	202
122	202
126	202
174	202
179	202
266	202
307	202
308	202
309	202
310	202
311	202
312	202
351	202
366	202
377	202
378	202
379	202
380	202
381	202
382	202
423	202
438	202
452	202
466	202
481	202
122	203
125	203
126	203
179	203
266	203
351	203
366	203
378	203
379	203
380	203
381	203
382	203
423	203
438	203
452	203
466	203
481	203
123	204
124	204
125	204
179	204
266	204
351	204
366	204
379	204
380	204
421	204
422	204
423	204
424	204
425	204
426	204
438	204
452	204
466	204
481	204
122	205
123	205
124	205
125	205
179	205
266	205
351	205
366	205
380	205
438	205
452	205
466	205
481	205
124	206
179	206
266	206
351	206
366	206
380	206
438	206
452	206
466	206
481	206
123	207
179	207
266	207
351	207
366	207
380	207
438	207
452	207
466	207
481	207
122	208
123	208
179	208
266	208
351	208
366	208
380	208
438	208
452	208
466	208
481	208
122	209
123	209
124	209
125	209
126	209
179	209
266	209
351	209
366	209
380	209
438	209
452	209
466	209
481	209
179	210
266	210
351	210
366	210
380	210
438	210
452	210
466	210
481	210
126	211
137	211
138	211
143	211
164	211
179	211
266	211
351	211
366	211
380	211
438	211
452	211
466	211
481	211
122	212
123	212
124	212
126	212
132	212
135	212
136	212
137	212
138	212
139	212
141	212
142	212
143	212
144	212
146	212
148	212
151	212
153	212
154	212
157	212
161	212
163	212
164	212
165	212
166	212
168	212
169	212
174	212
175	212
179	212
266	212
351	212
366	212
380	212
438	212
452	212
466	212
481	212
122	213
123	213
124	213
125	213
126	213
132	213
135	213
136	213
138	213
141	213
146	213
148	213
151	213
153	213
157	213
158	213
161	213
162	213
166	213
169	213
173	213
175	213
176	213
179	213
266	213
351	213
366	213
380	213
438	213
452	213
466	213
481	213
132	214
135	214
138	214
140	214
141	214
146	214
148	214
151	214
154	214
157	214
159	214
161	214
162	214
166	214
167	214
169	214
173	214
176	214
179	214
180	214
181	214
182	214
183	214
184	214
185	214
186	214
187	214
188	214
189	214
190	214
191	214
192	214
193	214
194	214
195	214
196	214
197	214
198	214
199	214
200	214
201	214
202	214
203	214
204	214
205	214
206	214
207	214
208	214
209	214
210	214
211	214
212	214
213	214
214	214
215	214
216	214
217	214
218	214
219	214
220	214
221	214
222	214
223	214
224	214
225	214
226	214
227	214
228	214
229	214
230	214
231	214
232	214
233	214
234	214
235	214
236	214
237	214
238	214
239	214
240	214
241	214
242	214
243	214
244	214
245	214
246	214
247	214
248	214
249	214
250	214
251	214
252	214
253	214
254	214
255	214
256	214
257	214
258	214
259	214
260	214
261	214
262	214
263	214
264	214
265	214
266	214
267	214
268	214
269	214
270	214
271	214
272	214
273	214
274	214
275	214
276	214
277	214
278	214
279	214
280	214
281	214
282	214
283	214
284	214
285	214
286	214
287	214
288	214
289	214
290	214
291	214
292	214
293	214
294	214
295	214
296	214
297	214
298	214
299	214
300	214
301	214
302	214
303	214
304	214
305	214
306	214
307	214
308	214
309	214
310	214
311	214
312	214
313	214
314	214
315	214
316	214
317	214
318	214
319	214
320	214
321	214
322	214
323	214
324	214
325	214
326	214
327	214
328	214
329	214
330	214
331	214
332	214
333	214
334	214
335	214
336	214
337	214
338	214
339	214
340	214
341	214
342	214
343	214
344	214
345	214
346	214
347	214
348	214
349	214
350	214
351	214
352	214
353	214
354	214
355	214
356	214
357	214
358	214
359	214
360	214
361	214
362	214
363	214
364	214
365	214
366	214
367	214
368	214
369	214
370	214
371	214
372	214
373	214
374	214
375	214
376	214
377	214
378	214
379	214
380	214
381	214
382	214
383	214
384	214
385	214
386	214
387	214
388	214
389	214
390	214
391	214
392	214
393	214
394	214
395	214
396	214
397	214
398	214
399	214
400	214
401	214
402	214
403	214
404	214
405	214
406	214
407	214
408	214
409	214
410	214
411	214
412	214
413	214
414	214
415	214
416	214
417	214
418	214
419	214
420	214
421	214
422	214
423	214
424	214
425	214
426	214
427	214
428	214
429	214
430	214
431	214
432	214
433	214
434	214
435	214
436	214
437	214
438	214
439	214
440	214
441	214
442	214
443	214
444	214
445	214
446	214
447	214
448	214
449	214
450	214
451	214
452	214
453	214
454	214
455	214
456	214
457	214
458	214
459	214
460	214
461	214
462	214
463	214
464	214
465	214
466	214
467	214
468	214
469	214
470	214
471	214
472	214
473	214
474	214
475	214
476	214
477	214
478	214
479	214
480	214
481	214
482	214
483	214
484	214
485	214
486	214
487	214
488	214
489	214
490	214
491	214
492	214
493	214
494	214
495	214
496	214
497	214
498	214
499	214
500	214
501	214
502	214
503	214
504	214
505	214
506	214
507	214
508	214
509	214
510	214
511	214
512	214
513	214
514	214
515	214
516	214
517	214
518	214
519	214
520	214
521	214
522	214
523	214
524	214
525	214
526	214
527	214
528	214
529	214
121	215
122	215
123	215
124	215
125	215
132	215
133	215
135	215
138	215
141	215
146	215
148	215
151	215
154	215
157	215
160	215
161	215
162	215
163	215
166	215
169	215
173	215
175	215
176	215
179	215
180	215
181	215
182	215
183	215
184	215
185	215
186	215
187	215
188	215
189	215
190	215
191	215
206	215
207	215
208	215
209	215
210	215
213	215
214	215
215	215
216	215
217	215
218	215
220	215
221	215
222	215
223	215
224	215
225	215
226	215
227	215
228	215
229	215
230	215
231	215
232	215
234	215
235	215
236	215
237	215
238	215
239	215
240	215
241	215
242	215
243	215
244	215
245	215
246	215
247	215
248	215
249	215
250	215
251	215
252	215
253	215
254	215
255	215
266	215
351	215
365	215
366	215
379	215
380	215
438	215
452	215
466	215
481	215
125	216
126	216
133	216
134	216
135	216
138	216
142	216
143	216
144	216
146	216
149	216
150	216
153	216
154	216
157	216
163	216
164	216
165	216
166	216
169	216
174	216
175	216
179	216
266	216
351	216
366	216
380	216
438	216
452	216
466	216
481	216
126	217
146	217
168	217
179	217
266	217
351	217
366	217
380	217
438	217
452	217
466	217
481	217
122	218
123	218
124	218
125	218
179	218
266	218
351	218
366	218
380	218
438	218
452	218
466	218
481	218
123	219
179	219
266	219
351	219
366	219
380	219
438	219
452	219
466	219
481	219
122	220
123	220
124	220
125	220
126	220
179	220
266	220
351	220
366	220
380	220
438	220
452	220
466	220
481	220
121	221
125	221
179	221
266	221
351	221
366	221
380	221
438	221
452	221
466	221
481	221
121	222
125	222
126	222
179	222
266	222
351	222
366	222
380	222
438	222
452	222
466	222
481	222
121	223
125	223
179	223
266	223
351	223
366	223
380	223
437	223
438	223
452	223
466	223
481	223
122	224
123	224
124	224
125	224
179	224
266	224
351	224
366	224
380	224
438	224
452	224
466	224
481	224
179	225
266	225
351	225
365	225
366	225
380	225
438	225
452	225
466	225
481	225
126	226
179	226
266	226
351	226
365	226
366	226
380	226
438	226
452	226
466	226
481	226
121	227
123	227
126	227
179	227
266	227
351	227
366	227
380	227
437	227
438	227
450	227
451	227
452	227
453	227
454	227
455	227
466	227
481	227
122	228
123	228
124	228
125	228
126	228
174	228
175	228
176	228
179	228
180	228
181	228
266	228
351	228
365	228
366	228
380	228
437	228
438	228
466	228
481	228
122	229
123	229
125	229
126	229
179	229
266	229
351	229
365	229
366	229
380	229
437	229
438	229
466	229
481	229
122	230
124	230
179	230
266	230
351	230
365	230
366	230
380	230
437	230
438	230
466	230
481	230
122	231
123	231
124	231
125	231
126	231
179	231
266	231
351	231
365	231
366	231
380	231
437	231
438	231
466	231
481	231
179	232
266	232
351	232
365	232
366	232
380	232
437	232
466	232
481	232
122	233
124	233
179	233
266	233
351	233
365	233
366	233
380	233
437	233
438	233
466	233
481	233
122	234
123	234
124	234
179	234
266	234
351	234
365	234
366	234
380	234
437	234
438	234
466	234
481	234
122	235
123	235
124	235
125	235
126	235
179	235
266	235
351	235
365	235
366	235
379	235
380	235
437	235
466	235
481	235
179	236
263	236
264	236
265	236
266	236
267	236
268	236
351	236
365	236
366	236
379	236
380	236
437	236
438	236
466	236
481	236
179	237
351	237
365	237
379	237
380	237
437	237
466	237
481	237
179	238
351	238
365	238
379	238
380	238
437	238
466	238
481	238
179	239
351	239
365	239
379	239
380	239
437	239
466	239
481	239
125	240
126	240
179	240
351	240
365	240
379	240
380	240
437	240
466	240
481	240
126	241
127	241
179	241
180	241
181	241
351	241
365	241
379	241
380	241
437	241
466	241
481	241
179	242
351	242
365	242
379	242
380	242
437	242
438	242
466	242
481	242
121	243
123	243
124	243
179	243
351	243
365	243
379	243
380	243
436	243
437	243
438	243
439	243
466	243
481	243
121	244
122	244
123	244
124	244
179	244
351	244
365	244
379	244
380	244
436	244
437	244
438	244
439	244
440	244
466	244
481	244
122	245
123	245
124	245
125	245
126	245
179	245
351	245
365	245
379	245
380	245
436	245
437	245
438	245
439	245
440	245
466	245
481	245
179	246
351	246
365	246
379	246
380	246
436	246
437	246
438	246
439	246
440	246
466	246
481	246
121	247
122	247
179	247
351	247
365	247
379	247
380	247
436	247
437	247
438	247
439	247
464	247
465	247
466	247
467	247
468	247
479	247
480	247
481	247
482	247
483	247
122	248
123	248
179	248
351	248
365	248
379	248
380	248
437	248
464	248
465	248
466	248
467	248
468	248
479	248
480	248
481	248
482	248
483	248
124	249
125	249
179	249
351	249
365	249
379	249
437	249
126	250
179	250
351	250
365	250
379	250
380	250
437	250
121	251
127	251
179	251
351	251
365	251
379	251
380	251
437	251
121	252
122	252
123	252
124	252
125	252
126	252
179	252
351	252
365	252
379	252
380	252
437	252
123	253
179	253
351	253
365	253
379	253
437	253
179	254
180	254
181	254
351	254
365	254
379	254
437	254
126	255
154	255
158	255
161	255
162	255
171	255
175	255
179	255
351	255
363	255
364	255
365	255
366	255
367	255
368	255
379	255
437	255
124	256
125	256
126	256
154	256
157	256
158	256
159	256
160	256
161	256
171	256
174	256
175	256
176	256
179	256
351	256
364	256
366	256
367	256
379	256
437	256
122	257
123	257
126	257
154	257
157	257
159	257
160	257
161	257
162	257
171	257
175	257
176	257
179	257
351	257
380	257
438	257
122	258
123	258
126	258
149	258
150	258
151	258
154	258
157	258
159	258
160	258
167	258
168	258
171	258
175	258
176	258
179	258
180	258
181	258
182	258
183	258
184	258
351	258
379	258
380	258
438	258
124	259
125	259
126	259
154	259
157	259
159	259
160	259
161	259
167	259
168	259
171	259
173	259
176	259
179	259
351	259
378	259
379	259
380	259
381	259
382	259
438	259
126	260
154	260
157	260
158	260
160	260
161	260
162	260
171	260
174	260
175	260
179	260
351	260
438	260
179	261
349	261
350	261
351	261
352	261
353	261
438	261
179	262
349	262
350	262
351	262
352	262
353	262
438	262
179	263
438	263
179	264
438	264
179	265
437	265
438	265
179	266
437	266
438	266
179	267
437	267
438	267
179	268
437	268
438	268
179	269
437	269
438	269
179	270
437	270
438	270
179	271
180	271
181	271
437	271
438	271
179	272
437	272
438	272
179	273
437	273
438	273
179	274
437	274
438	274
179	275
437	275
179	276
437	276
438	276
439	276
179	277
435	277
436	277
437	277
438	277
439	277
440	277
179	278
179	279
179	280
179	281
179	282
179	283
179	284
180	284
181	284
179	285
179	286
179	287
179	288
179	289
179	290
179	291
179	292
179	293
191	293
192	293
195	293
196	293
198	293
199	293
200	293
203	293
204	293
205	293
221	293
224	293
227	293
228	293
231	293
232	293
233	293
236	293
244	293
245	293
247	293
248	293
250	293
179	294
191	294
195	294
196	294
197	294
198	294
202	294
217	294
221	294
224	294
227	294
228	294
230	294
231	294
235	294
236	294
237	294
238	294
241	294
242	294
244	294
245	294
247	294
251	294
179	295
191	295
192	295
195	295
196	295
197	295
198	295
199	295
200	295
201	295
202	295
209	295
214	295
215	295
216	295
217	295
221	295
224	295
227	295
229	295
230	295
235	295
237	295
238	295
239	295
241	295
244	295
245	295
247	295
248	295
251	295
179	296
180	296
181	296
192	296
193	296
195	296
198	296
201	296
202	296
209	296
210	296
211	296
212	296
214	296
216	296
217	296
221	296
224	296
227	296
229	296
230	296
235	296
237	296
238	296
240	296
241	296
244	296
245	296
246	296
248	296
249	296
251	296
179	297
181	297
191	297
192	297
193	297
195	297
198	297
199	297
200	297
202	297
203	297
204	297
205	297
209	297
210	297
211	297
212	297
214	297
216	297
217	297
221	297
222	297
224	297
227	297
228	297
230	297
231	297
233	297
235	297
237	297
238	297
241	297
244	297
245	297
246	297
247	297
248	297
249	297
251	297
154	298
157	298
158	298
160	298
161	298
162	298
174	298
175	298
179	298
191	298
192	298
199	298
200	298
203	298
204	298
222	298
223	298
231	298
232	298
233	298
235	298
236	298
244	298
247	298
248	298
251	298
154	299
157	299
158	299
159	299
160	299
170	299
171	299
173	299
174	299
175	299
179	299
236	299
250	299
493	299
494	299
495	299
496	299
497	299
154	300
156	300
159	300
160	300
161	300
171	300
175	300
176	300
179	300
495	300
149	301
150	301
151	301
154	301
156	301
159	301
160	301
166	301
167	301
168	301
171	301
175	301
179	301
180	301
181	301
182	301
183	301
184	301
495	301
508	301
509	301
510	301
511	301
512	301
154	302
156	302
157	302
158	302
159	302
160	302
161	302
171	302
174	302
179	302
197	302
198	302
199	302
200	302
201	302
202	302
206	302
207	302
208	302
209	302
210	302
211	302
215	302
216	302
217	302
218	302
219	302
220	302
225	302
226	302
227	302
228	302
229	302
230	302
235	302
236	302
237	302
238	302
239	302
240	302
246	302
247	302
248	302
249	302
250	302
255	302
256	302
257	302
258	302
259	302
260	302
261	302
266	302
267	302
268	302
269	302
270	302
275	302
276	302
277	302
278	302
279	302
280	302
284	302
285	302
286	302
287	302
288	302
289	302
294	302
295	302
296	302
297	302
298	302
299	302
304	302
305	302
306	302
307	302
308	302
309	302
310	302
314	302
315	302
316	302
317	302
318	302
319	302
323	302
324	302
325	302
326	302
327	302
328	302
329	302
330	302
334	302
335	302
336	302
337	302
338	302
339	302
340	302
344	302
345	302
346	302
347	302
348	302
349	302
350	302
355	302
356	302
357	302
358	302
359	302
360	302
365	302
366	302
367	302
368	302
369	302
370	302
371	302
376	302
377	302
378	302
379	302
380	302
381	302
386	302
387	302
388	302
389	302
390	302
391	302
396	302
397	302
398	302
399	302
400	302
401	302
402	302
406	302
407	302
408	302
409	302
410	302
411	302
412	302
417	302
418	302
419	302
420	302
421	302
422	302
423	302
428	302
429	302
430	302
431	302
432	302
433	302
434	302
439	302
440	302
441	302
442	302
443	302
444	302
445	302
449	302
450	302
451	302
452	302
453	302
454	302
455	302
459	302
460	302
461	302
462	302
463	302
464	302
465	302
469	302
470	302
471	302
472	302
473	302
474	302
475	302
480	302
481	302
482	302
483	302
484	302
485	302
489	302
490	302
491	302
492	302
493	302
494	302
495	302
496	302
499	302
500	302
501	302
502	302
503	302
504	302
510	302
514	302
515	302
516	302
517	302
518	302
519	302
524	302
525	302
526	302
527	302
528	302
154	303
157	303
158	303
160	303
161	303
162	303
171	303
173	303
174	303
175	303
179	303
180	303
181	303
182	303
183	303
184	303
185	303
188	303
189	303
190	303
191	303
192	303
193	303
197	303
198	303
199	303
200	303
201	303
202	303
206	303
207	303
208	303
209	303
210	303
211	303
215	303
216	303
217	303
218	303
219	303
220	303
221	303
224	303
225	303
226	303
227	303
228	303
229	303
230	303
231	303
235	303
236	303
237	303
238	303
239	303
240	303
241	303
245	303
246	303
247	303
248	303
249	303
250	303
251	303
255	303
256	303
257	303
258	303
259	303
260	303
261	303
266	303
267	303
268	303
269	303
270	303
274	303
275	303
276	303
277	303
278	303
279	303
280	303
284	303
285	303
286	303
287	303
288	303
289	303
294	303
295	303
296	303
297	303
298	303
299	303
300	303
304	303
305	303
306	303
307	303
308	303
309	303
310	303
314	303
315	303
316	303
317	303
318	303
319	303
323	303
324	303
325	303
326	303
327	303
328	303
329	303
330	303
334	303
335	303
336	303
337	303
338	303
339	303
340	303
344	303
345	303
346	303
347	303
348	303
349	303
350	303
354	303
355	303
356	303
357	303
358	303
359	303
360	303
361	303
364	303
365	303
366	303
367	303
368	303
369	303
370	303
371	303
375	303
376	303
377	303
378	303
379	303
380	303
381	303
382	303
386	303
387	303
388	303
389	303
390	303
391	303
396	303
397	303
398	303
399	303
400	303
401	303
402	303
406	303
407	303
408	303
409	303
410	303
411	303
412	303
416	303
417	303
418	303
419	303
420	303
421	303
422	303
423	303
428	303
429	303
430	303
431	303
432	303
433	303
434	303
439	303
440	303
441	303
442	303
443	303
444	303
445	303
450	303
451	303
452	303
453	303
454	303
455	303
460	303
461	303
462	303
463	303
464	303
465	303
470	303
471	303
472	303
473	303
474	303
475	303
480	303
481	303
482	303
483	303
484	303
485	303
489	303
490	303
491	303
492	303
493	303
494	303
495	303
496	303
497	303
499	303
500	303
501	303
502	303
503	303
504	303
505	303
510	303
514	303
515	303
516	303
517	303
518	303
519	303
520	303
523	303
524	303
525	303
526	303
527	303
528	303
529	303
179	304
493	304
494	304
495	304
496	304
497	304
508	304
509	304
510	304
511	304
512	304
179	305
493	305
494	305
495	305
496	305
497	305
508	305
509	305
510	305
511	305
512	305
179	306
494	306
495	306
496	306
508	306
509	306
510	306
511	306
512	306
179	307
495	307
508	307
509	307
510	307
511	307
512	307
179	308
493	308
494	308
495	308
496	308
497	308
498	308
509	308
510	308
511	308
179	309
510	309
179	310
508	310
509	310
510	310
511	310
512	310
179	311
179	312
179	313
179	314
180	314
181	314
179	315
179	316
179	317
179	318
179	319
179	320
179	321
179	322
179	323
179	324
179	325
179	326
179	327
180	327
181	327
182	327
179	328
180	328
179	329
179	330
179	331
179	332
179	333
179	334
179	335
179	336
179	337
179	338
179	339
194	339
207	339
208	339
221	339
236	339
250	339
264	339
265	339
279	339
293	339
322	339
336	339
350	339
365	339
379	339
393	339
408	339
422	339
437	339
452	339
465	339
479	339
480	339
509	339
522	339
179	340
180	340
181	340
194	340
207	340
208	340
221	340
236	340
250	340
264	340
265	340
279	340
293	340
307	340
308	340
322	340
336	340
350	340
365	340
379	340
393	340
408	340
422	340
437	340
452	340
465	340
479	340
480	340
494	340
509	340
522	340
155	341
156	341
158	341
159	341
160	341
162	341
163	341
172	341
173	341
175	341
176	341
179	341
194	341
207	341
208	341
221	341
236	341
250	341
264	341
265	341
279	341
293	341
307	341
322	341
336	341
350	341
365	341
379	341
393	341
408	341
422	341
437	341
452	341
465	341
479	341
494	341
509	341
522	341
155	342
156	342
158	342
160	342
161	342
162	342
173	342
176	342
179	342
194	342
208	342
221	342
236	342
250	342
265	342
279	342
293	342
307	342
322	342
336	342
350	342
365	342
379	342
393	342
408	342
422	342
437	342
452	342
465	342
479	342
494	342
509	342
522	342
151	343
152	343
153	343
155	343
156	343
158	343
160	343
161	343
162	343
163	343
173	343
176	343
179	343
194	343
208	343
221	343
236	343
250	343
279	343
293	343
307	343
322	343
336	343
350	343
365	343
379	343
393	343
408	343
422	343
437	343
452	343
465	343
479	343
494	343
509	343
522	343
151	344
152	344
155	344
156	344
158	344
160	344
162	344
168	344
169	344
170	344
173	344
176	344
179	344
192	344
193	344
194	344
195	344
196	344
197	344
198	344
199	344
200	344
201	344
202	344
203	344
204	344
205	344
206	344
207	344
208	344
209	344
210	344
211	344
212	344
213	344
214	344
215	344
216	344
217	344
218	344
219	344
220	344
221	344
222	344
223	344
224	344
225	344
226	344
227	344
228	344
229	344
230	344
231	344
232	344
233	344
234	344
235	344
236	344
237	344
238	344
239	344
240	344
241	344
242	344
243	344
244	344
245	344
246	344
247	344
248	344
249	344
250	344
251	344
253	344
255	344
256	344
257	344
258	344
259	344
260	344
261	344
262	344
263	344
264	344
265	344
266	344
267	344
268	344
269	344
270	344
271	344
272	344
273	344
274	344
275	344
276	344
277	344
278	344
279	344
280	344
281	344
282	344
283	344
284	344
285	344
286	344
287	344
288	344
289	344
290	344
291	344
292	344
293	344
294	344
295	344
296	344
297	344
298	344
299	344
300	344
301	344
302	344
303	344
304	344
305	344
306	344
307	344
308	344
320	344
321	344
322	344
323	344
324	344
325	344
326	344
327	344
328	344
329	344
330	344
331	344
332	344
333	344
334	344
335	344
336	344
337	344
338	344
339	344
340	344
341	344
342	344
343	344
344	344
345	344
346	344
347	344
348	344
349	344
350	344
351	344
352	344
353	344
354	344
355	344
356	344
357	344
358	344
359	344
360	344
361	344
362	344
363	344
364	344
365	344
366	344
367	344
368	344
369	344
370	344
371	344
372	344
373	344
374	344
375	344
376	344
377	344
378	344
379	344
380	344
384	344
385	344
386	344
387	344
388	344
389	344
390	344
391	344
392	344
393	344
394	344
395	344
396	344
397	344
398	344
399	344
400	344
401	344
402	344
403	344
404	344
405	344
406	344
407	344
408	344
409	344
410	344
411	344
412	344
413	344
414	344
415	344
416	344
417	344
418	344
419	344
420	344
421	344
422	344
423	344
424	344
425	344
426	344
427	344
428	344
429	344
430	344
431	344
432	344
433	344
434	344
435	344
437	344
438	344
439	344
440	344
441	344
442	344
447	344
448	344
449	344
450	344
451	344
452	344
453	344
454	344
455	344
456	344
457	344
458	344
459	344
460	344
461	344
462	344
463	344
464	344
465	344
466	344
467	344
468	344
469	344
470	344
471	344
472	344
473	344
474	344
475	344
476	344
477	344
478	344
479	344
480	344
481	344
482	344
483	344
484	344
485	344
486	344
487	344
488	344
489	344
490	344
491	344
492	344
493	344
494	344
495	344
496	344
497	344
498	344
499	344
500	344
501	344
502	344
503	344
504	344
505	344
506	344
507	344
508	344
509	344
510	344
511	344
512	344
513	344
514	344
515	344
516	344
517	344
518	344
519	344
520	344
521	344
522	344
155	345
156	345
158	345
159	345
160	345
162	345
163	345
172	345
173	345
176	345
179	345
180	345
181	345
182	345
183	345
184	345
185	345
186	345
187	345
188	345
189	345
190	345
191	345
192	345
193	345
194	345
195	345
196	345
197	345
198	345
199	345
200	345
201	345
202	345
203	345
204	345
205	345
206	345
207	345
208	345
209	345
210	345
211	345
212	345
213	345
214	345
215	345
216	345
217	345
218	345
219	345
220	345
221	345
222	345
223	345
224	345
225	345
226	345
227	345
228	345
229	345
230	345
231	345
232	345
233	345
234	345
235	345
236	345
237	345
238	345
239	345
240	345
241	345
242	345
243	345
244	345
245	345
246	345
247	345
248	345
249	345
250	345
251	345
252	345
253	345
254	345
255	345
263	345
264	345
265	345
266	345
267	345
268	345
269	345
270	345
271	345
272	345
273	345
274	345
275	345
276	345
277	345
279	345
280	345
281	345
282	345
283	345
284	345
285	345
286	345
287	345
288	345
289	345
290	345
291	345
292	345
293	345
294	345
295	345
296	345
297	345
298	345
299	345
300	345
301	345
302	345
303	345
304	345
305	345
306	345
307	345
308	345
309	345
310	345
311	345
312	345
313	345
314	345
315	345
316	345
317	345
318	345
319	345
330	345
331	345
340	345
341	345
342	345
348	345
355	345
356	345
357	345
359	345
360	345
362	345
363	345
364	345
365	345
366	345
367	345
368	345
369	345
370	345
371	345
372	345
373	345
374	345
375	345
376	345
377	345
378	345
379	345
380	345
381	345
382	345
383	345
410	345
411	345
412	345
413	345
414	345
415	345
416	345
417	345
418	345
419	345
425	345
426	345
427	345
428	345
429	345
430	345
431	345
432	345
433	345
434	345
435	345
436	345
437	345
438	345
439	345
440	345
441	345
442	345
443	345
444	345
445	345
446	345
447	345
468	345
469	345
470	345
471	345
472	345
473	345
474	345
475	345
486	345
487	345
488	345
489	345
490	345
491	345
492	345
493	345
494	345
495	345
496	345
497	345
498	345
499	345
500	345
501	345
502	345
503	345
504	345
505	345
506	345
507	345
508	345
509	345
510	345
511	345
221	347
264	347
265	347
322	347
334	347
393	347
408	347
409	347
452	347
464	347
465	347
466	347
181	348
194	348
195	348
208	348
220	348
221	348
222	348
234	348
235	348
236	348
237	348
238	348
248	348
252	348
263	348
264	348
265	348
266	348
279	348
292	348
293	348
294	348
295	348
306	348
309	348
310	348
321	348
322	348
334	348
337	348
351	348
365	348
366	348
379	348
392	348
406	348
407	348
410	348
420	348
421	348
424	348
436	348
437	348
438	348
452	348
464	348
478	348
481	348
482	348
494	348
495	348
507	348
508	348
511	348
522	348
181	349
194	349
207	349
208	349
220	349
221	349
234	349
238	349
248	349
249	349
252	349
263	349
266	349
267	349
279	349
292	349
293	349
306	349
307	349
309	349
310	349
321	349
322	349
323	349
334	349
337	349
338	349
351	349
365	349
366	349
379	349
380	349
392	349
393	349
406	349
410	349
411	349
420	349
421	349
422	349
424	349
436	349
439	349
452	349
464	349
465	349
466	349
478	349
479	349
481	349
482	349
494	349
495	349
507	349
508	349
510	349
511	349
522	349
181	350
194	350
207	350
208	350
209	350
221	350
222	350
234	350
238	350
248	350
250	350
252	350
263	350
266	350
267	350
279	350
292	350
293	350
294	350
305	350
306	350
307	350
308	350
309	350
310	350
321	350
322	350
323	350
333	350
334	350
335	350
336	350
337	350
338	350
351	350
365	350
366	350
378	350
380	350
393	350
394	350
406	350
410	350
411	350
420	350
422	350
423	350
424	350
436	350
439	350
452	350
464	350
477	350
478	350
479	350
480	350
482	350
493	350
494	350
495	350
496	350
507	350
509	350
510	350
511	350
522	350
181	351
194	351
206	351
207	351
208	351
209	351
222	351
234	351
238	351
248	351
251	351
252	351
263	351
264	351
265	351
266	351
279	351
292	351
293	351
305	351
307	351
308	351
310	351
320	351
323	351
333	351
335	351
336	351
338	351
350	351
351	351
365	351
377	351
378	351
379	351
380	351
392	351
393	351
394	351
407	351
409	351
410	351
420	351
423	351
424	351
436	351
438	351
439	351
450	351
451	351
452	351
464	351
477	351
479	351
480	351
482	351
493	351
494	351
495	351
496	351
507	351
509	351
511	351
522	351
179	352
180	352
181	352
192	352
193	352
194	352
206	352
209	352
220	352
221	352
222	352
235	352
236	352
237	352
248	352
252	352
264	352
265	352
277	352
278	352
279	352
292	352
293	352
305	352
308	352
310	352
324	352
333	352
338	352
349	352
350	352
364	352
365	352
377	352
380	352
381	352
392	352
393	352
408	352
409	352
420	352
436	352
437	352
438	352
451	352
493	352
521	352
522	352
215	359
219	359
220	359
222	359
223	359
226	359
227	359
352	359
353	359
356	359
357	359
360	359
361	359
474	359
477	359
478	359
479	359
481	359
482	359
485	359
486	359
215	360
218	360
220	360
221	360
222	360
223	360
224	360
225	360
226	360
227	360
353	360
355	360
357	360
358	360
359	360
361	360
363	360
364	360
474	360
477	360
479	360
480	360
483	360
484	360
486	360
215	361
218	361
220	361
221	361
222	361
223	361
225	361
227	361
228	361
353	361
355	361
357	361
358	361
359	361
360	361
361	361
364	361
474	361
477	361
479	361
481	361
482	361
486	361
215	362
219	362
220	362
221	362
222	362
223	362
224	362
225	362
227	362
228	362
353	362
356	362
357	362
359	362
361	362
364	362
474	362
478	362
480	362
483	362
485	362
215	363
219	363
221	363
222	363
223	363
224	363
225	363
227	363
353	363
356	363
359	363
361	363
364	363
474	363
478	363
480	363
481	363
482	363
484	363
485	363
486	363
215	364
222	364
223	364
226	364
227	364
360	364
364	364
130	379
131	379
132	379
133	379
134	379
135	379
159	379
160	379
166	379
167	379
171	379
172	379
216	379
230	379
255	379
258	379
259	379
260	379
261	379
262	379
263	379
264	379
266	379
267	379
268	379
273	379
275	379
276	379
277	379
278	379
281	379
284	379
285	379
286	379
288	379
289	379
292	379
295	379
296	379
297	379
302	379
304	379
307	379
308	379
310	379
311	379
312	379
313	379
316	379
317	379
318	379
320	379
326	379
328	379
329	379
351	379
361	379
394	379
395	379
406	379
407	379
455	379
456	379
460	379
479	379
480	379
481	379
482	379
501	379
512	379
130	380
131	380
132	380
133	380
135	380
148	380
149	380
150	380
159	380
160	380
161	380
162	380
163	380
165	380
166	380
167	380
168	380
170	380
171	380
172	380
173	380
174	380
179	380
180	380
184	380
185	380
204	380
216	380
217	380
227	380
228	380
229	380
230	380
244	380
245	380
254	380
255	380
258	380
259	380
260	380
261	380
262	380
263	380
264	380
265	380
266	380
267	380
268	380
269	380
272	380
273	380
275	380
277	380
278	380
281	380
283	380
284	380
285	380
286	380
287	380
288	380
289	380
290	380
292	380
293	380
294	380
295	380
296	380
297	380
298	380
301	380
302	380
304	380
305	380
307	380
308	380
309	380
310	380
311	380
312	380
313	380
315	380
316	380
317	380
318	380
319	380
320	380
321	380
325	380
326	380
328	380
329	380
330	380
337	380
338	380
351	380
352	380
358	380
359	380
361	380
362	380
390	380
391	380
394	380
395	380
401	380
403	380
404	380
406	380
407	380
410	380
449	380
450	380
455	380
456	380
460	380
461	380
479	380
480	380
481	380
482	380
500	380
501	380
512	380
518	380
130	381
131	381
135	381
137	381
138	381
139	381
140	381
141	381
148	381
149	381
150	381
159	381
162	381
163	381
164	381
165	381
168	381
170	381
171	381
173	381
174	381
178	381
179	381
180	381
183	381
184	381
185	381
190	381
191	381
192	381
194	381
195	381
197	381
198	381
199	381
200	381
201	381
202	381
203	381
204	381
205	381
207	381
208	381
209	381
211	381
212	381
213	381
214	381
216	381
217	381
218	381
219	381
220	381
221	381
222	381
223	381
224	381
225	381
226	381
227	381
228	381
229	381
230	381
232	381
233	381
234	381
235	381
236	381
237	381
238	381
239	381
240	381
244	381
245	381
247	381
248	381
249	381
250	381
254	381
255	381
258	381
259	381
262	381
265	381
266	381
269	381
272	381
273	381
274	381
275	381
277	381
278	381
281	381
283	381
284	381
288	381
289	381
290	381
292	381
294	381
295	381
298	381
299	381
301	381
302	381
304	381
305	381
306	381
307	381
308	381
309	381
310	381
312	381
313	381
315	381
316	381
321	381
325	381
326	381
327	381
328	381
329	381
330	381
331	381
333	381
334	381
335	381
336	381
337	381
338	381
339	381
341	381
342	381
344	381
346	381
347	381
348	381
349	381
351	381
352	381
353	381
354	381
358	381
359	381
361	381
362	381
363	381
364	381
366	381
367	381
368	381
369	381
373	381
375	381
376	381
378	381
379	381
380	381
382	381
383	381
384	381
385	381
389	381
390	381
391	381
392	381
394	381
395	381
399	381
400	381
401	381
402	381
403	381
404	381
405	381
406	381
407	381
408	381
409	381
410	381
411	381
412	381
413	381
414	381
415	381
416	381
417	381
418	381
419	381
420	381
421	381
423	381
424	381
425	381
426	381
427	381
428	381
429	381
430	381
431	381
432	381
434	381
435	381
436	381
437	381
438	381
439	381
443	381
444	381
445	381
446	381
447	381
448	381
449	381
450	381
451	381
452	381
453	381
454	381
455	381
456	381
460	381
461	381
462	381
463	381
464	381
465	381
466	381
467	381
468	381
469	381
470	381
471	381
472	381
473	381
474	381
475	381
476	381
477	381
479	381
480	381
481	381
482	381
483	381
484	381
485	381
486	381
487	381
488	381
489	381
490	381
491	381
492	381
496	381
497	381
498	381
499	381
500	381
501	381
503	381
504	381
505	381
506	381
508	381
509	381
510	381
512	381
513	381
514	381
515	381
516	381
517	381
518	381
519	381
130	382
131	382
132	382
133	382
135	382
137	382
138	382
140	382
147	382
149	382
150	382
159	382
162	382
163	382
165	382
166	382
167	382
168	382
170	382
171	382
172	382
173	382
179	382
180	382
183	382
184	382
185	382
190	382
191	382
192	382
193	382
194	382
195	382
196	382
197	382
199	382
200	382
201	382
202	382
204	382
206	382
207	382
209	382
210	382
211	382
212	382
214	382
216	382
217	382
219	382
220	382
221	382
222	382
223	382
224	382
225	382
227	382
229	382
230	382
231	382
232	382
234	382
235	382
236	382
237	382
239	382
240	382
244	382
245	382
247	382
248	382
249	382
250	382
254	382
255	382
258	382
259	382
261	382
262	382
265	382
266	382
272	382
274	382
275	382
277	382
278	382
281	382
284	382
285	382
286	382
287	382
288	382
289	382
290	382
291	382
292	382
294	382
295	382
298	382
299	382
301	382
304	382
305	382
306	382
307	382
308	382
309	382
310	382
311	382
312	382
313	382
316	382
317	382
318	382
321	382
326	382
328	382
329	382
331	382
333	382
334	382
336	382
337	382
339	382
340	382
341	382
342	382
344	382
346	382
348	382
349	382
351	382
353	382
354	382
358	382
359	382
361	382
364	382
365	382
366	382
367	382
368	382
369	382
373	382
375	382
376	382
378	382
379	382
380	382
382	382
383	382
384	382
385	382
389	382
392	382
394	382
395	382
399	382
400	382
402	382
404	382
405	382
406	382
407	382
408	382
409	382
413	382
414	382
416	382
419	382
420	382
421	382
422	382
423	382
424	382
425	382
429	382
430	382
431	382
432	382
433	382
434	382
436	382
437	382
438	382
439	382
443	382
445	382
446	382
447	382
448	382
450	382
451	382
452	382
453	382
455	382
456	382
460	382
463	382
467	382
468	382
469	382
470	382
471	382
472	382
473	382
474	382
475	382
476	382
477	382
478	382
479	382
480	382
481	382
482	382
483	382
484	382
486	382
487	382
488	382
489	382
491	382
492	382
496	382
497	382
499	382
500	382
501	382
502	382
503	382
505	382
506	382
507	382
508	382
510	382
512	382
513	382
514	382
516	382
517	382
518	382
519	382
130	383
135	383
137	383
140	383
147	383
148	383
149	383
150	383
159	383
162	383
163	383
167	383
168	383
169	383
173	383
174	383
179	383
180	383
182	383
183	383
184	383
185	383
186	383
190	383
191	383
192	383
193	383
195	383
196	383
197	383
199	383
201	383
202	383
204	383
206	383
207	383
209	383
210	383
211	383
212	383
214	383
216	383
217	383
219	383
220	383
222	383
223	383
224	383
225	383
227	383
229	383
230	383
231	383
232	383
235	383
236	383
237	383
239	383
240	383
244	383
245	383
247	383
250	383
254	383
255	383
258	383
259	383
261	383
262	383
265	383
266	383
269	383
271	383
272	383
274	383
275	383
277	383
278	383
280	383
281	383
283	383
286	383
287	383
288	383
289	383
291	383
292	383
294	383
295	383
298	383
299	383
300	383
301	383
304	383
306	383
307	383
308	383
309	383
310	383
313	383
314	383
315	383
318	383
319	383
321	383
326	383
328	383
329	383
331	383
333	383
334	383
336	383
337	383
339	383
341	383
342	383
343	383
344	383
346	383
348	383
349	383
351	383
353	383
354	383
358	383
359	383
361	383
364	383
365	383
366	383
368	383
369	383
373	383
375	383
376	383
379	383
380	383
381	383
382	383
383	383
385	383
389	383
390	383
392	383
394	383
395	383
399	383
400	383
402	383
404	383
405	383
406	383
407	383
408	383
409	383
411	383
413	383
416	383
419	383
421	383
422	383
423	383
424	383
425	383
427	383
428	383
429	383
430	383
432	383
433	383
434	383
436	383
438	383
439	383
443	383
444	383
445	383
446	383
447	383
448	383
450	383
451	383
452	383
453	383
455	383
456	383
460	383
461	383
462	383
463	383
465	383
466	383
468	383
471	383
472	383
474	383
475	383
479	383
480	383
481	383
482	383
483	383
484	383
486	383
487	383
488	383
489	383
491	383
492	383
496	383
500	383
501	383
502	383
503	383
505	383
506	383
507	383
508	383
512	383
513	383
514	383
518	383
519	383
130	384
131	384
135	384
137	384
138	384
139	384
140	384
142	384
143	384
149	384
150	384
159	384
160	384
161	384
162	384
164	384
165	384
166	384
167	384
168	384
170	384
171	384
172	384
173	384
174	384
179	384
180	384
183	384
184	384
185	384
190	384
191	384
192	384
193	384
195	384
196	384
199	384
201	384
202	384
204	384
205	384
206	384
207	384
208	384
209	384
210	384
211	384
212	384
214	384
216	384
217	384
218	384
219	384
220	384
221	384
222	384
223	384
224	384
225	384
227	384
228	384
229	384
230	384
232	384
233	384
234	384
235	384
236	384
237	384
239	384
240	384
244	384
245	384
247	384
248	384
249	384
250	384
255	384
256	384
257	384
258	384
261	384
262	384
266	384
267	384
268	384
269	384
271	384
274	384
275	384
278	384
279	384
280	384
281	384
283	384
284	384
285	384
286	384
287	384
288	384
289	384
291	384
292	384
295	384
296	384
297	384
298	384
300	384
301	384
304	384
307	384
308	384
309	384
310	384
311	384
312	384
313	384
315	384
316	384
317	384
318	384
320	384
321	384
326	384
327	384
328	384
329	384
331	384
333	384
334	384
336	384
337	384
338	384
339	384
341	384
342	384
343	384
344	384
346	384
347	384
348	384
349	384
351	384
353	384
354	384
358	384
359	384
360	384
361	384
364	384
366	384
367	384
368	384
369	384
373	384
374	384
375	384
376	384
378	384
379	384
380	384
382	384
383	384
384	384
385	384
389	384
390	384
391	384
392	384
394	384
395	384
399	384
400	384
402	384
404	384
405	384
406	384
407	384
409	384
410	384
411	384
413	384
416	384
417	384
418	384
419	384
421	384
422	384
424	384
425	384
427	384
428	384
429	384
430	384
432	384
433	384
436	384
437	384
438	384
439	384
443	384
444	384
445	384
446	384
447	384
448	384
450	384
451	384
453	384
454	384
455	384
456	384
460	384
461	384
462	384
463	384
465	384
466	384
467	384
468	384
469	384
471	384
472	384
475	384
476	384
477	384
479	384
480	384
481	384
482	384
483	384
484	384
486	384
487	384
489	384
490	384
491	384
492	384
496	384
497	384
498	384
499	384
500	384
501	384
503	384
504	384
505	384
506	384
507	384
508	384
509	384
510	384
512	384
514	384
515	384
516	384
517	384
518	384
519	384
130	385
139	385
140	385
142	385
159	385
160	385
161	385
165	385
166	385
167	385
171	385
172	385
173	385
180	385
185	385
190	385
191	385
192	385
195	385
196	385
199	385
202	385
204	385
207	385
208	385
214	385
216	385
218	385
219	385
220	385
221	385
223	385
224	385
225	385
227	385
228	385
230	385
233	385
234	385
237	385
245	385
248	385
249	385
257	385
267	385
275	385
279	385
285	385
296	385
317	385
320	385
321	385
346	385
347	385
348	385
349	385
489	385
491	385
492	385
498	385
504	385
509	385
137	386
138	386
139	386
140	386
194	386
195	386
196	386
275	386
276	386
320	386
346	386
347	386
348	386
489	386
490	386
491	386
198	419
201	419
154	420
155	420
157	420
158	420
159	420
161	420
162	420
171	420
172	420
175	420
179	420
180	420
181	420
182	420
183	420
184	420
194	420
195	420
196	420
198	420
201	420
203	420
204	420
209	420
210	420
211	420
214	420
216	420
217	420
218	420
220	420
221	420
222	420
223	420
224	420
225	420
227	420
228	420
229	420
231	420
232	420
234	420
235	420
238	420
239	420
240	420
241	420
243	420
247	420
252	420
253	420
254	420
255	420
257	420
258	420
259	420
263	420
264	420
265	420
267	420
270	420
272	420
273	420
274	420
278	420
279	420
280	420
284	420
285	420
288	420
289	420
290	420
293	420
302	420
303	420
304	420
306	420
307	420
308	420
310	420
311	420
314	420
315	420
318	420
319	420
322	420
326	420
329	420
333	420
336	420
339	420
344	420
345	420
346	420
347	420
348	420
350	420
352	420
353	420
354	420
155	421
157	421
160	421
161	421
172	421
175	421
179	421
195	421
198	421
199	421
200	421
201	421
203	421
209	421
211	421
212	421
214	421
216	421
220	421
221	421
222	421
223	421
227	421
229	421
231	421
234	421
235	421
237	421
241	421
243	421
244	421
247	421
251	421
252	421
255	421
257	421
258	421
264	421
265	421
267	421
268	421
270	421
272	421
278	421
281	421
284	421
285	421
289	421
292	421
293	421
294	421
302	421
303	421
306	421
310	421
312	421
314	421
317	421
322	421
325	421
326	421
329	421
333	421
336	421
337	421
338	421
339	421
345	421
347	421
348	421
350	421
352	421
155	422
157	422
160	422
161	422
162	422
167	422
168	422
169	422
172	422
175	422
179	422
195	422
198	422
201	422
203	422
204	422
209	422
212	422
214	422
217	422
218	422
220	422
221	422
223	422
224	422
225	422
227	422
228	422
231	422
232	422
234	422
235	422
237	422
241	422
243	422
245	422
247	422
251	422
256	422
257	422
258	422
259	422
264	422
267	422
268	422
269	422
270	422
272	422
273	422
278	422
281	422
283	422
284	422
285	422
286	422
289	422
292	422
294	422
302	422
303	422
304	422
307	422
308	422
310	422
311	422
314	422
315	422
317	422
322	422
325	422
327	422
329	422
333	422
337	422
338	422
345	422
347	422
348	422
349	422
350	422
352	422
353	422
354	422
155	423
157	423
159	423
160	423
161	423
168	423
169	423
172	423
175	423
179	423
195	423
198	423
201	423
203	423
209	423
211	423
212	423
214	423
218	423
220	423
223	423
227	423
228	423
229	423
232	423
234	423
235	423
237	423
238	423
241	423
243	423
246	423
247	423
251	423
255	423
257	423
258	423
264	423
267	423
270	423
272	423
278	423
281	423
283	423
284	423
285	423
286	423
289	423
291	423
292	423
293	423
294	423
302	423
308	423
310	423
314	423
317	423
322	423
324	423
325	423
326	423
327	423
329	423
333	423
338	423
345	423
347	423
348	423
350	423
352	423
155	424
158	424
159	424
161	424
162	424
163	424
172	424
175	424
179	424
195	424
198	424
201	424
203	424
204	424
205	424
209	424
210	424
211	424
214	424
216	424
217	424
220	424
223	424
224	424
225	424
227	424
229	424
231	424
232	424
234	424
235	424
238	424
239	424
240	424
241	424
243	424
247	424
252	424
253	424
254	424
255	424
257	424
258	424
264	424
267	424
270	424
272	424
273	424
274	424
278	424
279	424
280	424
283	424
286	424
288	424
289	424
291	424
295	424
297	424
302	424
303	424
304	424
306	424
307	424
308	424
310	424
314	424
315	424
317	424
318	424
319	424
320	424
322	424
324	424
327	424
328	424
329	424
330	424
331	424
333	424
334	424
335	424
338	424
345	424
347	424
348	424
350	424
352	424
353	424
354	424
179	425
180	425
181	425
297	425
319	425
179	426
179	427
197	427
201	427
202	427
203	427
206	427
209	427
210	427
211	427
215	427
216	427
217	427
220	427
221	427
223	427
224	427
225	427
227	427
229	427
232	427
233	427
234	427
235	427
236	427
238	427
239	427
240	427
249	427
252	427
253	427
257	427
258	427
260	427
264	427
268	427
269	427
273	427
277	427
278	427
281	427
282	427
283	427
284	427
286	427
287	427
288	427
293	427
294	427
298	427
300	427
301	427
302	427
305	427
306	427
307	427
311	427
312	427
313	427
315	427
320	427
321	427
322	427
326	427
327	427
328	427
329	427
331	427
332	427
333	427
339	427
340	427
341	427
343	427
346	427
347	427
348	427
349	427
179	428
196	428
197	428
198	428
201	428
202	428
206	428
209	428
215	428
217	428
218	428
220	428
223	428
225	428
227	428
229	428
232	428
234	428
238	428
240	428
241	428
249	428
251	428
257	428
258	428
260	428
261	428
264	428
268	428
269	428
273	428
274	428
277	428
279	428
281	428
284	428
286	428
293	428
294	428
295	428
297	428
298	428
300	428
302	428
306	428
311	428
313	428
314	428
315	428
318	428
320	428
327	428
328	428
330	428
334	428
340	428
343	428
345	428
346	428
347	428
179	429
196	429
198	429
201	429
202	429
205	429
209	429
210	429
211	429
215	429
218	429
220	429
221	429
223	429
224	429
225	429
227	429
230	429
232	429
234	429
235	429
236	429
238	429
241	429
249	429
252	429
257	429
258	429
260	429
262	429
264	429
268	429
269	429
272	429
273	429
274	429
277	429
278	429
280	429
286	429
287	429
288	429
293	429
294	429
297	429
298	429
300	429
301	429
302	429
306	429
311	429
314	429
315	429
318	429
320	429
321	429
322	429
327	429
330	429
334	429
340	429
343	429
344	429
345	429
347	429
348	429
349	429
179	430
195	430
198	430
201	430
205	430
209	430
215	430
218	430
220	430
223	430
224	430
225	430
227	430
230	430
231	430
234	430
238	430
241	430
249	430
253	430
257	430
258	430
260	430
263	430
264	430
268	430
269	430
272	430
273	430
274	430
275	430
277	430
278	430
280	430
281	430
284	430
285	430
286	430
293	430
296	430
297	430
298	430
299	430
300	430
301	430
302	430
306	430
311	430
314	430
315	430
318	430
320	430
327	430
328	430
330	430
334	430
340	430
343	430
345	430
347	430
179	431
195	431
196	431
197	431
198	431
199	431
201	431
204	431
209	431
215	431
216	431
217	431
220	431
221	431
223	431
225	431
227	431
231	431
234	431
235	431
236	431
238	431
239	431
240	431
244	431
249	431
251	431
252	431
253	431
257	431
258	431
260	431
264	431
268	431
269	431
270	431
271	431
272	431
275	431
277	431
279	431
281	431
282	431
283	431
284	431
286	431
287	431
288	431
293	431
296	431
299	431
300	431
302	431
306	431
311	431
313	431
314	431
315	431
316	431
318	431
320	431
321	431
322	431
327	431
328	431
330	431
331	431
332	431
333	431
334	431
340	431
342	431
343	431
345	431
347	431
348	431
179	432
203	432
235	432
236	432
243	432
244	432
252	432
306	432
312	432
317	432
332	432
348	432
349	432
179	433
179	434
194	434
195	434
196	434
198	434
199	434
200	434
201	434
202	434
203	434
205	434
206	434
207	434
209	434
210	434
211	434
212	434
215	434
216	434
219	434
222	434
226	434
230	434
234	434
237	434
238	434
240	434
241	434
242	434
248	434
249	434
253	434
254	434
258	434
259	434
260	434
262	434
263	434
265	434
267	434
268	434
269	434
273	434
274	434
275	434
279	434
280	434
282	434
283	434
289	434
292	434
293	434
297	434
298	434
303	434
304	434
310	434
179	435
194	435
196	435
198	435
201	435
203	435
205	435
206	435
209	435
212	435
213	435
215	435
216	435
217	435
219	435
222	435
225	435
226	435
230	435
231	435
234	435
236	435
240	435
247	435
250	435
252	435
253	435
259	435
260	435
262	435
263	435
265	435
267	435
273	435
274	435
276	435
278	435
282	435
289	435
291	435
292	435
293	435
294	435
297	435
298	435
300	435
302	435
303	435
304	435
306	435
307	435
310	435
179	436
194	436
195	436
196	436
198	436
199	436
200	436
201	436
202	436
203	436
205	436
206	436
207	436
208	436
213	436
215	436
216	436
218	436
219	436
220	436
221	436
222	436
225	436
227	436
230	436
231	436
235	436
240	436
241	436
242	436
246	436
251	436
253	436
254	436
259	436
262	436
263	436
264	436
265	436
267	436
268	436
273	436
276	436
278	436
279	436
282	436
288	436
289	436
293	436
297	436
298	436
299	436
300	436
304	436
306	436
307	436
309	436
310	436
179	437
194	437
198	437
201	437
202	437
203	437
205	437
206	437
208	437
209	437
213	437
215	437
216	437
218	437
220	437
221	437
223	437
225	437
226	437
227	437
230	437
232	437
233	437
234	437
235	437
236	437
240	437
246	437
251	437
253	437
254	437
259	437
262	437
263	437
265	437
267	437
273	437
276	437
280	437
283	437
288	437
290	437
293	437
297	437
298	437
300	437
303	437
304	437
306	437
307	437
309	437
310	437
179	438
180	438
181	438
194	438
198	438
199	438
201	438
203	438
205	438
209	438
210	438
211	438
212	438
215	438
216	438
217	438
218	438
220	438
221	438
223	438
224	438
227	438
228	438
229	438
230	438
233	438
234	438
236	438
240	438
241	438
247	438
250	438
252	438
253	438
259	438
262	438
263	438
265	438
267	438
273	438
274	438
275	438
276	438
278	438
280	438
282	438
283	438
284	438
287	438
288	438
290	438
291	438
293	438
297	438
298	438
300	438
303	438
306	438
308	438
310	438
179	439
199	439
210	439
211	439
237	439
238	439
240	439
241	439
242	439
248	439
249	439
253	439
267	439
268	439
269	439
274	439
275	439
279	439
282	439
283	439
288	439
289	439
292	439
293	439
302	439
303	439
304	439
308	439
179	440
179	441
179	442
179	443
179	444
179	445
179	446
372	446
375	446
376	446
179	447
372	447
375	447
376	447
377	447
179	448
372	448
376	448
377	448
179	449
368	449
369	449
370	449
372	449
376	449
377	449
179	450
348	450
349	450
350	450
351	450
361	450
364	450
365	450
366	450
372	450
374	450
375	450
377	450
385	450
386	450
387	450
391	450
396	450
397	450
405	450
408	450
409	450
410	450
414	450
415	450
416	450
419	450
420	450
422	450
423	450
424	450
426	450
428	450
432	450
434	450
435	450
437	450
438	450
439	450
441	450
179	451
180	451
181	451
350	451
361	451
364	451
366	451
372	451
375	451
376	451
384	451
387	451
391	451
396	451
397	451
400	451
405	451
408	451
409	451
414	451
416	451
417	451
419	451
422	451
424	451
426	451
428	451
431	451
433	451
437	451
439	451
440	451
442	451
179	452
349	452
350	452
354	452
355	452
356	452
361	452
364	452
366	452
385	452
386	452
387	452
390	452
395	452
397	452
398	452
400	452
401	452
404	452
408	452
409	452
414	452
417	452
419	452
420	452
422	452
423	452
424	452
426	452
429	452
431	452
433	452
434	452
437	452
440	452
442	452
495	452
179	453
349	453
355	453
361	453
364	453
366	453
381	453
382	453
386	453
390	453
395	453
398	453
400	453
403	453
408	453
409	453
414	453
417	453
419	453
422	453
423	453
424	453
426	453
429	453
430	453
433	453
437	453
440	453
442	453
446	453
447	453
448	453
449	453
450	453
451	453
452	453
453	453
470	453
471	453
472	453
473	453
493	453
494	453
495	453
496	453
179	454
348	454
354	454
355	454
356	454
361	454
364	454
365	454
366	454
381	454
382	454
385	454
391	454
394	454
395	454
398	454
400	454
403	454
408	454
409	454
414	454
415	454
416	454
419	454
422	454
424	454
426	454
430	454
433	454
434	454
437	454
438	454
439	454
442	454
454	454
470	454
471	454
472	454
473	454
474	454
493	454
494	454
495	454
496	454
497	454
179	455
391	455
395	455
396	455
398	455
402	455
420	455
434	455
435	455
442	455
455	455
469	455
470	455
471	455
472	455
473	455
474	455
492	455
493	455
494	455
495	455
496	455
497	455
179	456
456	456
469	456
470	456
471	456
472	456
473	456
474	456
493	456
494	456
495	456
496	456
500	456
179	457
457	457
470	457
471	457
472	457
473	457
494	457
495	457
499	457
500	457
501	457
179	458
458	458
499	458
500	458
501	458
502	458
179	459
459	459
498	459
499	459
500	459
501	459
502	459
179	460
460	460
497	460
498	460
499	460
500	460
501	460
502	460
503	460
179	461
461	461
498	461
502	461
153	462
154	462
157	462
158	462
160	462
161	462
162	462
170	462
171	462
173	462
174	462
175	462
179	462
462	462
154	463
156	463
159	463
160	463
171	463
175	463
176	463
179	463
463	463
503	463
504	463
505	463
506	463
513	463
154	464
156	464
159	464
160	464
161	464
167	464
168	464
171	464
175	464
179	464
180	464
181	464
182	464
183	464
184	464
464	464
483	464
502	464
503	464
504	464
505	464
506	464
507	464
512	464
513	464
514	464
154	465
156	465
159	465
160	465
167	465
168	465
171	465
174	465
179	465
465	465
482	465
483	465
502	465
503	465
504	465
505	465
506	465
507	465
508	465
509	465
512	465
513	465
514	465
154	466
157	466
158	466
160	466
161	466
162	466
171	466
173	466
174	466
175	466
179	466
264	466
466	466
482	466
483	466
484	466
503	466
504	466
505	466
506	466
507	466
508	466
509	466
510	466
511	466
512	466
513	466
514	466
515	466
179	467
262	467
263	467
264	467
265	467
467	467
469	467
481	467
482	467
483	467
484	467
485	467
503	467
504	467
505	467
506	467
507	467
508	467
509	467
510	467
511	467
512	467
513	467
514	467
515	467
179	468
262	468
263	468
264	468
265	468
266	468
468	468
469	468
470	468
480	468
481	468
482	468
483	468
484	468
485	468
506	468
507	468
508	468
509	468
510	468
511	468
512	468
513	468
514	468
515	468
516	468
179	469
180	469
181	469
262	469
263	469
264	469
265	469
266	469
445	469
446	469
467	469
468	469
469	469
470	469
480	469
481	469
482	469
483	469
484	469
485	469
486	469
507	469
508	469
509	469
510	469
179	470
262	470
263	470
264	470
265	470
266	470
444	470
445	470
446	470
447	470
468	470
469	470
470	470
471	470
179	471
263	471
264	471
265	471
443	471
444	471
445	471
446	471
447	471
448	471
470	471
471	471
179	472
443	472
444	472
445	472
446	472
447	472
448	472
471	472
472	472
179	473
439	473
440	473
441	473
442	473
443	473
444	473
445	473
446	473
447	473
448	473
449	473
450	473
451	473
452	473
453	473
454	473
455	473
456	473
457	473
458	473
459	473
460	473
461	473
462	473
463	473
464	473
465	473
466	473
467	473
468	473
469	473
470	473
471	473
472	473
473	473
474	473
475	473
476	473
477	473
478	473
479	473
480	473
481	473
482	473
483	473
484	473
485	473
486	473
487	473
488	473
489	473
490	473
491	473
492	473
493	473
494	473
495	473
496	473
497	473
498	473
499	473
500	473
501	473
502	473
503	473
504	473
505	473
506	473
507	473
508	473
509	473
510	473
511	473
512	473
513	473
514	473
515	473
516	473
517	473
518	473
519	473
520	473
521	473
179	474
445	474
446	474
179	475
358	475
359	475
360	475
361	475
469	475
470	475
179	476
357	476
358	476
359	476
360	476
361	476
362	476
468	476
469	476
470	476
471	476
179	477
357	477
358	477
359	477
360	477
361	477
362	477
467	477
468	477
469	477
470	477
471	477
472	477
179	478
358	478
359	478
360	478
361	478
467	478
468	478
469	478
470	478
471	478
472	478
179	479
260	479
261	479
262	479
359	479
360	479
361	479
468	479
469	479
470	479
471	479
179	480
259	480
260	480
261	480
262	480
263	480
359	480
360	480
469	480
470	480
179	481
259	481
260	481
261	481
262	481
263	481
358	481
359	481
360	481
361	481
179	482
180	482
181	482
259	482
260	482
261	482
262	482
263	482
357	482
358	482
359	482
360	482
361	482
362	482
179	483
259	483
260	483
261	483
262	483
291	483
292	483
293	483
294	483
357	483
358	483
359	483
360	483
361	483
362	483
179	484
261	484
290	484
291	484
292	484
293	484
294	484
358	484
359	484
360	484
361	484
179	485
235	485
236	485
237	485
290	485
291	485
292	485
293	485
294	485
295	485
359	485
360	485
179	486
234	486
235	486
236	486
237	486
238	486
290	486
291	486
292	486
293	486
294	486
179	487
213	487
214	487
215	487
234	487
235	487
236	487
237	487
238	487
239	487
291	487
292	487
293	487
294	487
179	488
212	488
213	488
214	488
215	488
216	488
234	488
235	488
236	488
237	488
238	488
239	488
179	489
212	489
213	489
214	489
215	489
216	489
226	489
227	489
228	489
235	489
236	489
237	489
238	489
179	490
212	490
213	490
214	490
215	490
216	490
225	490
226	490
227	490
228	490
229	490
236	490
237	490
271	490
272	490
273	490
274	490
179	491
212	491
213	491
214	491
215	491
222	491
223	491
224	491
225	491
226	491
227	491
228	491
229	491
270	491
271	491
272	491
273	491
274	491
179	492
221	492
222	492
223	492
224	492
225	492
226	492
227	492
228	492
229	492
270	492
271	492
272	492
273	492
274	492
275	492
179	493
221	493
222	493
223	493
224	493
225	493
226	493
227	493
228	493
229	493
270	493
271	493
272	493
273	493
274	493
443	493
444	493
179	494
221	494
222	494
223	494
224	494
225	494
226	494
227	494
271	494
272	494
273	494
274	494
441	494
442	494
443	494
444	494
445	494
179	495
180	495
181	495
222	495
223	495
224	495
225	495
441	495
442	495
443	495
444	495
445	495
179	496
436	496
437	496
438	496
439	496
440	496
441	496
442	496
443	496
444	496
445	496
446	496
447	496
448	496
449	496
450	496
451	496
452	496
453	496
454	496
455	496
456	496
457	496
458	496
459	496
460	496
461	496
462	496
463	496
464	496
465	496
466	496
467	496
468	496
469	496
470	496
471	496
472	496
473	496
474	496
475	496
476	496
477	496
478	496
479	496
480	496
481	496
482	496
483	496
484	496
485	496
486	496
487	496
488	496
489	496
490	496
491	496
492	496
493	496
494	496
495	496
496	496
497	496
498	496
499	496
500	496
501	496
502	496
503	496
504	496
505	496
506	496
507	496
508	496
509	496
510	496
511	496
512	496
513	496
514	496
515	496
516	496
517	496
518	496
519	496
520	496
521	496
522	496
179	497
441	497
442	497
443	497
444	497
445	497
485	497
486	497
487	497
488	497
489	497
508	497
509	497
179	498
443	498
444	498
485	498
486	498
487	498
488	498
489	498
506	498
507	498
508	498
179	499
180	499
181	499
182	499
183	499
184	499
185	499
186	499
187	499
188	499
189	499
190	499
191	499
192	499
193	499
194	499
195	499
196	499
197	499
198	499
199	499
200	499
201	499
202	499
203	499
204	499
205	499
206	499
207	499
208	499
209	499
210	499
211	499
212	499
213	499
214	499
215	499
216	499
217	499
218	499
219	499
220	499
221	499
222	499
223	499
224	499
225	499
226	499
227	499
228	499
229	499
230	499
231	499
232	499
233	499
234	499
235	499
236	499
237	499
238	499
239	499
240	499
241	499
242	499
243	499
244	499
245	499
246	499
247	499
248	499
249	499
250	499
251	499
252	499
253	499
254	499
255	499
256	499
257	499
258	499
259	499
260	499
261	499
262	499
263	499
264	499
265	499
266	499
267	499
268	499
269	499
270	499
271	499
272	499
273	499
274	499
275	499
276	499
277	499
278	499
279	499
280	499
281	499
282	499
283	499
284	499
285	499
286	499
287	499
288	499
289	499
290	499
291	499
292	499
293	499
294	499
295	499
296	499
297	499
298	499
299	499
300	499
301	499
302	499
303	499
304	499
305	499
306	499
307	499
308	499
309	499
310	499
311	499
312	499
313	499
314	499
315	499
316	499
317	499
318	499
319	499
320	499
321	499
322	499
323	499
324	499
325	499
326	499
327	499
328	499
329	499
330	499
331	499
332	499
333	499
334	499
335	499
336	499
337	499
338	499
339	499
340	499
341	499
342	499
343	499
344	499
345	499
346	499
347	499
348	499
349	499
350	499
351	499
352	499
353	499
354	499
355	499
356	499
357	499
358	499
359	499
360	499
361	499
362	499
363	499
364	499
365	499
366	499
367	499
368	499
369	499
370	499
371	499
372	499
373	499
374	499
375	499
376	499
377	499
485	499
486	499
487	499
488	499
489	499
505	499
506	499
507	499
508	499
179	500
211	500
212	500
324	500
325	500
326	500
327	500
328	500
485	500
486	500
487	500
488	500
489	500
504	500
505	500
506	500
507	500
179	501
195	501
196	501
197	501
198	501
212	501
213	501
214	501
324	501
325	501
326	501
327	501
328	501
486	501
487	501
505	501
506	501
507	501
178	502
179	502
194	502
195	502
196	502
197	502
198	502
199	502
212	502
213	502
214	502
215	502
324	502
325	502
326	502
327	502
328	502
337	502
338	502
339	502
504	502
178	503
179	503
194	503
195	503
196	503
197	503
198	503
199	503
213	503
214	503
215	503
216	503
299	503
300	503
301	503
302	503
325	503
326	503
327	503
336	503
337	503
338	503
339	503
340	503
503	503
178	504
179	504
194	504
195	504
196	504
197	504
198	504
199	504
213	504
214	504
215	504
299	504
300	504
301	504
302	504
336	504
337	504
338	504
339	504
340	504
341	504
502	504
153	505
154	505
157	505
158	505
160	505
161	505
170	505
171	505
173	505
174	505
175	505
178	505
179	505
195	505
196	505
197	505
198	505
216	505
298	505
299	505
300	505
301	505
302	505
303	505
336	505
337	505
338	505
339	505
340	505
341	505
413	505
417	505
501	505
154	506
156	506
158	506
159	506
160	506
171	506
173	506
175	506
178	506
179	506
217	506
298	506
299	506
300	506
301	506
302	506
303	506
337	506
338	506
339	506
340	506
413	506
414	506
416	506
418	506
500	506
154	507
156	507
159	507
160	507
161	507
171	507
174	507
175	507
178	507
179	507
218	507
299	507
300	507
301	507
302	507
338	507
339	507
413	507
414	507
418	507
498	507
499	507
126	508
154	508
156	508
158	508
159	508
160	508
166	508
167	508
168	508
171	508
175	508
178	508
179	508
180	508
181	508
182	508
183	508
219	508
409	508
410	508
411	508
413	508
414	508
418	508
497	508
498	508
126	509
127	509
128	509
129	509
130	509
131	509
154	509
156	509
157	509
158	509
160	509
161	509
171	509
173	509
174	509
175	509
178	509
179	509
220	509
383	509
389	509
390	509
391	509
402	509
403	509
406	509
407	509
413	509
414	509
416	509
418	509
426	509
427	509
428	509
433	509
437	509
442	509
443	509
447	509
449	509
450	509
451	509
455	509
456	509
457	509
460	509
461	509
464	509
465	509
467	509
469	509
473	509
475	509
476	509
479	509
480	509
483	509
496	509
497	509
126	510
127	510
178	510
221	510
383	510
389	510
391	510
403	510
405	510
407	510
408	510
417	510
422	510
427	510
428	510
432	510
437	510
438	510
442	510
446	510
449	510
455	510
458	510
460	510
464	510
466	510
467	510
470	510
473	510
474	510
478	510
481	510
483	510
484	510
495	510
496	510
178	511
179	511
222	511
271	511
274	511
275	511
276	511
383	511
389	511
390	511
391	511
396	511
397	511
403	511
405	511
407	511
408	511
422	511
423	511
427	511
432	511
436	511
438	511
441	511
442	511
445	511
449	511
450	511
451	511
455	511
458	511
460	511
461	511
464	511
465	511
467	511
470	511
472	511
474	511
475	511
476	511
478	511
481	511
484	511
488	511
489	511
490	511
491	511
492	511
493	511
494	511
495	511
126	512
128	512
131	512
178	512
179	512
180	512
181	512
223	512
271	512
275	512
276	512
383	512
389	512
391	512
396	512
397	512
403	512
405	512
407	512
408	512
422	512
426	512
432	512
436	512
439	512
441	512
442	512
445	512
449	512
455	512
458	512
460	512
464	512
465	512
467	512
471	512
472	512
474	512
478	512
481	512
484	512
488	512
491	512
492	512
493	512
494	512
126	513
127	513
128	513
129	513
130	513
131	513
178	513
224	513
267	513
268	513
271	513
275	513
276	513
383	513
389	513
390	513
391	513
395	513
396	513
397	513
402	513
403	513
405	513
406	513
407	513
421	513
422	513
423	513
426	513
432	513
435	513
436	513
439	513
442	513
444	513
449	513
455	513
456	513
457	513
460	513
461	513
464	513
466	513
467	513
471	513
474	513
475	513
478	513
479	513
480	513
481	513
484	513
127	514
128	514
129	514
130	514
131	514
179	514
225	514
267	514
268	514
271	514
276	514
433	514
435	514
436	514
437	514
438	514
439	514
444	514
475	514
476	514
483	514
130	515
179	515
226	515
240	515
241	515
248	515
260	515
263	515
264	515
271	515
273	515
274	515
275	515
283	515
284	515
285	515
290	515
295	515
304	515
306	515
307	515
308	515
309	515
313	515
314	515
315	515
318	515
319	515
320	515
321	515
322	515
325	515
327	515
330	515
332	515
333	515
336	515
337	515
338	515
340	515
126	516
127	516
129	516
130	516
131	516
179	516
227	516
241	516
247	516
248	516
260	516
262	516
265	516
280	516
285	516
286	516
290	516
294	516
295	516
296	516
299	516
300	516
303	516
307	516
308	516
313	516
315	516
316	516
318	516
320	516
321	516
322	516
325	516
327	516
330	516
332	516
336	516
338	516
339	516
341	516
127	517
128	517
131	517
179	517
228	517
229	517
230	517
231	517
232	517
233	517
234	517
235	517
236	517
241	517
247	517
248	517
249	517
253	517
254	517
255	517
260	517
262	517
265	517
279	517
280	517
281	517
285	517
290	517
294	517
296	517
299	517
300	517
303	517
307	517
308	517
313	517
316	517
318	517
319	517
320	517
321	517
322	517
325	517
328	517
329	517
332	517
333	517
336	517
339	517
341	517
179	518
241	518
247	518
249	518
253	518
254	518
260	518
262	518
265	518
280	518
283	518
285	518
290	518
293	518
296	518
297	518
299	518
302	518
307	518
308	518
313	518
316	518
318	518
320	518
321	518
322	518
325	518
328	518
329	518
332	518
336	518
338	518
339	518
341	518
127	519
179	519
241	519
247	519
248	519
249	519
253	519
254	519
255	519
260	519
263	519
264	519
283	519
284	519
285	519
290	519
293	519
294	519
295	519
296	519
297	519
299	519
301	519
307	519
308	519
313	519
314	519
315	519
318	519
319	519
320	519
323	519
325	519
328	519
329	519
332	519
333	519
336	519
337	519
338	519
341	519
127	520
128	520
129	520
178	520
179	520
290	520
301	520
340	520
127	521
128	521
129	521
130	521
131	521
178	521
179	521
178	522
179	522
126	523
127	523
129	523
178	523
179	523
126	524
127	524
128	524
129	524
178	524
179	524
127	525
128	525
129	525
130	525
131	525
178	525
179	525
180	525
181	525
128	526
129	526
178	526
179	526
127	527
130	527
178	527
126	528
131	528
178	528
179	528
126	529
131	529
178	529
127	530
130	530
178	530
128	531
129	531
178	531
178	532
178	533
178	534
126	535
128	535
131	535
178	535
126	536
127	536
128	536
129	536
130	536
131	536
178	536
126	537
127	537
128	537
129	537
130	537
173	537
174	537
178	537
179	537
295	537
296	537
297	537
298	537
173	538
174	538
178	538
179	538
180	538
181	538
295	538
296	538
297	538
298	538
299	538
126	539
127	539
128	539
129	539
130	539
178	539
295	539
296	539
297	539
298	539
299	539
126	540
127	540
128	540
129	540
130	540
178	540
295	540
296	540
297	540
298	540
299	540
360	540
361	540
362	540
126	541
178	541
295	541
296	541
297	541
298	541
359	541
360	541
361	541
362	541
363	541
130	542
178	542
359	542
360	542
361	542
362	542
363	542
364	542
128	543
129	543
130	543
178	543
359	543
360	543
361	543
362	543
363	543
364	543
126	544
127	544
128	544
129	544
178	544
359	544
360	544
361	544
362	544
363	544
127	545
128	545
129	545
178	545
360	545
361	545
362	545
129	546
130	546
178	546
130	547
178	547
126	548
127	548
128	548
129	548
130	548
178	548
126	549
128	549
129	549
137	549
140	549
141	549
143	549
144	549
145	549
146	549
147	549
148	549
149	549
152	549
153	549
154	549
155	549
156	549
158	549
159	549
160	549
162	549
163	549
166	549
167	549
168	549
173	549
174	549
178	549
314	549
315	549
316	549
317	549
126	550
127	550
128	550
129	550
130	550
137	550
140	550
143	550
144	550
146	550
151	550
153	550
156	550
158	550
159	550
162	550
163	550
164	550
166	550
168	550
172	550
173	550
175	550
178	550
314	550
315	550
316	550
317	550
318	550
384	550
385	550
386	550
387	550
388	550
389	550
390	550
391	550
392	550
393	550
394	550
395	550
396	550
397	550
398	550
399	550
400	550
401	550
402	550
403	550
404	550
405	550
406	550
407	550
408	550
409	550
410	550
411	550
412	550
413	550
414	550
415	550
416	550
417	550
418	550
419	550
420	550
421	550
422	550
423	550
424	550
425	550
426	550
427	550
428	550
429	550
430	550
431	550
432	550
433	550
434	550
435	550
436	550
437	550
438	550
439	550
440	550
446	550
447	550
448	550
449	550
450	550
451	550
452	550
453	550
454	550
455	550
456	550
457	550
458	550
459	550
460	550
461	550
462	550
463	550
464	550
465	550
466	550
467	550
468	550
469	550
470	550
471	550
472	550
473	550
474	550
475	550
476	550
477	550
478	550
479	550
480	550
481	550
482	550
483	550
484	550
485	550
486	550
487	550
488	550
489	550
490	550
491	550
492	550
493	550
494	550
495	550
496	550
497	550
498	550
499	550
500	550
501	550
502	550
503	550
504	550
505	550
506	550
507	550
508	550
509	550
510	550
511	550
512	550
513	550
514	550
515	550
516	550
517	550
518	550
519	550
520	550
521	550
522	550
137	551
140	551
143	551
144	551
145	551
146	551
151	551
153	551
156	551
159	551
160	551
162	551
163	551
164	551
165	551
166	551
168	551
169	551
172	551
175	551
178	551
179	551
180	551
181	551
182	551
183	551
184	551
185	551
186	551
187	551
188	551
189	551
190	551
191	551
192	551
193	551
194	551
195	551
196	551
197	551
198	551
199	551
200	551
201	551
202	551
203	551
204	551
205	551
206	551
207	551
208	551
209	551
210	551
211	551
212	551
213	551
214	551
215	551
216	551
217	551
218	551
219	551
220	551
221	551
222	551
223	551
224	551
225	551
226	551
227	551
228	551
229	551
230	551
231	551
232	551
233	551
234	551
235	551
236	551
237	551
238	551
239	551
240	551
241	551
242	551
243	551
244	551
245	551
246	551
247	551
248	551
249	551
250	551
251	551
252	551
253	551
254	551
255	551
256	551
257	551
258	551
259	551
260	551
261	551
262	551
263	551
264	551
265	551
266	551
267	551
268	551
269	551
270	551
271	551
272	551
273	551
274	551
275	551
276	551
277	551
278	551
279	551
280	551
281	551
282	551
283	551
284	551
285	551
286	551
287	551
288	551
289	551
290	551
291	551
292	551
293	551
294	551
295	551
296	551
297	551
298	551
299	551
300	551
301	551
302	551
303	551
304	551
305	551
306	551
307	551
308	551
309	551
310	551
311	551
312	551
313	551
314	551
315	551
316	551
317	551
318	551
319	551
320	551
321	551
322	551
323	551
324	551
325	551
326	551
327	551
328	551
329	551
330	551
331	551
332	551
333	551
334	551
335	551
336	551
337	551
338	551
339	551
340	551
341	551
342	551
343	551
344	551
345	551
346	551
347	551
348	551
349	551
350	551
351	551
352	551
353	551
354	551
355	551
356	551
357	551
358	551
359	551
360	551
361	551
362	551
363	551
364	551
365	551
366	551
367	551
368	551
369	551
370	551
371	551
372	551
373	551
374	551
375	551
376	551
377	551
378	551
379	551
380	551
381	551
382	551
383	551
384	551
385	551
386	551
387	551
388	551
389	551
390	551
391	551
392	551
393	551
394	551
395	551
396	551
397	551
398	551
399	551
400	551
401	551
402	551
403	551
404	551
405	551
406	551
407	551
408	551
409	551
410	551
411	551
412	551
413	551
414	551
415	551
416	551
417	551
418	551
419	551
420	551
421	551
422	551
423	551
424	551
425	551
426	551
427	551
428	551
429	551
430	551
431	551
432	551
433	551
434	551
435	551
436	551
437	551
438	551
439	551
440	551
441	551
442	551
443	551
444	551
445	551
446	551
447	551
476	551
477	551
478	551
480	551
483	551
490	551
491	551
492	551
493	551
494	551
495	551
496	551
497	551
498	551
499	551
500	551
501	551
502	551
503	551
504	551
505	551
506	551
507	551
508	551
509	551
510	551
511	551
137	552
138	552
140	552
143	552
144	552
146	552
151	552
153	552
156	552
160	552
162	552
163	552
165	552
166	552
168	552
169	552
172	552
173	552
175	552
178	552
314	552
315	552
316	552
317	552
318	552
138	553
139	553
140	553
143	553
147	553
148	553
149	553
151	553
153	553
154	553
155	553
158	553
159	553
160	553
162	553
166	553
168	553
173	553
174	553
178	553
314	553
315	553
316	553
317	553
126	554
128	554
130	554
152	554
168	554
178	554
126	555
128	555
130	555
178	555
126	556
127	556
128	556
129	556
130	556
178	556
129	557
130	557
178	557
126	558
127	558
128	558
178	558
128	559
129	559
130	559
178	559
128	560
129	560
130	560
178	560
126	561
127	561
128	561
178	561
127	562
128	562
129	562
130	562
178	562
178	563
126	564
127	564
128	564
129	564
130	564
173	564
174	564
178	564
173	565
174	565
175	565
178	565
179	565
180	565
126	566
178	566
126	567
127	567
128	567
129	567
130	567
178	567
126	568
178	568
178	569
178	570
178	571
178	572
130	573
131	573
178	573
131	574
178	574
126	575
178	575
328	575
329	575
330	575
126	576
128	576
178	576
327	576
328	576
329	576
330	576
331	576
126	577
127	577
128	577
129	577
130	577
178	577
180	577
327	577
328	577
329	577
330	577
331	577
129	578
130	578
178	578
179	578
180	578
181	578
327	578
328	578
329	578
330	578
331	578
178	579
327	579
328	579
329	579
330	579
331	579
126	580
127	580
178	580
128	581
178	581
129	582
130	582
178	582
131	583
178	583
298	583
299	583
300	583
301	583
126	584
128	584
178	584
297	584
298	584
299	584
300	584
301	584
302	584
126	585
127	585
128	585
129	585
130	585
178	585
297	585
298	585
299	585
300	585
301	585
302	585
178	586
297	586
298	586
299	586
300	586
301	586
302	586
130	587
178	587
298	587
299	587
300	587
301	587
128	588
129	588
130	588
178	588
299	588
300	588
126	589
127	589
130	589
178	589
126	590
127	590
130	590
178	590
127	591
128	591
129	591
130	591
178	591
179	591
180	591
181	591
129	592
130	592
153	592
156	592
157	592
160	592
161	592
170	592
173	592
174	592
178	592
153	593
154	593
156	593
157	593
158	593
159	593
160	593
170	593
173	593
174	593
175	593
178	593
153	594
154	594
155	594
158	594
159	594
160	594
161	594
170	594
174	594
175	594
178	594
179	594
180	594
181	594
182	594
183	594
148	595
149	595
150	595
151	595
153	595
154	595
155	595
158	595
160	595
165	595
166	595
167	595
168	595
170	595
174	595
175	595
178	595
179	595
180	595
181	595
182	595
183	595
153	596
154	596
156	596
157	596
158	596
159	596
160	596
170	596
172	596
173	596
174	596
175	596
178	596
156	597
157	597
160	597
161	597
170	597
173	597
174	597
178	597
356	597
357	597
358	597
178	598
355	598
356	598
357	598
358	598
359	598
178	599
355	599
356	599
357	599
358	599
359	599
178	600
343	600
344	600
345	600
346	600
355	600
356	600
357	600
358	600
359	600
178	601
343	601
344	601
345	601
346	601
347	601
355	601
356	601
357	601
358	601
359	601
178	602
342	602
343	602
344	602
345	602
346	602
347	602
356	602
357	602
358	602
178	603
342	603
343	603
344	603
345	603
346	603
347	603
178	604
343	604
344	604
345	604
346	604
178	605
178	606
178	607
178	608
179	608
180	608
178	609
349	609
350	609
351	609
352	609
178	610
348	610
349	610
350	610
351	610
352	610
178	611
348	611
349	611
350	611
351	611
352	611
353	611
178	612
348	612
349	612
350	612
351	612
352	612
178	613
349	613
350	613
351	613
352	613
178	614
178	615
178	616
178	617
178	618
178	619
256	619
257	619
258	619
259	619
260	619
261	619
262	619
263	619
264	619
265	619
266	619
267	619
268	619
269	619
270	619
271	619
272	619
273	619
274	619
275	619
276	619
277	619
278	619
279	619
280	619
281	619
282	619
283	619
284	619
285	619
286	619
287	619
288	619
289	619
290	619
291	619
292	619
293	619
294	619
295	619
296	619
297	619
298	619
299	619
300	619
301	619
302	619
303	619
304	619
305	619
306	619
307	619
308	619
309	619
310	619
311	619
312	619
313	619
314	619
315	619
316	619
317	619
318	619
319	619
320	619
321	619
322	619
323	619
324	619
325	619
326	619
327	619
328	619
329	619
330	619
331	619
332	619
333	619
334	619
335	619
336	619
337	619
338	619
339	619
340	619
341	619
342	619
343	619
344	619
345	619
346	619
347	619
348	619
349	619
350	619
351	619
352	619
353	619
354	619
355	619
356	619
357	619
358	619
359	619
360	619
361	619
362	619
363	619
364	619
365	619
366	619
367	619
368	619
369	619
370	619
371	619
372	619
373	619
374	619
375	619
376	619
377	619
457	619
458	619
178	620
179	620
180	620
181	620
182	620
183	620
184	620
185	620
186	620
187	620
188	620
189	620
190	620
191	620
192	620
193	620
194	620
195	620
196	620
197	620
198	620
199	620
200	620
201	620
202	620
203	620
204	620
205	620
206	620
207	620
208	620
209	620
210	620
211	620
212	620
213	620
214	620
215	620
216	620
217	620
218	620
219	620
220	620
221	620
222	620
223	620
224	620
225	620
226	620
227	620
228	620
229	620
230	620
231	620
232	620
233	620
234	620
235	620
236	620
237	620
238	620
239	620
240	620
241	620
242	620
243	620
244	620
245	620
246	620
247	620
248	620
249	620
250	620
251	620
252	620
253	620
254	620
255	620
256	620
257	620
258	620
259	620
260	620
261	620
262	620
263	620
264	620
265	620
266	620
267	620
268	620
269	620
270	620
271	620
272	620
273	620
274	620
275	620
276	620
277	620
278	620
279	620
280	620
281	620
282	620
283	620
284	620
285	620
286	620
287	620
288	620
289	620
290	620
291	620
292	620
293	620
294	620
295	620
296	620
297	620
298	620
299	620
300	620
301	620
302	620
303	620
304	620
305	620
306	620
307	620
308	620
309	620
310	620
311	620
312	620
313	620
314	620
315	620
316	620
317	620
318	620
456	620
457	620
458	620
459	620
178	621
215	621
216	621
455	621
456	621
457	621
458	621
459	621
178	622
216	622
217	622
218	622
455	622
456	622
457	622
458	622
459	622
178	623
216	623
217	623
218	623
219	623
220	623
455	623
456	623
457	623
458	623
459	623
177	624
178	624
217	624
218	624
219	624
220	624
456	624
457	624
458	624
177	625
178	625
217	625
218	625
219	625
177	626
178	626
220	626
177	627
178	627
193	627
194	627
195	627
221	627
177	628
178	628
192	628
193	628
194	628
195	628
196	628
222	628
474	628
475	628
476	628
177	629
178	629
192	629
193	629
194	629
195	629
196	629
223	629
473	629
474	629
475	629
476	629
477	629
177	630
178	630
192	630
193	630
194	630
195	630
196	630
197	630
198	630
199	630
200	630
224	630
473	630
474	630
475	630
476	630
477	630
177	631
178	631
192	631
193	631
194	631
195	631
196	631
197	631
198	631
199	631
200	631
201	631
225	631
473	631
474	631
475	631
476	631
477	631
177	632
178	632
193	632
194	632
195	632
197	632
198	632
199	632
200	632
201	632
226	632
473	632
474	632
475	632
476	632
477	632
177	633
178	633
179	633
180	633
197	633
198	633
199	633
200	633
201	633
227	633
475	633
152	634
156	634
157	634
159	634
160	634
169	634
173	634
177	634
197	634
198	634
199	634
200	634
201	634
228	634
278	634
279	634
282	634
283	634
284	634
152	635
153	635
155	635
156	635
157	635
158	635
159	635
160	635
169	635
170	635
172	635
173	635
174	635
177	635
198	635
199	635
229	635
279	635
284	635
152	636
153	636
155	636
157	636
158	636
159	636
160	636
169	636
170	636
172	636
174	636
177	636
230	636
275	636
276	636
279	636
283	636
284	636
148	637
149	637
150	637
152	637
153	637
155	637
157	637
158	637
159	637
165	637
166	637
167	637
169	637
170	637
173	637
174	637
177	637
178	637
179	637
180	637
181	637
182	637
183	637
231	637
274	637
275	637
276	637
279	637
284	637
303	637
329	637
330	637
348	637
478	637
479	637
480	637
481	637
152	638
153	638
155	638
157	638
158	638
159	638
165	638
166	638
167	638
169	638
170	638
172	638
173	638
177	638
178	638
232	638
248	638
249	638
255	638
256	638
257	638
268	638
271	638
272	638
273	638
279	638
282	638
283	638
284	638
288	638
293	638
298	638
302	638
303	638
307	638
308	638
312	638
314	638
315	638
316	638
320	638
321	638
322	638
323	638
325	638
326	638
327	638
329	638
330	638
331	638
332	638
333	638
335	638
338	638
340	638
341	638
343	638
344	638
345	638
346	638
348	638
478	638
479	638
480	638
481	638
482	638
156	639
159	639
160	639
169	639
170	639
172	639
173	639
174	639
177	639
233	639
234	639
235	639
236	639
237	639
238	639
239	639
240	639
249	639
250	639
254	639
255	639
257	639
263	639
268	639
270	639
271	639
273	639
288	639
292	639
293	639
297	639
298	639
302	639
303	639
304	639
307	639
311	639
314	639
315	639
321	639
323	639
324	639
325	639
326	639
329	639
331	639
332	639
333	639
335	639
336	639
338	639
340	639
343	639
344	639
346	639
347	639
349	639
477	639
478	639
479	639
480	639
481	639
482	639
177	640
244	640
245	640
246	640
249	640
255	640
256	640
257	640
261	640
262	640
263	640
268	640
270	640
273	640
287	640
288	640
289	640
292	640
293	640
297	640
301	640
304	640
307	640
308	640
311	640
314	640
315	640
316	640
321	640
324	640
325	640
326	640
329	640
330	640
332	640
333	640
336	640
337	640
338	640
340	640
343	640
344	640
347	640
349	640
477	640
478	640
479	640
480	640
481	640
482	640
177	641
244	641
245	641
246	641
247	641
249	641
250	641
256	641
261	641
262	641
263	641
268	641
270	641
271	641
273	641
287	641
288	641
289	641
291	641
292	641
293	641
294	641
297	641
301	641
304	641
305	641
307	641
310	641
314	641
315	641
320	641
321	641
323	641
325	641
329	641
331	641
332	641
333	641
336	641
337	641
340	641
343	641
344	641
346	641
349	641
478	641
479	641
480	641
481	641
177	642
178	642
247	642
248	642
249	642
255	642
261	642
263	642
268	642
271	642
272	642
293	642
298	642
300	642
301	642
302	642
303	642
304	642
305	642
307	642
309	642
314	642
315	642
321	642
322	642
325	642
326	642
327	642
329	642
331	642
333	642
337	642
340	642
341	642
342	642
344	642
345	642
348	642
349	642
177	643
178	643
298	643
309	643
348	643
177	644
178	644
177	645
178	645
177	646
178	646
177	647
178	647
177	648
178	648
177	649
177	650
178	650
179	650
180	650
177	651
447	651
448	651
449	651
460	651
465	651
466	651
177	652
446	652
447	652
448	652
449	652
456	652
457	652
460	652
461	652
462	652
465	652
466	652
467	652
469	652
177	653
180	653
181	653
445	653
446	653
447	653
448	653
449	653
450	653
457	653
459	653
461	653
462	653
465	653
466	653
467	653
469	653
177	654
179	654
180	654
181	654
182	654
183	654
445	654
446	654
447	654
448	654
449	654
450	654
457	654
458	654
459	654
461	654
465	654
467	654
469	654
177	655
178	655
179	655
180	655
181	655
182	655
183	655
446	655
447	655
448	655
449	655
458	655
459	655
461	655
462	655
465	655
467	655
469	655
177	656
178	656
179	656
180	656
181	656
182	656
183	656
462	656
463	656
465	656
466	656
469	656
177	657
179	657
180	657
181	657
182	657
183	657
177	658
180	658
181	658
182	658
177	659
177	660
177	661
448	661
177	662
447	662
448	662
449	662
456	662
460	662
462	662
463	662
464	662
465	662
467	662
471	662
474	662
479	662
480	662
484	662
485	662
488	662
507	662
508	662
509	662
512	662
513	662
177	663
178	663
179	663
180	663
447	663
448	663
449	663
456	663
457	663
459	663
460	663
461	663
462	663
465	663
468	663
470	663
473	663
474	663
478	663
481	663
483	663
484	663
487	663
488	663
489	663
500	663
501	663
502	663
503	663
506	663
507	663
509	663
511	663
513	663
177	664
446	664
447	664
448	664
449	664
450	664
457	664
459	664
461	664
465	664
468	664
469	664
470	664
473	664
475	664
477	664
483	664
484	664
485	664
487	664
488	664
489	664
500	664
503	664
505	664
506	664
510	664
511	664
512	664
513	664
177	665
445	665
446	665
447	665
448	665
449	665
450	665
457	665
458	665
459	665
461	665
465	665
469	665
472	665
473	665
474	665
475	665
477	665
480	665
481	665
483	665
484	665
487	665
488	665
500	665
503	665
505	665
510	665
511	665
512	665
177	666
445	666
446	666
447	666
448	666
449	666
450	666
451	666
458	666
462	666
463	666
464	666
465	666
469	666
472	666
475	666
476	666
478	666
481	666
483	666
484	666
487	666
489	666
500	666
503	666
506	666
509	666
510	666
511	666
513	666
177	667
463	667
464	667
469	667
479	667
480	667
484	667
485	667
487	667
501	667
502	667
507	667
508	667
509	667
177	668
177	669
177	670
177	671
177	672
177	673
177	674
152	675
153	675
156	675
157	675
158	675
159	675
160	675
161	675
170	675
174	675
177	675
193	675
206	675
220	675
234	675
249	675
263	675
277	675
292	675
306	675
320	675
334	675
349	675
377	675
406	675
450	675
153	676
156	676
158	676
159	676
160	676
170	676
174	676
177	676
178	676
179	676
180	676
193	676
206	676
220	676
234	676
249	676
263	676
277	676
292	676
306	676
320	676
334	676
349	676
363	676
377	676
391	676
392	676
406	676
420	676
421	676
436	676
450	676
463	676
478	676
492	676
507	676
520	676
149	677
150	677
153	677
156	677
158	677
159	677
160	677
161	677
170	677
174	677
177	677
178	677
193	677
206	677
220	677
234	677
249	677
263	677
277	677
292	677
306	677
320	677
334	677
349	677
363	677
377	677
391	677
392	677
406	677
421	677
436	677
450	677
463	677
478	677
492	677
507	677
520	677
149	678
150	678
151	678
153	678
156	678
158	678
159	678
166	678
167	678
168	678
170	678
174	678
177	678
193	678
206	678
220	678
234	678
249	678
263	678
277	678
292	678
306	678
320	678
334	678
349	678
363	678
377	678
391	678
392	678
406	678
420	678
421	678
436	678
450	678
463	678
478	678
492	678
507	678
520	678
153	679
156	679
157	679
158	679
159	679
160	679
161	679
170	679
174	679
177	679
193	679
206	679
220	679
234	679
249	679
263	679
277	679
292	679
306	679
320	679
334	679
349	679
363	679
377	679
391	679
406	679
420	679
421	679
436	679
450	679
463	679
478	679
492	679
507	679
520	679
170	680
174	680
177	680
178	680
179	680
180	680
181	680
182	680
183	680
184	680
185	680
186	680
187	680
188	680
189	680
190	680
191	680
192	680
193	680
194	680
195	680
196	680
197	680
198	680
199	680
200	680
201	680
202	680
203	680
204	680
205	680
206	680
207	680
208	680
209	680
210	680
211	680
212	680
213	680
214	680
215	680
216	680
217	680
218	680
219	680
220	680
221	680
222	680
223	680
224	680
225	680
226	680
227	680
228	680
229	680
230	680
231	680
232	680
233	680
234	680
235	680
236	680
237	680
238	680
239	680
240	680
241	680
242	680
243	680
244	680
245	680
246	680
247	680
248	680
249	680
250	680
251	680
252	680
253	680
254	680
255	680
256	680
257	680
258	680
259	680
260	680
261	680
262	680
263	680
264	680
265	680
266	680
267	680
268	680
269	680
270	680
271	680
272	680
273	680
274	680
275	680
276	680
277	680
278	680
279	680
280	680
281	680
282	680
283	680
284	680
285	680
286	680
287	680
288	680
289	680
290	680
291	680
292	680
293	680
294	680
295	680
296	680
297	680
298	680
299	680
300	680
301	680
302	680
303	680
304	680
305	680
306	680
307	680
308	680
309	680
310	680
311	680
312	680
313	680
314	680
315	680
316	680
317	680
318	680
319	680
320	680
321	680
322	680
323	680
324	680
325	680
326	680
327	680
328	680
329	680
330	680
331	680
332	680
333	680
334	680
335	680
336	680
337	680
338	680
339	680
340	680
341	680
342	680
343	680
344	680
345	680
346	680
347	680
348	680
349	680
350	680
351	680
352	680
353	680
354	680
355	680
356	680
357	680
358	680
359	680
360	680
361	680
362	680
363	680
364	680
367	680
368	680
369	680
370	680
371	680
377	680
384	680
385	680
386	680
387	680
388	680
389	680
390	680
391	680
392	680
393	680
394	680
395	680
396	680
397	680
398	680
399	680
400	680
401	680
402	680
403	680
404	680
405	680
406	680
407	680
408	680
409	680
420	680
421	680
436	680
450	680
463	680
478	680
479	680
492	680
507	680
520	680
244	681
245	681
246	681
247	681
250	681
251	681
252	681
253	681
254	681
255	681
294	681
295	681
296	681
297	681
298	681
299	681
300	681
301	681
302	681
303	681
304	681
305	681
306	681
307	681
308	681
309	681
310	681
311	681
312	681
313	681
314	681
315	681
316	681
317	681
318	681
319	681
338	681
339	681
340	681
341	681
342	681
343	681
344	681
345	681
346	681
347	681
348	681
349	681
350	681
351	681
352	681
353	681
354	681
355	681
356	681
357	681
358	681
359	681
360	681
361	681
362	681
363	681
364	681
365	681
366	681
367	681
368	681
369	681
370	681
371	681
372	681
373	681
374	681
375	681
376	681
377	681
378	681
379	681
380	681
381	681
382	681
383	681
384	681
385	681
386	681
387	681
388	681
389	681
390	681
391	681
392	681
393	681
394	681
395	681
396	681
397	681
398	681
399	681
400	681
401	681
402	681
403	681
404	681
405	681
406	681
407	681
408	681
409	681
410	681
411	681
412	681
413	681
414	681
415	681
416	681
417	681
418	681
419	681
420	681
421	681
422	681
423	681
424	681
425	681
426	681
427	681
428	681
429	681
430	681
431	681
432	681
433	681
434	681
435	681
436	681
437	681
438	681
439	681
440	681
441	681
442	681
443	681
444	681
445	681
446	681
447	681
448	681
449	681
450	681
451	681
452	681
453	681
454	681
455	681
456	681
457	681
458	681
459	681
460	681
461	681
462	681
463	681
464	681
465	681
466	681
467	681
468	681
469	681
470	681
471	681
472	681
473	681
474	681
475	681
476	681
477	681
478	681
479	681
480	681
481	681
482	681
483	681
484	681
485	681
486	681
487	681
488	681
489	681
490	681
491	681
492	681
493	681
494	681
495	681
496	681
497	681
498	681
499	681
500	681
501	681
502	681
503	681
504	681
505	681
506	681
507	681
508	681
509	681
510	681
511	681
512	681
513	681
514	681
515	681
516	681
517	681
518	681
519	681
520	681
194	683
220	683
263	683
178	684
179	684
194	684
205	684
206	684
219	684
220	684
221	684
233	684
234	684
235	684
236	684
247	684
248	684
251	684
262	684
263	684
264	684
265	684
278	684
291	684
292	684
304	684
307	684
320	684
332	684
336	684
349	684
350	684
364	684
377	684
391	684
392	684
405	684
406	684
407	684
419	684
423	684
434	684
435	684
436	684
450	684
462	684
463	684
464	684
476	684
492	684
520	684
178	685
179	685
194	685
205	685
206	685
219	685
220	685
232	685
236	685
237	685
247	685
248	685
249	685
251	685
262	685
265	685
278	685
291	685
304	685
307	685
308	685
320	685
321	685
332	685
333	685
335	685
336	685
349	685
350	685
364	685
376	685
377	685
390	685
391	685
404	685
408	685
418	685
419	685
420	685
423	685
434	685
435	685
437	685
450	685
462	685
476	685
479	685
480	685
492	685
493	685
505	685
509	685
520	685
178	686
179	686
194	686
204	686
205	686
206	686
207	686
220	686
221	686
232	686
237	686
247	686
248	686
249	686
250	686
251	686
262	686
265	686
278	686
291	686
292	686
304	686
305	686
306	686
307	686
308	686
319	686
320	686
321	686
332	686
333	686
335	686
336	686
349	686
350	686
364	686
376	686
377	686
378	686
391	686
392	686
404	686
408	686
419	686
420	686
421	686
423	686
434	686
437	686
438	686
450	686
462	686
463	686
464	686
476	686
477	686
479	686
480	686
491	686
492	686
493	686
505	686
506	686
508	686
509	686
520	686
177	687
178	687
179	687
192	687
193	687
194	687
204	687
205	687
206	687
207	687
221	687
232	687
233	687
236	687
237	687
247	687
250	687
251	687
262	687
264	687
265	687
278	687
291	687
303	687
305	687
306	687
308	687
319	687
320	687
321	687
322	687
332	687
334	687
335	687
336	687
349	687
350	687
364	687
375	687
376	687
377	687
378	687
392	687
404	687
408	687
418	687
419	687
421	687
422	687
423	687
434	687
437	687
438	687
450	687
462	687
476	687
477	687
478	687
480	687
491	687
492	687
493	687
505	687
506	687
507	687
508	687
509	687
520	687
177	688
178	688
192	688
193	688
204	688
207	688
208	688
219	688
220	688
233	688
234	688
235	688
236	688
247	688
251	688
262	688
263	688
264	688
276	688
277	688
278	688
291	688
303	688
306	688
308	688
318	688
322	688
332	688
334	688
336	688
348	688
349	688
362	688
363	688
364	688
375	688
378	688
390	688
391	688
392	688
404	688
405	688
406	688
407	688
408	688
418	688
419	688
422	688
423	688
434	688
435	688
436	688
437	688
449	688
450	688
462	688
475	688
478	688
480	688
490	688
494	688
505	688
507	688
509	688
518	688
519	688
520	688
449	689
462	689
494	689
518	689
519	689
217	694
221	694
213	695
214	695
216	695
217	695
218	695
220	695
221	695
222	695
224	695
225	695
226	695
350	695
351	695
353	695
354	695
355	695
357	695
358	695
361	695
472	695
475	695
476	695
479	695
480	695
483	695
214	696
216	696
218	696
219	696
220	696
221	696
222	696
224	696
226	696
350	696
351	696
353	696
355	696
356	696
357	696
359	696
361	696
362	696
472	696
475	696
477	696
478	696
480	696
482	696
484	696
214	697
217	697
218	697
220	697
221	697
222	697
223	697
224	697
226	697
350	697
351	697
353	697
354	697
355	697
357	697
358	697
359	697
361	697
362	697
472	697
475	697
477	697
479	697
480	697
484	697
214	698
217	698
220	698
222	698
224	698
226	698
350	698
351	698
354	698
355	698
356	698
357	698
359	698
361	698
362	698
472	698
476	698
478	698
479	698
480	698
483	698
214	699
217	699
220	699
221	699
222	699
224	699
225	699
226	699
350	699
354	699
357	699
358	699
359	699
361	699
362	699
472	699
476	699
478	699
480	699
482	699
483	699
479	700
480	700
482	700
483	700
484	700
202	715
203	715
204	715
205	715
206	715
207	715
208	715
219	715
220	715
221	715
222	715
230	715
231	715
232	715
233	715
234	715
236	715
237	715
238	715
239	715
242	715
243	715
244	715
245	715
250	715
251	715
255	715
256	715
273	715
274	715
275	715
276	715
279	715
280	715
281	715
282	715
284	715
285	715
286	715
287	715
298	715
340	715
360	715
382	715
383	715
390	715
392	715
393	715
426	715
427	715
430	715
431	715
434	715
435	715
436	715
437	715
441	715
442	715
443	715
444	715
447	715
202	716
203	716
207	716
208	716
210	716
211	716
212	716
219	716
220	716
230	716
231	716
233	716
234	716
236	716
237	716
238	716
239	716
240	716
241	716
242	716
244	716
245	716
249	716
250	716
251	716
252	716
254	716
255	716
256	716
257	716
261	716
264	716
266	716
267	716
273	716
274	716
275	716
276	716
277	716
278	716
279	716
281	716
282	716
284	716
285	716
286	716
287	716
292	716
293	716
294	716
297	716
298	716
299	716
317	716
318	716
320	716
321	716
326	716
340	716
357	716
358	716
360	716
382	716
383	716
384	716
389	716
390	716
392	716
393	716
398	716
399	716
425	716
426	716
427	716
431	716
434	716
435	716
436	716
437	716
441	716
442	716
443	716
444	716
445	716
447	716
202	717
203	717
204	717
205	717
207	717
208	717
209	717
210	717
211	717
212	717
213	717
219	717
220	717
221	717
230	717
231	717
234	717
235	717
236	717
237	717
238	717
241	717
242	717
243	717
249	717
250	717
251	717
254	717
256	717
257	717
261	717
263	717
264	717
265	717
266	717
267	717
268	717
273	717
276	717
277	717
278	717
279	717
280	717
284	717
285	717
293	717
294	717
297	717
298	717
299	717
303	717
304	717
305	717
306	717
307	717
308	717
310	717
311	717
312	717
313	717
314	717
315	717
316	717
317	717
318	717
320	717
321	717
322	717
324	717
325	717
326	717
327	717
329	717
330	717
331	717
332	717
333	717
334	717
335	717
336	717
337	717
338	717
339	717
340	717
341	717
342	717
343	717
345	717
346	717
347	717
348	717
349	717
350	717
351	717
352	717
353	717
357	717
358	717
360	717
361	717
362	717
363	717
364	717
365	717
366	717
367	717
368	717
369	717
370	717
371	717
372	717
373	717
375	717
376	717
377	717
378	717
379	717
380	717
381	717
382	717
383	717
384	717
385	717
389	717
390	717
391	717
392	717
393	717
394	717
395	717
397	717
398	717
399	717
400	717
404	717
405	717
407	717
409	717
410	717
411	717
412	717
414	717
415	717
416	717
421	717
422	717
423	717
424	717
425	717
426	717
427	717
431	717
432	717
434	717
436	717
437	717
441	717
442	717
444	717
445	717
447	717
202	718
203	718
204	718
205	718
207	718
208	718
209	718
210	718
212	718
213	718
219	718
221	718
222	718
230	718
231	718
234	718
235	718
237	718
238	718
239	718
240	718
242	718
243	718
244	718
245	718
249	718
250	718
251	718
252	718
255	718
256	718
257	718
261	718
262	718
263	718
264	718
265	718
266	718
267	718
268	718
273	718
276	718
277	718
279	718
280	718
281	718
282	718
284	718
285	718
286	718
287	718
293	718
294	718
296	718
297	718
298	718
299	718
303	718
304	718
305	718
308	718
310	718
312	718
313	718
314	718
315	718
317	718
318	718
319	718
320	718
322	718
323	718
324	718
325	718
327	718
329	718
330	718
332	718
333	718
336	718
337	718
338	718
340	718
342	718
343	718
344	718
345	718
347	718
348	718
349	718
350	718
352	718
353	718
357	718
358	718
360	718
362	718
363	718
364	718
365	718
367	718
368	718
370	718
371	718
372	718
373	718
375	718
376	718
377	718
378	718
380	718
382	718
383	718
385	718
390	718
392	718
393	718
395	718
396	718
397	718
398	718
399	718
400	718
404	718
405	718
407	718
409	718
410	718
411	718
413	718
414	718
415	718
416	718
417	718
420	718
421	718
423	718
424	718
426	718
431	718
432	718
433	718
434	718
436	718
437	718
441	718
442	718
443	718
444	718
445	718
447	718
202	719
203	719
207	719
208	719
209	719
210	719
212	719
213	719
219	719
221	719
222	719
230	719
231	719
233	719
234	719
236	719
239	719
240	719
241	719
242	719
244	719
245	719
249	719
250	719
252	719
253	719
254	719
256	719
257	719
261	719
262	719
263	719
267	719
268	719
269	719
273	719
276	719
277	719
278	719
279	719
281	719
282	719
284	719
287	719
288	719
293	719
294	719
296	719
297	719
298	719
299	719
304	719
305	719
306	719
308	719
309	719
310	719
312	719
315	719
317	719
319	719
320	719
322	719
323	719
324	719
325	719
327	719
329	719
330	719
331	719
332	719
335	719
336	719
337	719
338	719
340	719
342	719
343	719
344	719
345	719
347	719
348	719
349	719
350	719
352	719
353	719
357	719
358	719
360	719
362	719
363	719
364	719
365	719
367	719
368	719
370	719
371	719
372	719
373	719
375	719
376	719
377	719
378	719
380	719
382	719
383	719
385	719
390	719
392	719
393	719
395	719
396	719
397	719
398	719
400	719
404	719
405	719
407	719
410	719
411	719
412	719
413	719
414	719
416	719
420	719
421	719
423	719
424	719
426	719
432	719
433	719
434	719
436	719
437	719
441	719
442	719
445	719
447	719
202	720
203	720
207	720
208	720
210	720
211	720
212	720
213	720
219	720
220	720
221	720
222	720
230	720
231	720
232	720
233	720
234	720
236	720
237	720
238	720
239	720
241	720
242	720
243	720
244	720
245	720
249	720
250	720
251	720
252	720
254	720
255	720
256	720
257	720
262	720
263	720
265	720
266	720
267	720
268	720
273	720
274	720
275	720
276	720
278	720
279	720
280	720
281	720
282	720
284	720
285	720
286	720
287	720
293	720
294	720
298	720
299	720
303	720
304	720
305	720
306	720
308	720
309	720
310	720
312	720
313	720
315	720
317	720
318	720
320	720
321	720
322	720
324	720
325	720
327	720
329	720
330	720
331	720
332	720
333	720
334	720
335	720
336	720
337	720
338	720
340	720
341	720
342	720
343	720
345	720
346	720
347	720
348	720
349	720
350	720
352	720
353	720
357	720
358	720
359	720
360	720
362	720
363	720
364	720
365	720
368	720
369	720
370	720
371	720
372	720
373	720
374	720
375	720
376	720
377	720
378	720
379	720
380	720
382	720
383	720
385	720
390	720
391	720
392	720
393	720
395	720
396	720
397	720
398	720
399	720
400	720
404	720
405	720
406	720
407	720
409	720
410	720
411	720
412	720
414	720
415	720
416	720
421	720
422	720
423	720
424	720
426	720
432	720
433	720
436	720
437	720
438	720
439	720
440	720
441	720
442	720
443	720
444	720
445	720
447	720
209	721
210	721
211	721
212	721
251	721
255	721
308	721
309	721
369	721
370	721
380	721
210	722
211	722
212	722
308	722
309	722
377	722
378	722
379	722
380	722
63	753
64	753
68	753
69	753
59	754
60	754
62	754
63	754
64	754
65	754
67	754
68	754
69	754
58	755
59	755
60	755
65	755
67	755
68	755
69	755
59	756
60	756
64	756
65	756
67	756
68	756
69	756
70	756
59	757
60	757
63	757
64	757
67	757
69	757
70	757
59	758
60	758
62	758
63	758
64	758
65	758
67	758
68	758
69	758
70	758
60	759
68	759
